path,action,destination,reason
AGENTS.md,modify,AGENTS.md,standard/implementation/test alignment; no data-root migration
data/schema/submission.schema.json,modify,data/schema/submission.schema.json,standard/implementation/test alignment; no data-root migration
docs/DECISIONS.md,modify,docs/DECISIONS.md,standard/implementation/test alignment; no data-root migration
docs/M4_TRIAGE_TASK.md,modify,docs/M4_TRIAGE_TASK.md,standard/implementation/test alignment; no data-root migration
docs/REPOSITORY_REGISTER.md,modify,docs/REPOSITORY_REGISTER.md,standard/implementation/test alignment; no data-root migration
docs/inbox/submissions/README.md,modify,docs/inbox/submissions/README.md,standard/implementation/test alignment; no data-root migration
docs/local_reader/ACQUISITION_OPERATIONS.md,modify,docs/local_reader/ACQUISITION_OPERATIONS.md,standard/implementation/test alignment; no data-root migration
docs/local_reader/M4_PREFLIGHT.md,modify,docs/local_reader/M4_PREFLIGHT.md,standard/implementation/test alignment; no data-root migration
docs/local_reader/PROJECT_BRIEF.md,modify,docs/local_reader/PROJECT_BRIEF.md,standard/implementation/test alignment; no data-root migration
docs/local_reader/RUN_TO_COMPLETION.md,modify,docs/local_reader/RUN_TO_COMPLETION.md,standard/implementation/test alignment; no data-root migration
docs/reviews/2026-09-13/standards/DELIVERY.md,add,docs/reviews/2026-09-13/standards/DELIVERY.md,dated evidence; not execution instructions
docs/reviews/2026-09-13/standards/PLAN.md,add,docs/reviews/2026-09-13/standards/PLAN.md,dated evidence; not execution instructions
docs/reviews/2026-09-13/standards/POLICY_MATRIX.md,add,docs/reviews/2026-09-13/standards/POLICY_MATRIX.md,dated evidence; not execution instructions
docs/reviews/2026-09-13/standards/baseline-probes.json,add,docs/reviews/2026-09-13/standards/baseline-probes.json,dated evidence; not execution instructions
docs/reviews/2026-09-13/standards/cli-flow.json,add,docs/reviews/2026-09-13/standards/cli-flow.json,dated evidence; not execution instructions
docs/reviews/2026-09-13/standards/consumers-after.csv,add,docs/reviews/2026-09-13/standards/consumers-after.csv,dated evidence; not execution instructions
docs/reviews/2026-09-13/standards/consumers-before.json,add,docs/reviews/2026-09-13/standards/consumers-before.json,dated evidence; not execution instructions
docs/reviews/2026-09-13/standards/dependencies.json,add,docs/reviews/2026-09-13/standards/dependencies.json,dated evidence; not execution instructions
docs/reviews/2026-09-13/standards/file-changes.csv,add,docs/reviews/2026-09-13/standards/file-changes.csv,dated evidence; not execution instructions
docs/reviews/2026-09-13/standards/statistics.json,add,docs/reviews/2026-09-13/standards/statistics.json,dated evidence; not execution instructions
docs/reviews/2026-09-13/standards/verification.json,add,docs/reviews/2026-09-13/standards/verification.json,dated evidence; not execution instructions
framework/00_overview.md,modify,framework/00_overview.md,standard/implementation/test alignment; no data-root migration
framework/01_data_standards.md,modify,framework/01_data_standards.md,standard/implementation/test alignment; no data-root migration
framework/03_bom_and_collaboration.md,modify,framework/03_bom_and_collaboration.md,standard/implementation/test alignment; no data-root migration
framework/04_reading_scoring_standard.md,modify,framework/04_reading_scoring_standard.md,standard/implementation/test alignment; no data-root migration
framework/06_acquisition.md,modify,framework/06_acquisition.md,standard/implementation/test alignment; no data-root migration
framework/09_software_contracts.md,modify,framework/09_software_contracts.md,standard/implementation/test alignment; no data-root migration
framework/CURRENT.md,modify,framework/CURRENT.md,standard/implementation/test alignment; no data-root migration
framework/current_state.json,modify,framework/current_state.json,standard/implementation/test alignment; no data-root migration
framework/repository_manifest.json,modify,framework/repository_manifest.json,standard/implementation/test alignment; no data-root migration
framework/verification_contract.json,add,framework/verification_contract.json,standard/implementation/test alignment; no data-root migration
src/inresearch/interfaces/cli.py,modify,src/inresearch/interfaces/cli.py,standard/implementation/test alignment; no data-root migration
src/inresearch/interfaces/governance.py,modify,src/inresearch/interfaces/governance.py,standard/implementation/test alignment; no data-root migration
src/inresearch/interfaces/http.py,modify,src/inresearch/interfaces/http.py,standard/implementation/test alignment; no data-root migration
src/inresearch/interfaces/verification.py,add,src/inresearch/interfaces/verification.py,standard/implementation/test alignment; no data-root migration
src/inresearch/knowledge/registry.py,modify,src/inresearch/knowledge/registry.py,standard/implementation/test alignment; no data-root migration
src/inresearch/storage/files.py,modify,src/inresearch/storage/files.py,standard/implementation/test alignment; no data-root migration
src/inresearch/workflow/submissions.py,modify,src/inresearch/workflow/submissions.py,standard/implementation/test alignment; no data-root migration
tests/unit/test_commands.py,modify,tests/unit/test_commands.py,standard/implementation/test alignment; no data-root migration
tests/unit/test_intake.py,modify,tests/unit/test_intake.py,standard/implementation/test alignment; no data-root migration
tests/unit/test_research.py,modify,tests/unit/test_research.py,standard/implementation/test alignment; no data-root migration
tests/unit/test_verification_contract.py,add,tests/unit/test_verification_contract.py,standard/implementation/test alignment; no data-root migration
