project_id,region,project_name,owner,owner_type,owner_source,year,month,province,city,area_hint,phase,scale_hints,disciplines,n_files,n_drawing,n_pdf,n_office_readable,source_dir,notes
CN-DC-001,CN,中国联通湖南长沙云计算中心一期IDC机房、动力中心、动力楼、通信枢纽楼建设工程,中国联通,运营商,explicit,2016,1,湖南,长沙,,一期,动力中心；动力楼；通信枢纽楼,建筑/结构,12,0,0,1,docs/library/04_市场与研究/中文行业报告集/202L 数据中心新/2016.1 中国联通湖南长沙云计算中心一期IDC机房、动力中心、动力楼、通信枢纽楼建设工程,
CN-DC-002,CN,华为(永州)云计算数据中心设计项目,华为,互联网/科技,explicit,2016,12,湖南,永州,,,,土建/建筑/总图/消防/电气/结构/给排水,61,40,0,0,docs/library/04_市场与研究/中文行业报告集/202L 数据中心新/2016.12 华为(永州)云计算数据中心设计项目,
CN-DC-003,CN,长寿物联网应用示范基地机房工程,,,,2018,11,重庆,长寿,,,,土建/幕墙/建筑/暖通/消防/电气/结构/给排水,45,39,0,6,docs/library/04_市场与研究/中文行业报告集/202L 数据中心新/2018.11 长寿物联网应用示范基地机房工程,目录名未含可识别的业主主体
CN-DC-004,CN,中国移动（河北廊坊）数据中心二期工程,中国移动,运营商,explicit,2018,7,河北,廊坊,,二期,,土建/建筑/智能化/暖通/消防/电气/结构/给排水,36,35,0,1,docs/library/04_市场与研究/中文行业报告集/202L 数据中心新/2018.7中国移动（河北廊坊）数据中心二期工程,
CN-DC-005,CN,苏州太湖国际信息中心三期5#、6#机楼工程,,,,2019,6,江苏,苏州,,三期,5#；6#机楼工程,结构,1,0,0,0,docs/library/04_市场与研究/中文行业报告集/202L 数据中心新/2019.6 苏州太湖国际信息中心三期5#、6#机楼工程,目录名未含可识别的业主主体；目录内文件极少，可能是空壳或仅存索引
CN-DC-006,CN,重庆有线水土综合枢纽基地建设项目,有线,广电,explicit,2019,6,重庆,重庆,,,,土建/幕墙/建筑/总图/智能化/暖通/消防/电气/结构/给排水/装修,85,47,0,21,docs/library/04_市场与研究/中文行业报告集/202L 数据中心新/2019.6 重庆有线水土综合枢纽基地建设项目,
CN-DC-007,CN,中国移动南方基地二期工程二阶段项目,中国移动,运营商,explicit,2019,7,,,南方,二期二阶段,,土建/幕墙/建筑/总图/智能化/暖通/消防/电气/结构/给排水/装修/钢结构,2337,407,1700,22,docs/library/04_市场与研究/中文行业报告集/202L 数据中心新/2019.7 中国移动南方基地二期工程二阶段项目,目录名未含可识别的省市，仅能定位到大区「南方」
CN-DC-008,CN,中国电信云计算重庆基地二期工程,中国电信,运营商,explicit,2019,7,重庆,重庆,,二期,,土建/工艺/幕墙/建筑/总图/暖通/消防/电气/结构/给排水,109,67,2,26,docs/library/04_市场与研究/中文行业报告集/202L 数据中心新/2019.7中国电信云计算重庆基地二期工程,
CN-DC-009,CN,中国移动广西公司来宾综合业务接入机房工程,中国移动,运营商,explicit,2019,8,广西,来宾,,,,建筑/总图/暖通/电气/结构/给排水,22,10,2,5,docs/library/04_市场与研究/中文行业报告集/202L 数据中心新/2019.8 中国移动广西公司来宾综合业务接入机房工程,
CN-DC-010,CN,中国电信浙江公司金华林田数据中心项目,中国电信,运营商,explicit,2020,3,浙江,金华,,,,总图/消防/电气/给排水,22,22,0,0,docs/library/04_市场与研究/中文行业报告集/202L 数据中心新/2020.3 中国电信浙江公司金华林田数据中心项目,
CN-DC-011,CN,大数据应用工厂项目,,,,2020,4,,,,,,土建/建筑/总图/暖通/消防/电气/结构/给排水/装修,19,7,0,2,docs/library/04_市场与研究/中文行业报告集/202L 数据中心新/2020.4 大数据应用工厂项目,目录名未含可识别的业主主体；目录名未含可识别的省市
CN-DC-012,CN,大数据安全产业示范基地及国家大数据安全靶场（数据区）,,,,2020,5,,,,,,建筑/总图/暖通/消防/电气/结构/给排水,1179,1100,0,31,docs/library/04_市场与研究/中文行业报告集/202L 数据中心新/2020.5 大数据安全产业示范基地及国家大数据安全靶场（数据区）,目录名未含可识别的业主主体；目录名未含可识别的省市
CN-DC-013,CN,福建广电网络莆田NGB业务中心（机房）,广电网络,广电,explicit,2020,7,福建,莆田,,,,建筑/暖通/电气/结构,10,10,0,0,docs/library/04_市场与研究/中文行业报告集/202L 数据中心新/2020.7 福建广电网络莆田NGB业务中心（机房）,
CN-DC-014,CN,福建广电网络莆田NGB业务中心（机房）,广电网络,广电,explicit,2020,7,福建,莆田,,,,建筑,6,0,0,2,docs/library/04_市场与研究/中文行业报告集/202L 数据中心新/2020.7福建广电网络莆田NGB业务中心（机房）,
CN-DC-015,CN,六安电信信息化中心和六安电信云计算数据中心项目,中国电信,运营商,inferred,2021,1,安徽,六安,,,,幕墙/建筑/总图/暖通/电气/结构,102,59,7,7,docs/library/04_市场与研究/中文行业报告集/202L 数据中心新/2021.1 六安电信信息化中心和六安电信云计算数据中心项目,
CN-DC-016,CN,六安电信信息化中心和六安电信云计算数据中心项目,中国电信,运营商,inferred,2022,1,安徽,六安,,,,土建/幕墙/电气/给排水,37,0,0,2,docs/library/04_市场与研究/中文行业报告集/202L 数据中心新/2022.1 六安电信信息化中心和六安电信云计算数据中心项目,
CN-DC-017,CN,中国移动（重庆）江南数据中心建设项目（一期）,中国移动,运营商,explicit,2022,11,重庆,重庆,,（一期）,,土建/工艺/幕墙/建筑/总图/智能化/暖通/消防/电气/结构/给排水/装修,302,168,14,75,docs/library/04_市场与研究/中文行业报告集/202L 数据中心新/2022.11 中国移动（重庆）江南数据中心建设项目（一期）,
CN-DC-018,CN,中国移动粤港澳（广州）通信机楼二期工程,中国移动,运营商,explicit,2022,1,广东,广州,,二期,,土建/建筑/总图/智能化/暖通/消防/电气/结构/给排水,287,49,49,15,docs/library/04_市场与研究/中文行业报告集/202L 数据中心新/2022.1中国移动粤港澳（广州）通信机楼二期工程,
CN-DC-019,CN,广西桂北云计算产业园一期项目通信机楼土建工程,,,,2023,1,广西,桂北,,一期,,土建/建筑/智能化/消防/电气/结构/给排水/装修,23,14,0,3,docs/library/04_市场与研究/中文行业报告集/202L 数据中心新/2023.1广西桂北云计算产业园一期项目通信机楼土建工程,目录名未含可识别的业主主体
CN-DC-020,CN,中国移动（济宁）数据中心,中国移动,运营商,explicit,2023,2,山东,济宁,,,,土建/工艺/建筑/总图/暖通/消防/电气/结构/给排水,51,23,21,1,docs/library/04_市场与研究/中文行业报告集/202L 数据中心新/2023.2 中国移动（济宁）数据中心,
CN-DC-021,CN,宁德市大数据产业园及基础配套设施项目（一期）IT云平台,,,,2023,3,福建,宁德,,（一期）,,,10,2,0,2,docs/library/04_市场与研究/中文行业报告集/202L 数据中心新/2023.3  宁德市大数据产业园及基础配套设施项目（一期）IT云平台,目录名未含可识别的业主主体
CN-DC-022,CN,定兴县公安局智慧乡村、小区与指挥系统智慧化项目-机房,公安局,政府/公共,explicit,2023,4,河北,定兴,,,,土建/建筑/暖通/电气/结构/给排水/装修,70,6,50,2,docs/library/04_市场与研究/中文行业报告集/202L 数据中心新/2023.4 定兴县公安局智慧乡村、小区与指挥系统智慧化项目-机房,
CN-DC-023,CN,中国电信浙江公司金华婺城数据中心项目,中国电信,运营商,explicit,2023,8,浙江,金华,,,,幕墙/总图/智能化/消防/结构/给排水,43,34,0,1,docs/library/04_市场与研究/中文行业报告集/202L 数据中心新/2023.8中国电信浙江公司金华婺城数据中心项目,
CN-DC-024,CN,安庆高铁新区高光谱卫星数据中心及卫星制造产线项目工业厂房-1#厂房,,,,2024,11,安徽,安庆,,,1#厂房；工业厂房,,7,0,0,1,docs/library/04_市场与研究/中文行业报告集/202L 数据中心新/2024.11 安庆高铁新区高光谱卫星数据中心及卫星制造产线项目工业厂房-1#厂房,目录名未含可识别的业主主体
CN-DC-025,CN,计算科学与大数据产业园建设项目（二期）DF,,,,2024,11,,,,（二期）,,暖通/消防/电气/给排水,17,0,17,0,docs/library/04_市场与研究/中文行业报告集/202L 数据中心新/2024.11 计算科学与大数据产业园建设项目（二期）DF,目录名未含可识别的业主主体；目录名未含可识别的省市
CN-DC-026,CN,中国移动（福建南平）延平通信枢纽楼,中国移动,运营商,explicit,2024,12,福建,南平,,,通信枢纽楼,土建/幕墙/建筑/总图/智能化/暖通/消防/电气/结构/给排水/装修,205,22,165,1,docs/library/04_市场与研究/中文行业报告集/202L 数据中心新/2024.12 中国移动（福建南平）延平通信枢纽楼,
CN-DC-027,CN,中国联通茂名新建通信局房项目一期（中国联通茂名5G边缘计算中心（一期））初设深度,中国联通,运营商,explicit,2024,12,广东,茂名,,一期（一期）,,,5,0,0,0,docs/library/04_市场与研究/中文行业报告集/202L 数据中心新/2024.12 中国联通茂名新建通信局房项目一期（中国联通茂名5G边缘计算中心（一期））初设深度,
CN-DC-028,CN,国家工业信息安全发展研究中心•华南分中心星河东悦汇载体项目,国家工业信息安全发展研究中心,政府/公共,explicit,2024,2,,,华南,,,暖通/消防/电气,13,7,1,1,docs/library/04_市场与研究/中文行业报告集/202L 数据中心新/2024.2 国家工业信息安全发展研究中心•华南分中心星河东悦汇载体项目,目录名未含可识别的省市，仅能定位到大区「华南」
CN-DC-029,CN,重庆移动忠县分公司生产调度用房建设项目 机房楼,重庆移动,运营商,explicit,2024,3,重庆,重庆,,,机房楼,土建/工艺/幕墙/建筑/总图/暖通/机房工艺/消防/电气/结构/给排水/装修,243,88,16,82,docs/library/04_市场与研究/中文行业报告集/202L 数据中心新/2024.3 重庆移动忠县分公司生产调度用房建设项目 机房楼,
CN-DC-030,CN,中国电信重庆公司科学城数据中心运维楼土建项目,中国电信,运营商,explicit,2024,7,重庆,重庆,,,运维楼,土建/幕墙/建筑/总图/暖通/电气/结构/给排水,58,31,5,4,docs/library/04_市场与研究/中文行业报告集/202L 数据中心新/2024.7 中国电信重庆公司科学城数据中心运维楼土建项目,
CN-DC-031,CN,中国建设银行浙江省分行档案数据中心项目DF,中国建设银行,金融,explicit,2024,8,浙江,,,,,工艺/幕墙/建筑/总图/智能化/暖通/消防/电气/结构/给排水/装修,837,830,0,0,docs/library/04_市场与研究/中文行业报告集/202L 数据中心新/2024.8 中国建设银行浙江省分行档案数据中心项目DF,
CN-DC-032,CN,中国电信云计算重庆基地项目（四期）土建,中国电信,运营商,explicit,2024,8,重庆,重庆,,（四期）,,土建/建筑/总图/暖通/电气/结构/给排水,51,36,2,1,docs/library/04_市场与研究/中文行业报告集/202L 数据中心新/2024.8 中国电信云计算重庆基地项目（四期）土建,
CN-DC-033,CN,中国移动衢州双港通信枢纽建设项目（一期）,中国移动,运营商,explicit,2024,9,浙江,衢州,,（一期）,,土建/工艺/幕墙/建筑/总图/智能化/暖通/消防/电气/结构/给排水,177,72,75,2,docs/library/04_市场与研究/中文行业报告集/202L 数据中心新/2024.9 中国移动衢州双港通信枢纽建设项目（一期）,
CN-DC-034,CN,中国联通（怀来）大数据创新产业园项目（DC4、DC5土建新建工程）,中国联通,运营商,explicit,2025,2,河北,怀来,,,DC4、DC5,土建/建筑/总图/智能化/暖通/电气/结构/给排水,34,0,34,0,docs/library/04_市场与研究/中文行业报告集/202L 数据中心新/2025.2 中国联通（怀来）大数据创新产业园项目（DC4、DC5土建新建工程）,
CN-DC-035,CN,产业园大数据中心建设项目,,,,2025,2,,,,,,暖通/消防/电气/给排水/装修,22,20,0,0,docs/library/04_市场与研究/中文行业报告集/202L 数据中心新/2025.2 产业园大数据中心建设项目,目录名未含可识别的业主主体；目录名未含可识别的省市
CN-DC-036,CN,黄岩区大闸路以东、永丰路以北地块建设工程（电信置换项目）,中国电信,运营商,inferred,2025,2,浙江,黄岩,,,,总图/消防/结构,44,37,0,7,docs/library/04_市场与研究/中文行业报告集/202L 数据中心新/2025.2 黄岩区大闸路以东、永丰路以北地块建设工程（电信置换项目）,
CN-DC-037,CN,全国一体化工业大数据山东云中心省会经济圈区域分中心项目1号楼、1a地下室、2-A号楼、2-B号,,,,2025,3,山东,,,,1a地下室；1号楼,建筑/暖通/消防/电气/结构/给排水,51,36,2,0,docs/library/04_市场与研究/中文行业报告集/202L 数据中心新/2025.3 全国一体化工业大数据山东云中心省会经济圈区域分中心项目1号楼、1a地下室、2-A号楼、2-B号,目录名未含可识别的业主主体
CN-DC-038,CN,汶川县财政片区更新改造项目和阿坝州汶川县新型智慧城市建设项目(城市运营中心机房),,,,2025,3,四川,汶川,,,,幕墙/建筑/总图/暖通/电气/结构/给排水,136,111,0,1,docs/library/04_市场与研究/中文行业报告集/202L 数据中心新/2025.3 汶川县财政片区更新改造项目和阿坝州汶川县新型智慧城市建设项目(城市运营中心机房),目录名未含可识别的业主主体
CN-DC-039,CN,南安市供电公司备用调度指挥数据中心DF,供电公司,电力,explicit,2025,4,福建,南安,,,,幕墙/建筑/智能化/暖通/消防/电气/结构/给排水,403,0,394,3,docs/library/04_市场与研究/中文行业报告集/202L 数据中心新/2025.4 南安市供电公司备用调度指挥数据中心DF,
CN-DC-040,CN,成都华微高端集成电路研发及产业基地数据机房项目,华微,制造业,explicit,2025,7,四川,成都,,,数据机房,,6,1,1,1,docs/library/04_市场与研究/中文行业报告集/202L 数据中心新/2025.7 成都华微高端集成电路研发及产业基地数据机房项目,
