path,category,owner,reason,consumers
docs/reviews/2026-09-13/architecture/DELIVERY.md,docs_other_text,docs,audit evidence,
docs/reviews/2026-09-13/architecture/README.md,docs_other_text,docs,audit evidence,
docs/reviews/2026-09-13/architecture/after.json,data_config_registry,docs,audit evidence,
docs/reviews/2026-09-13/architecture/audit.py,owned_source,docs,audit evidence,
docs/reviews/2026-09-13/architecture/baseline-result-divergence.json,data_config_registry,docs,audit evidence,
docs/reviews/2026-09-13/architecture/baseline.json,data_config_registry,docs,audit evidence,
docs/reviews/2026-09-13/architecture/consumers.csv,data_config_registry,docs,audit evidence,
docs/reviews/2026-09-13/architecture/dependency-audit.json,data_config_registry,docs,audit evidence,
docs/reviews/2026-09-13/architecture/external-consumers.csv,data_config_registry,docs,audit evidence,
docs/reviews/2026-09-13/architecture/file-migration.csv,data_config_registry,docs,audit evidence,
docs/reviews/2026-09-13/architecture/legacy-removal.csv,data_config_registry,docs,audit evidence,
docs/reviews/2026-09-13/architecture/new-files.csv,data_config_registry,docs,audit evidence,
docs/reviews/2026-09-13/architecture/provenance-debt.csv,data_config_registry,docs,audit evidence,
docs/reviews/2026-09-13/architecture/public-consumers.csv,data_config_registry,docs,audit evidence,
docs/reviews/2026-09-13/architecture/real-reader-flow.json,data_config_registry,docs,audit evidence,
docs/reviews/2026-09-13/architecture/shared-implementations.csv,data_config_registry,docs,audit evidence,
docs/reviews/2026-09-13/architecture/source-reference-debt.csv,data_config_registry,docs,audit evidence,
docs/reviews/2026-09-13/architecture/verification.json,data_config_registry,docs,audit evidence,
framework/09_software_contracts.md,docs_other_text,framework,new responsibility or verification; see DELIVERY.md,
manage.py,owned_source,manage.py,new responsibility or verification; see DELIVERY.md,
src/inresearch/__init__.py,owned_source,__init__.py,new responsibility or verification; see DELIVERY.md,
src/inresearch/__main__.py,owned_source,__main__.py,new responsibility or verification; see DELIVERY.md,
src/inresearch/adapters/__init__.py,owned_source,adapters,new responsibility or verification; see DELIVERY.md,
src/inresearch/adapters/office_biff.py,owned_source,adapters,new responsibility or verification; see DELIVERY.md,src/inresearch/adapters/office.py;tests/unit/test_m4_office_text.py
src/inresearch/adapters/office_container.py,owned_source,adapters,new responsibility or verification; see DELIVERY.md,src/inresearch/adapters/office.py;src/inresearch/adapters/office_biff.py;src/inresearch/adapters/office_ppt.py;tests/unit/test_m4_office_text.py;tests/unit/test_m4_redo_reads.py
src/inresearch/adapters/office_grid.py,owned_source,adapters,new responsibility or verification; see DELIVERY.md,src/inresearch/adapters/office.py;src/inresearch/adapters/office_biff.py;src/inresearch/adapters/office_ooxml.py;src/inresearch/adapters/office_ppt.py;tests/unit/test_m4_l2.py;tests/unit/test_m4_office_text.py
src/inresearch/adapters/office_ooxml.py,owned_source,adapters,new responsibility or verification; see DELIVERY.md,src/inresearch/adapters/office.py
src/inresearch/adapters/office_ppt.py,owned_source,adapters,new responsibility or verification; see DELIVERY.md,src/inresearch/adapters/office.py;tests/unit/test_m4_office_text.py
src/inresearch/adapters/reader_model.py,owned_source,adapters,new responsibility or verification; see DELIVERY.md,src/inresearch/delivery/publish.py;src/inresearch/interfaces/reader.py;src/inresearch/workflow/reader.py;tests/unit/test_continuous_reader.py;tests/unit/test_model_runtime.py
src/inresearch/delivery/__init__.py,owned_source,delivery,new responsibility or verification; see DELIVERY.md,
src/inresearch/delivery/reader_export.py,owned_source,delivery,new responsibility or verification; see DELIVERY.md,src/inresearch/workflow/reader.py
src/inresearch/delivery/reading_packet.py,owned_source,delivery,new responsibility or verification; see DELIVERY.md,src/inresearch/workflow/deep_read.py
src/inresearch/interfaces/__init__.py,owned_source,interfaces,new responsibility or verification; see DELIVERY.md,
src/inresearch/interfaces/cli.py,owned_source,interfaces,new responsibility or verification; see DELIVERY.md,.github/workflows/validate.yml;AGENTS.md;README.md;deploy/Dockerfile;deploy/README.md;deploy/spark-reader/inresearch-material-intake.service;deploy/spark-reader/inresearch-news.service;deploy/spark-reader/inresearch-reader-publish.service;deploy/spark-reader/inresearch-reader.service;deploy/spark-reader/install.sh;docs/LIBRARY_INDEX.md;docs/M4_TRIAGE_TASK.md;docs/REPOSITORY_REGISTER.md;docs/inbox/facts_candidates/README.md;docs/inbox/submissions/README.md;docs/local_reader/ACQUISITION_OPERATIONS.md;docs/local_reader/M4_LOCAL_READER.md;docs/local_reader/M4_PREFLIGHT.md;docs/local_reader/M4_TRIAGE_RUNBOOK.md;docs/local_reader/SPARK_OPERATIONS.md;docs/local_setup/ADD_3D_MODEL.md;docs/local_setup/PRODUCT_LIBRARY.md;docs/local_setup/README.md;docs/local_setup/sync.sh;framework/08_model_execution.md;manage.py;reports/HOW_TO_OUTPUT.md;reports/verify_queue.md;reports/workorders.json;reports/workorders.md;src/inresearch/__main__.py;src/inresearch/adapters/asset_check.py;src/inresearch/adapters/asset_compare.py;src/inresearch/adapters/asset_download.py;src/inresearch/adapters/historical_brief.py;src/inresearch/adapters/ocr_worker.py;src/inresearch/delivery/export.py;src/inresearch/delivery/library_index.py;src/inresearch/delivery/map.py;src/inresearch/delivery/reading_packet.py;src/inresearch/interfaces/governance.py;src/inresearch/interfaces/http.py;src/inresearch/interfaces/users.py;src/inresearch/knowledge/company_ids.py;src/inresearch/knowledge/coverage.py;src/inresearch/knowledge/facts.py;src/inresearch/knowledge/indicators.py;src/inresearch/knowledge/validate.py;src/inresearch/knowledge/verify.py;src/inresearch/materials/library.py;src/inresearch/materials/repair_paths.py;src/inresearch/workflow/submissions.py;src/inresearch/workflow/workorders.py;tests/ui_skin.cjs;tests/unit/test_commands.py;tests/unit/test_m4_triage.py;web/assets/models/manifest.json
src/inresearch/interfaces/pages.py,owned_source,interfaces,new responsibility or verification; see DELIVERY.md,src/inresearch/interfaces/http.py;tests/unit/test_interface_system.py
src/inresearch/interfaces/reader.py,owned_source,interfaces,new responsibility or verification; see DELIVERY.md,src/inresearch/interfaces/cli.py
src/inresearch/interfaces/static.py,owned_source,interfaces,new responsibility or verification; see DELIVERY.md,src/inresearch/interfaces/http.py
src/inresearch/knowledge/__init__.py,owned_source,knowledge,new responsibility or verification; see DELIVERY.md,
src/inresearch/knowledge/fact_contract.py,owned_source,knowledge,new responsibility or verification; see DELIVERY.md,src/inresearch/knowledge/facts.py;src/inresearch/workflow/deep_read.py
src/inresearch/materials/__init__.py,owned_source,materials,new responsibility or verification; see DELIVERY.md,
src/inresearch/materials/artifacts.py,owned_source,materials,new responsibility or verification; see DELIVERY.md,src/inresearch/adapters/ocr_worker.py;src/inresearch/adapters/reader_model.py;src/inresearch/delivery/publish.py;src/inresearch/delivery/reader_export.py;src/inresearch/interfaces/reader.py;src/inresearch/materials/triage.py;src/inresearch/workflow/deep_read.py;src/inresearch/workflow/reader.py;src/inresearch/workflow/reading_stages.py;tests/unit/test_continuous_reader.py
src/inresearch/materials/naming.py,owned_source,materials,new responsibility or verification; see DELIVERY.md,src/inresearch/materials/triage.py
src/inresearch/materials/reader_contracts.py,owned_source,materials,new responsibility or verification; see DELIVERY.md,src/inresearch/adapters/reader_model.py;src/inresearch/delivery/reader_export.py;src/inresearch/interfaces/reader.py;src/inresearch/materials/artifacts.py;src/inresearch/workflow/reader.py;src/inresearch/workflow/reading_stages.py;tests/unit/test_continuous_reader.py
src/inresearch/materials/triage.py,owned_source,materials,new responsibility or verification; see DELIVERY.md,src/inresearch/materials/mapping.py;src/inresearch/materials/organize.py;src/inresearch/workflow/attribution.py;src/inresearch/workflow/deep_read.py;src/inresearch/workflow/progress.py;src/inresearch/workflow/score.py;src/inresearch/workflow/terminal_batch.py;src/inresearch/workflow/triage.py;tests/unit/test_m4_redo_reads.py;tests/unit/test_m4_triage.py;tests/unit/test_m4_triage_apply.py;tests/unit/test_m4_triage_export.py;tests/unit/test_m4_triage_extract.py;tests/unit/test_m4_triage_local.py;tests/unit/test_m4_triage_report.py;tests/unit/test_m4_triage_versions.py;tests/unit/test_model_runtime.py
src/inresearch/paths.py,owned_source,paths.py,new responsibility or verification; see DELIVERY.md,src/inresearch/adapters/acquisition.py;src/inresearch/adapters/asset_check.py;src/inresearch/adapters/asset_compare.py;src/inresearch/adapters/asset_download.py;src/inresearch/adapters/historical_brief.py;src/inresearch/adapters/models.py;src/inresearch/delivery/export.py;src/inresearch/delivery/library_index.py;src/inresearch/delivery/map.py;src/inresearch/delivery/report.py;src/inresearch/interfaces/auth.py;src/inresearch/interfaces/cli.py;src/inresearch/interfaces/governance.py;src/inresearch/interfaces/http.py;src/inresearch/interfaces/pages.py;src/inresearch/interfaces/static.py;src/inresearch/knowledge/company_ids.py;src/inresearch/knowledge/coverage.py;src/inresearch/knowledge/facts.py;src/inresearch/knowledge/indicators.py;src/inresearch/knowledge/policy.py;src/inresearch/knowledge/registry.py;src/inresearch/knowledge/validate.py;src/inresearch/knowledge/verify.py;src/inresearch/materials/inbox.py;src/inresearch/materials/library.py;src/inresearch/materials/repair_paths.py;src/inresearch/materials/scan_candidates.py;src/inresearch/materials/triage.py;src/inresearch/workflow/deep_read.py;src/inresearch/workflow/reader.py;src/inresearch/workflow/reading_queue.py;src/inresearch/workflow/submissions.py;src/inresearch/workflow/workorders.py;tests/unit/test_catalog_bridge.py;tests/unit/test_display_regressions.py;tests/unit/test_interface_system.py;tests/unit/test_publish_reader.py;tests/unit/test_research_navigation.py
src/inresearch/storage/__init__.py,owned_source,storage,new responsibility or verification; see DELIVERY.md,
src/inresearch/storage/catalog.py,owned_source,storage,new responsibility or verification; see DELIVERY.md,src/inresearch/workflow/reader.py
src/inresearch/storage/files.py,owned_source,storage,new responsibility or verification; see DELIVERY.md,src/inresearch/adapters/acquisition.py;src/inresearch/adapters/historical_brief.py;src/inresearch/knowledge/company_ids.py;src/inresearch/knowledge/indicators.py;src/inresearch/knowledge/registry.py;src/inresearch/materials/artifacts.py;src/inresearch/materials/inbox.py;src/inresearch/materials/library.py;src/inresearch/storage/jsonl.py;src/inresearch/workflow/commands.py;src/inresearch/workflow/deep_read.py;tests/unit/test_commands.py;tests/unit/test_http_workflow.py
src/inresearch/workflow/__init__.py,owned_source,workflow,new responsibility or verification; see DELIVERY.md,
src/inresearch/workflow/commands.py,owned_source,workflow,new responsibility or verification; see DELIVERY.md,src/inresearch/interfaces/cli.py;src/inresearch/interfaces/http.py;tests/unit/test_commands.py
src/inresearch/workflow/reading_stages.py,owned_source,workflow,new responsibility or verification; see DELIVERY.md,src/inresearch/workflow/reader.py
tests/part_dossier.cjs,tests,tests,new responsibility or verification; see DELIVERY.md,
tests/unit/test_commands.py,tests,tests,new responsibility or verification; see DELIVERY.md,
tests/unit/test_http_workflow.py,tests,tests,new responsibility or verification; see DELIVERY.md,
tests/unit/test_result_versions.py,tests,tests,new responsibility or verification; see DELIVERY.md,
web/components/auth-form.js,owned_source,web,new responsibility or verification; see DELIVERY.md,web/pages/auth/layout.html;web/routes.json
web/components/auth.css,owned_source,web,new responsibility or verification; see DELIVERY.md,web/pages/auth/layout.html;web/routes.json
web/components/part-dossier.js,owned_source,web,new responsibility or verification; see DELIVERY.md,web/pages/bom3d.html;web/pages/rack3d.html;web/routes.json
web/components/part-inspector.js,owned_source,web,new responsibility or verification; see DELIVERY.md,web/pages/bom3d.html;web/pages/rack3d.html;web/routes.json
web/components/series-summary.js,owned_source,web,new responsibility or verification; see DELIVERY.md,web/components/part-dossier.js;web/pages/bom3d.html;web/routes.json
web/pages/auth/forbidden.html,owned_source,web,new responsibility or verification; see DELIVERY.md,
web/pages/auth/layout.html,owned_source,web,new responsibility or verification; see DELIVERY.md,
web/pages/auth/login.html,owned_source,web,new responsibility or verification; see DELIVERY.md,
web/pages/auth/password.html,owned_source,web,new responsibility or verification; see DELIVERY.md,
web/routes.json,data_config_registry,web,new responsibility or verification; see DELIVERY.md,
web/themes/preference.js,owned_source,web,new responsibility or verification; see DELIVERY.md,web/components/site-shell.js;web/pages/admin/product/index.html;web/pages/auth/layout.html;web/pages/bom.html;web/pages/bom3d.html;web/pages/company.html;web/pages/compare.html;web/pages/doc.html;web/pages/index.html;web/pages/materials.html;web/pages/ops.html;web/pages/rack3d.html;web/pages/report.html;web/pages/research.html;web/pages/team.html;web/routes.json
