implementation,consumers,consumer_count,status
src/inresearch/__main__.py,,0,module entry/internal only; no observed external repo import
src/inresearch/adapters/acquisition.py,src/inresearch/adapters/news_sync.py;src/inresearch/delivery/backup.py;src/inresearch/delivery/publish.py;src/inresearch/interfaces/cli.py;tests/unit/test_acquisition.py;tests/unit/test_datacenter_news.py;tests/unit/test_news_projection.py,7,all statically observed repo consumers listed
src/inresearch/adapters/asset_check.py,src/inresearch/interfaces/cli.py,1,all statically observed repo consumers listed
src/inresearch/adapters/asset_compare.py,src/inresearch/interfaces/cli.py,1,all statically observed repo consumers listed
src/inresearch/adapters/asset_download.py,src/inresearch/interfaces/cli.py,1,all statically observed repo consumers listed
src/inresearch/adapters/historical_brief.py,src/inresearch/interfaces/cli.py,1,all statically observed repo consumers listed
src/inresearch/adapters/models.py,src/inresearch/adapters/ocr_worker.py;src/inresearch/adapters/reader_model.py;src/inresearch/interfaces/cli.py;src/inresearch/interfaces/reader.py;src/inresearch/workflow/attribution.py;src/inresearch/workflow/reader.py;src/inresearch/workflow/score.py;src/inresearch/workflow/triage.py;tests/unit/test_model_runtime.py,9,all statically observed repo consumers listed
src/inresearch/adapters/news_projection.py,src/inresearch/adapters/acquisition.py;tests/unit/test_datacenter_news.py;tests/unit/test_news_projection.py,3,all statically observed repo consumers listed
src/inresearch/adapters/news_sync.py,src/inresearch/interfaces/cli.py;tests/unit/test_news_projection.py,2,all statically observed repo consumers listed
src/inresearch/adapters/ocr_worker.py,src/inresearch/interfaces/cli.py,1,all statically observed repo consumers listed
src/inresearch/adapters/office.py,src/inresearch/delivery/reading_packet.py;src/inresearch/materials/triage.py;src/inresearch/workflow/terminal_batch.py;tests/unit/test_m4_office_text.py;tests/unit/test_m4_redo_reads.py,5,all statically observed repo consumers listed
src/inresearch/adapters/office_biff.py,src/inresearch/adapters/office.py;tests/unit/test_m4_office_text.py,2,all statically observed repo consumers listed
src/inresearch/adapters/office_container.py,src/inresearch/adapters/office.py;src/inresearch/adapters/office_biff.py;src/inresearch/adapters/office_ppt.py;tests/unit/test_m4_office_text.py;tests/unit/test_m4_redo_reads.py,5,all statically observed repo consumers listed
src/inresearch/adapters/office_grid.py,src/inresearch/adapters/office.py;src/inresearch/adapters/office_biff.py;src/inresearch/adapters/office_ooxml.py;src/inresearch/adapters/office_ppt.py;tests/unit/test_m4_l2.py;tests/unit/test_m4_office_text.py,6,all statically observed repo consumers listed
src/inresearch/adapters/office_ooxml.py,src/inresearch/adapters/office.py,1,all statically observed repo consumers listed
src/inresearch/adapters/office_ppt.py,src/inresearch/adapters/office.py;tests/unit/test_m4_office_text.py,2,all statically observed repo consumers listed
src/inresearch/adapters/reader_model.py,src/inresearch/delivery/publish.py;src/inresearch/interfaces/reader.py;src/inresearch/workflow/reader.py;tests/unit/test_continuous_reader.py;tests/unit/test_model_runtime.py,5,all statically observed repo consumers listed
src/inresearch/delivery/acquisition_status.py,src/inresearch/interfaces/cli.py,1,all statically observed repo consumers listed
src/inresearch/delivery/backup.py,src/inresearch/interfaces/cli.py;tests/unit/test_datacenter_news.py,2,all statically observed repo consumers listed
src/inresearch/delivery/export.py,src/inresearch/interfaces/cli.py;tests/unit/test_research.py,2,all statically observed repo consumers listed
src/inresearch/delivery/library_index.py,src/inresearch/interfaces/cli.py,1,all statically observed repo consumers listed
src/inresearch/delivery/map.py,src/inresearch/interfaces/cli.py,1,all statically observed repo consumers listed
src/inresearch/delivery/publish.py,src/inresearch/interfaces/cli.py;tests/unit/test_publish_reader.py,2,all statically observed repo consumers listed
src/inresearch/delivery/reader_export.py,src/inresearch/workflow/reader.py,1,all statically observed repo consumers listed
src/inresearch/delivery/reader_status.py,src/inresearch/interfaces/cli.py,1,all statically observed repo consumers listed
src/inresearch/delivery/reading_packet.py,src/inresearch/workflow/deep_read.py,1,all statically observed repo consumers listed
src/inresearch/delivery/report.py,src/inresearch/delivery/export.py;src/inresearch/interfaces/http.py;tests/unit/test_report_model.py,3,all statically observed repo consumers listed
src/inresearch/interfaces/auth.py,src/inresearch/interfaces/http.py;src/inresearch/interfaces/users.py;tests/unit/test_auth.py;tests/unit/test_http_workflow.py;tests/unit/test_interface_system.py,5,all statically observed repo consumers listed
src/inresearch/interfaces/cli.py,.github/workflows/validate.yml;AGENTS.md;README.md;deploy/Dockerfile;deploy/README.md;deploy/spark-reader/inresearch-material-intake.service;deploy/spark-reader/inresearch-news.service;deploy/spark-reader/inresearch-reader-publish.service;deploy/spark-reader/inresearch-reader.service;deploy/spark-reader/install.sh;docs/LIBRARY_INDEX.md;docs/M4_TRIAGE_TASK.md;docs/REPOSITORY_REGISTER.md;docs/inbox/facts_candidates/README.md;docs/inbox/submissions/README.md;docs/local_reader/ACQUISITION_OPERATIONS.md;docs/local_reader/M4_LOCAL_READER.md;docs/local_reader/M4_PREFLIGHT.md;docs/local_reader/M4_TRIAGE_RUNBOOK.md;docs/local_reader/SPARK_OPERATIONS.md;docs/local_setup/ADD_3D_MODEL.md;docs/local_setup/PRODUCT_LIBRARY.md;docs/local_setup/README.md;docs/local_setup/sync.sh;framework/08_model_execution.md;manage.py;reports/HOW_TO_OUTPUT.md;reports/verify_queue.md;reports/workorders.json;reports/workorders.md;src/inresearch/__main__.py;src/inresearch/adapters/asset_check.py;src/inresearch/adapters/asset_compare.py;src/inresearch/adapters/asset_download.py;src/inresearch/adapters/historical_brief.py;src/inresearch/adapters/ocr_worker.py;src/inresearch/delivery/export.py;src/inresearch/delivery/library_index.py;src/inresearch/delivery/map.py;src/inresearch/delivery/reading_packet.py;src/inresearch/interfaces/governance.py;src/inresearch/interfaces/http.py;src/inresearch/interfaces/users.py;src/inresearch/knowledge/company_ids.py;src/inresearch/knowledge/coverage.py;src/inresearch/knowledge/facts.py;src/inresearch/knowledge/indicators.py;src/inresearch/knowledge/validate.py;src/inresearch/knowledge/verify.py;src/inresearch/materials/library.py;src/inresearch/materials/repair_paths.py;src/inresearch/workflow/submissions.py;src/inresearch/workflow/workorders.py;tests/ui_skin.cjs;tests/unit/test_commands.py;tests/unit/test_m4_triage.py;web/assets/models/manifest.json,57,all statically observed repo consumers listed
src/inresearch/interfaces/governance.py,src/inresearch/interfaces/cli.py;tests/unit/test_governance.py,2,all statically observed repo consumers listed
src/inresearch/interfaces/http.py,src/inresearch/interfaces/cli.py;tests/unit/test_commands.py;tests/unit/test_http_workflow.py;tests/unit/test_interface_system.py;tests/unit/test_research.py,5,all statically observed repo consumers listed
src/inresearch/interfaces/pages.py,src/inresearch/interfaces/http.py;tests/unit/test_interface_system.py,2,all statically observed repo consumers listed
src/inresearch/interfaces/reader.py,src/inresearch/interfaces/cli.py,1,all statically observed repo consumers listed
src/inresearch/interfaces/static.py,src/inresearch/interfaces/http.py,1,all statically observed repo consumers listed
src/inresearch/interfaces/users.py,src/inresearch/interfaces/cli.py,1,all statically observed repo consumers listed
src/inresearch/knowledge/company_ids.py,src/inresearch/interfaces/cli.py,1,all statically observed repo consumers listed
src/inresearch/knowledge/coverage.py,src/inresearch/interfaces/cli.py,1,all statically observed repo consumers listed
src/inresearch/knowledge/fact_contract.py,src/inresearch/knowledge/facts.py;src/inresearch/workflow/deep_read.py,2,all statically observed repo consumers listed
src/inresearch/knowledge/facts.py,src/inresearch/interfaces/cli.py;tests/unit/test_display_regressions.py;tests/unit/test_m4_l2.py,3,all statically observed repo consumers listed
src/inresearch/knowledge/indicators.py,src/inresearch/interfaces/cli.py;src/inresearch/workflow/commands.py,2,all statically observed repo consumers listed
src/inresearch/knowledge/navigation.py,src/inresearch/knowledge/registry.py;tests/unit/test_research_navigation.py,2,all statically observed repo consumers listed
src/inresearch/knowledge/news_policy.py,src/inresearch/adapters/acquisition.py;src/inresearch/adapters/news_projection.py;tests/unit/test_news_projection.py,3,all statically observed repo consumers listed
src/inresearch/knowledge/policy.py,src/inresearch/knowledge/validate.py;src/inresearch/knowledge/verify.py;src/inresearch/workflow/commands.py;tests/unit/test_governance.py,4,all statically observed repo consumers listed
src/inresearch/knowledge/registry.py,src/inresearch/delivery/acquisition_status.py;src/inresearch/delivery/reader_status.py;src/inresearch/interfaces/cli.py;src/inresearch/interfaces/http.py;src/inresearch/workflow/commands.py;src/inresearch/workflow/reading_queue.py;src/inresearch/workflow/workorders.py;tests/unit/test_catalog_bridge.py;tests/unit/test_continuous_reader.py;tests/unit/test_report_model.py;tests/unit/test_research.py,11,all statically observed repo consumers listed
src/inresearch/knowledge/validate.py,src/inresearch/interfaces/cli.py,1,all statically observed repo consumers listed
src/inresearch/knowledge/verify.py,src/inresearch/adapters/historical_brief.py;src/inresearch/interfaces/cli.py,2,all statically observed repo consumers listed
src/inresearch/materials/artifacts.py,src/inresearch/adapters/ocr_worker.py;src/inresearch/adapters/reader_model.py;src/inresearch/delivery/publish.py;src/inresearch/delivery/reader_export.py;src/inresearch/interfaces/reader.py;src/inresearch/materials/triage.py;src/inresearch/workflow/deep_read.py;src/inresearch/workflow/reader.py;src/inresearch/workflow/reading_stages.py;tests/unit/test_continuous_reader.py,10,all statically observed repo consumers listed
src/inresearch/materials/inbox.py,src/inresearch/interfaces/http.py;src/inresearch/materials/receive.py;tests/unit/test_material_intake.py,3,all statically observed repo consumers listed
src/inresearch/materials/inventory.py,src/inresearch/interfaces/cli.py;tests/unit/test_m4_triage.py,2,all statically observed repo consumers listed
src/inresearch/materials/library.py,src/inresearch/interfaces/cli.py;tests/unit/test_product_library.py,2,all statically observed repo consumers listed
src/inresearch/materials/mapping.py,src/inresearch/interfaces/cli.py;tests/unit/test_m4_triage_export.py,2,all statically observed repo consumers listed
src/inresearch/materials/naming.py,src/inresearch/materials/triage.py,1,all statically observed repo consumers listed
src/inresearch/materials/organize.py,src/inresearch/interfaces/cli.py;src/inresearch/materials/mapping.py;tests/unit/test_m4_triage.py;tests/unit/test_m4_triage_apply.py;tests/unit/test_m4_triage_export.py,5,all statically observed repo consumers listed
src/inresearch/materials/paths.py,src/inresearch/materials/inventory.py;src/inresearch/materials/mapping.py;src/inresearch/materials/organize.py;src/inresearch/materials/triage.py;src/inresearch/workflow/deep_read.py;src/inresearch/workflow/progress.py;tests/unit/test_m4_paths.py,7,all statically observed repo consumers listed
src/inresearch/materials/preflight.py,src/inresearch/interfaces/cli.py,1,all statically observed repo consumers listed
src/inresearch/materials/reader_contracts.py,src/inresearch/adapters/reader_model.py;src/inresearch/delivery/reader_export.py;src/inresearch/interfaces/reader.py;src/inresearch/materials/artifacts.py;src/inresearch/workflow/reader.py;src/inresearch/workflow/reading_stages.py;tests/unit/test_continuous_reader.py,7,all statically observed repo consumers listed
src/inresearch/materials/receive.py,src/inresearch/interfaces/cli.py,1,all statically observed repo consumers listed
src/inresearch/materials/records.py,src/inresearch/materials/inventory.py;src/inresearch/materials/mapping.py;src/inresearch/materials/organize.py;src/inresearch/materials/triage.py;src/inresearch/workflow/attribution.py;src/inresearch/workflow/deep_read.py;src/inresearch/workflow/progress.py;src/inresearch/workflow/score.py;src/inresearch/workflow/terminal_batch.py;src/inresearch/workflow/triage.py;tests/unit/test_m4_triage.py;tests/unit/test_m4_triage_local.py;tests/unit/test_result_versions.py,13,all statically observed repo consumers listed
src/inresearch/materials/repair_paths.py,src/inresearch/interfaces/cli.py,1,all statically observed repo consumers listed
src/inresearch/materials/scan_candidates.py,src/inresearch/interfaces/cli.py,1,all statically observed repo consumers listed
src/inresearch/materials/triage.py,src/inresearch/materials/mapping.py;src/inresearch/materials/organize.py;src/inresearch/workflow/attribution.py;src/inresearch/workflow/deep_read.py;src/inresearch/workflow/progress.py;src/inresearch/workflow/score.py;src/inresearch/workflow/terminal_batch.py;src/inresearch/workflow/triage.py;tests/unit/test_m4_redo_reads.py;tests/unit/test_m4_triage.py;tests/unit/test_m4_triage_apply.py;tests/unit/test_m4_triage_export.py;tests/unit/test_m4_triage_extract.py;tests/unit/test_m4_triage_local.py;tests/unit/test_m4_triage_report.py;tests/unit/test_m4_triage_versions.py;tests/unit/test_model_runtime.py,17,all statically observed repo consumers listed
src/inresearch/paths.py,src/inresearch/adapters/acquisition.py;src/inresearch/adapters/asset_check.py;src/inresearch/adapters/asset_compare.py;src/inresearch/adapters/asset_download.py;src/inresearch/adapters/historical_brief.py;src/inresearch/adapters/models.py;src/inresearch/delivery/export.py;src/inresearch/delivery/library_index.py;src/inresearch/delivery/map.py;src/inresearch/delivery/report.py;src/inresearch/interfaces/auth.py;src/inresearch/interfaces/cli.py;src/inresearch/interfaces/governance.py;src/inresearch/interfaces/http.py;src/inresearch/interfaces/pages.py;src/inresearch/interfaces/static.py;src/inresearch/knowledge/company_ids.py;src/inresearch/knowledge/coverage.py;src/inresearch/knowledge/facts.py;src/inresearch/knowledge/indicators.py;src/inresearch/knowledge/policy.py;src/inresearch/knowledge/registry.py;src/inresearch/knowledge/validate.py;src/inresearch/knowledge/verify.py;src/inresearch/materials/inbox.py;src/inresearch/materials/library.py;src/inresearch/materials/repair_paths.py;src/inresearch/materials/scan_candidates.py;src/inresearch/materials/triage.py;src/inresearch/workflow/deep_read.py;src/inresearch/workflow/reader.py;src/inresearch/workflow/reading_queue.py;src/inresearch/workflow/submissions.py;src/inresearch/workflow/workorders.py;tests/unit/test_catalog_bridge.py;tests/unit/test_display_regressions.py;tests/unit/test_interface_system.py;tests/unit/test_publish_reader.py;tests/unit/test_research_navigation.py,39,all statically observed repo consumers listed
src/inresearch/storage/catalog.py,src/inresearch/workflow/reader.py,1,all statically observed repo consumers listed
src/inresearch/storage/files.py,src/inresearch/adapters/acquisition.py;src/inresearch/adapters/historical_brief.py;src/inresearch/knowledge/company_ids.py;src/inresearch/knowledge/indicators.py;src/inresearch/knowledge/registry.py;src/inresearch/materials/artifacts.py;src/inresearch/materials/inbox.py;src/inresearch/materials/library.py;src/inresearch/storage/jsonl.py;src/inresearch/workflow/commands.py;src/inresearch/workflow/deep_read.py;tests/unit/test_commands.py;tests/unit/test_http_workflow.py,13,all statically observed repo consumers listed
src/inresearch/storage/jsonl.py,src/inresearch/interfaces/auth.py;src/inresearch/materials/inventory.py;src/inresearch/materials/mapping.py;src/inresearch/materials/organize.py;src/inresearch/materials/records.py;src/inresearch/materials/triage.py;src/inresearch/storage/moves.py;src/inresearch/workflow/attribution.py;src/inresearch/workflow/deep_read.py;src/inresearch/workflow/progress.py;src/inresearch/workflow/triage.py;tests/unit/test_file_moves.py,12,all statically observed repo consumers listed
src/inresearch/storage/moves.py,src/inresearch/materials/inventory.py;src/inresearch/materials/organize.py;src/inresearch/materials/triage.py;src/inresearch/workflow/progress.py;tests/unit/test_file_moves.py,5,all statically observed repo consumers listed
src/inresearch/workflow/attribution.py,src/inresearch/interfaces/cli.py;tests/unit/test_m4_triage_extract.py;tests/unit/test_model_runtime.py,3,all statically observed repo consumers listed
src/inresearch/workflow/commands.py,src/inresearch/interfaces/cli.py;src/inresearch/interfaces/http.py;tests/unit/test_commands.py,3,all statically observed repo consumers listed
src/inresearch/workflow/deep_read.py,src/inresearch/interfaces/cli.py;tests/unit/test_m4_l2.py,2,all statically observed repo consumers listed
src/inresearch/workflow/progress.py,src/inresearch/interfaces/cli.py;tests/unit/test_m4_triage_report.py,2,all statically observed repo consumers listed
src/inresearch/workflow/reader.py,src/inresearch/delivery/publish.py;src/inresearch/interfaces/reader.py;tests/unit/test_continuous_reader.py;tests/unit/test_model_runtime.py,4,all statically observed repo consumers listed
src/inresearch/workflow/reading_queue.py,src/inresearch/interfaces/cli.py;src/inresearch/workflow/workorders.py;tests/unit/test_research.py,3,all statically observed repo consumers listed
src/inresearch/workflow/reading_stages.py,src/inresearch/workflow/reader.py,1,all statically observed repo consumers listed
src/inresearch/workflow/score.py,src/inresearch/interfaces/cli.py;src/inresearch/workflow/triage.py;tests/unit/test_m4_triage_local.py,3,all statically observed repo consumers listed
src/inresearch/workflow/submissions.py,src/inresearch/interfaces/cli.py;tests/unit/test_intake.py,2,all statically observed repo consumers listed
src/inresearch/workflow/terminal_batch.py,src/inresearch/interfaces/cli.py;src/inresearch/workflow/attribution.py;src/inresearch/workflow/progress.py;src/inresearch/workflow/score.py;tests/unit/test_m4_redo_reads.py;tests/unit/test_m4_triage_extract.py;tests/unit/test_m4_triage_local.py;tests/unit/test_m4_triage_versions.py;tests/unit/test_model_runtime.py,9,all statically observed repo consumers listed
src/inresearch/workflow/triage.py,src/inresearch/interfaces/cli.py,1,all statically observed repo consumers listed
src/inresearch/workflow/workorders.py,src/inresearch/interfaces/cli.py,1,all statically observed repo consumers listed
web/assets/Inter-LICENSE.txt,web/routes.json,1,all statically observed repo consumers listed
web/assets/InterVariable.woff2,web/routes.json;web/themes/site-skin.css,2,all statically observed repo consumers listed
web/assets/datacenter-news.css,web/pages/index.html;web/pages/ops.html;web/routes.json,3,all statically observed repo consumers listed
web/assets/hdri/README.md,web/routes.json,1,all statically observed repo consumers listed
web/assets/hdri/lab.exr,web/routes.json,1,all statically observed repo consumers listed
web/assets/hdri/studio.exr,web/routes.json,1,all statically observed repo consumers listed
web/assets/hdri/warehouse.exr,web/routes.json,1,all statically observed repo consumers listed
web/assets/levels.json,web/routes.json,1,all statically observed repo consumers listed
web/assets/materials.js,web/pages/materials.html;web/routes.json,2,all statically observed repo consumers listed
web/assets/models/README.md,web/routes.json,1,all statically observed repo consumers listed
web/assets/models/manifest.json,web/routes.json,1,all statically observed repo consumers listed
web/assets/models/server_v2_console.glb,web/routes.json,1,all statically observed repo consumers listed
web/assets/panels/README.md,web/routes.json,1,all statically observed repo consumers listed
web/assets/panels/server_gpu.png,web/routes.json,1,all statically observed repo consumers listed
web/assets/panels/server_nvme.png,web/routes.json,1,all statically observed repo consumers listed
web/assets/panels/server_storage.png,web/routes.json,1,all statically observed repo consumers listed
web/assets/panels/switch_ib.png,web/routes.json,1,all statically observed repo consumers listed
web/assets/panels/switch_tor.png,web/routes.json,1,all statically observed repo consumers listed
web/assets/renders/README.md,web/routes.json,1,all statically observed repo consumers listed
web/assets/renders/chassis.png,web/routes.json,1,all statically observed repo consumers listed
web/assets/renders/coldplate.png,web/routes.json,1,all statically observed repo consumers listed
web/assets/renders/fans.png,web/routes.json,1,all statically observed repo consumers listed
web/assets/renders/gpu-board.png,web/routes.json,1,all statically observed repo consumers listed
web/assets/renders/hbm.png,web/routes.json,1,all statically observed repo consumers listed
web/assets/renders/mobo.png,web/routes.json,1,all statically observed repo consumers listed
web/assets/renders/nic.png,web/routes.json,1,all statically observed repo consumers listed
web/assets/renders/psu.png,web/routes.json,1,all statically observed repo consumers listed
web/assets/renders/ssd.png,web/routes.json,1,all statically observed repo consumers listed
web/assets/research.css,web/pages/bom3d.html;web/pages/rack3d.html;web/pages/research.html;web/routes.json,4,all statically observed repo consumers listed
web/assets/vendor/BufferGeometryUtils.js,web/assets/vendor/GLTFLoader.js;web/routes.json,2,all statically observed repo consumers listed
web/assets/vendor/CopyShader.js,web/assets/vendor/EffectComposer.js;web/assets/vendor/UnrealBloomPass.js;web/routes.json,3,all statically observed repo consumers listed
web/assets/vendor/EXRLoader.js,web/pages/bake.html;web/pages/bom3d.html;web/pages/rack3d.html;web/routes.json,4,all statically observed repo consumers listed
web/assets/vendor/EffectComposer.js,web/pages/bom3d.html;web/pages/rack3d.html;web/routes.json,3,all statically observed repo consumers listed
web/assets/vendor/GLTFLoader.js,web/pages/bom3d.html;web/pages/compare.html;web/pages/rack3d.html;web/routes.json,4,all statically observed repo consumers listed
web/assets/vendor/LuminosityHighPassShader.js,web/assets/vendor/UnrealBloomPass.js;web/routes.json,2,all statically observed repo consumers listed
web/assets/vendor/MaskPass.js,web/assets/vendor/EffectComposer.js;web/routes.json,2,all statically observed repo consumers listed
web/assets/vendor/OrbitControls.js,web/pages/bom3d.html;web/pages/rack3d.html;web/routes.json,3,all statically observed repo consumers listed
web/assets/vendor/OutputPass.js,web/pages/bom3d.html;web/pages/rack3d.html;web/routes.json,3,all statically observed repo consumers listed
web/assets/vendor/OutputShader.js,web/assets/vendor/OutputPass.js;web/routes.json,2,all statically observed repo consumers listed
web/assets/vendor/Pass.js,web/assets/vendor/MaskPass.js;web/assets/vendor/OutputPass.js;web/assets/vendor/RenderPass.js;web/assets/vendor/ShaderPass.js;web/assets/vendor/UnrealBloomPass.js;web/routes.json,6,all statically observed repo consumers listed
web/assets/vendor/RenderPass.js,web/pages/bom3d.html;web/pages/rack3d.html;web/routes.json,3,all statically observed repo consumers listed
web/assets/vendor/ShaderPass.js,web/assets/vendor/EffectComposer.js;web/routes.json,2,all statically observed repo consumers listed
web/assets/vendor/UnrealBloomPass.js,web/pages/bom3d.html;web/pages/rack3d.html;web/routes.json,3,all statically observed repo consumers listed
web/assets/vendor/fflate.module.js,web/assets/vendor/EXRLoader.js;web/routes.json,2,all statically observed repo consumers listed
web/assets/vendor/three.module.js,web/assets/vendor/BufferGeometryUtils.js;web/assets/vendor/EXRLoader.js;web/assets/vendor/EffectComposer.js;web/assets/vendor/GLTFLoader.js;web/assets/vendor/LuminosityHighPassShader.js;web/assets/vendor/OrbitControls.js;web/assets/vendor/OutputPass.js;web/assets/vendor/Pass.js;web/assets/vendor/RenderPass.js;web/assets/vendor/ShaderPass.js;web/assets/vendor/UnrealBloomPass.js;web/pages/bake.html;web/pages/bom3d.html;web/pages/compare.html;web/pages/rack3d.html;web/routes.json,16,all statically observed repo consumers listed
web/assets/world.geo.json,web/routes.json,1,all statically observed repo consumers listed
web/components/auth-form.js,web/pages/auth/layout.html;web/routes.json,2,all statically observed repo consumers listed
web/components/auth.css,web/pages/auth/layout.html;web/routes.json,2,all statically observed repo consumers listed
web/components/datacenter-news.js,web/pages/index.html;web/pages/ops.html;web/routes.json,3,all statically observed repo consumers listed
web/components/markdown-inline.js,web/pages/doc.html;web/pages/report.html;web/routes.json,3,all statically observed repo consumers listed
web/components/object-network.js,web/components/research-graph.js;web/routes.json,2,all statically observed repo consumers listed
web/components/part-dossier.js,web/pages/bom3d.html;web/pages/rack3d.html;web/routes.json,3,all statically observed repo consumers listed
web/components/part-inspector.js,web/pages/bom3d.html;web/pages/rack3d.html;web/routes.json,3,all statically observed repo consumers listed
web/components/research-graph.js,web/components/part-dossier.js;web/pages/bom3d.html;web/pages/rack3d.html;web/pages/research.html;web/routes.json,5,all statically observed repo consumers listed
web/components/series-summary.js,web/components/part-dossier.js;web/pages/bom3d.html;web/routes.json,3,all statically observed repo consumers listed
web/components/site-shell.js,web/pages/admin/product/index.html;web/pages/auth/layout.html;web/pages/bom.html;web/pages/bom3d.html;web/pages/company.html;web/pages/compare.html;web/pages/doc.html;web/pages/index.html;web/pages/materials.html;web/pages/ops.html;web/pages/rack3d.html;web/pages/report.html;web/pages/research.html;web/pages/team.html;web/routes.json,15,all statically observed repo consumers listed
web/pages/admin/product/index.html,web/pages/admin/product/index.html;web/pages/research.html;web/routes.json,3,all statically observed repo consumers listed
web/pages/bake.html,web/routes.json,1,all statically observed repo consumers listed
web/pages/bom.html,web/pages/admin/product/index.html;web/pages/bom.html;web/pages/bom3d.html;web/pages/company.html;web/pages/index.html;web/pages/poster.html;web/pages/rack3d.html;web/pages/report.html;web/pages/research.html;web/routes.json,10,all statically observed repo consumers listed
web/pages/bom3d.html,web/pages/admin/product/index.html;web/pages/bom.html;web/pages/bom3d.html;web/pages/compare.html;web/pages/index.html;web/pages/poster.html;web/pages/rack3d.html;web/pages/research.html;web/routes.json,9,all statically observed repo consumers listed
web/pages/company.html,web/pages/index.html;web/routes.json,2,all statically observed repo consumers listed
web/pages/compare.html,web/pages/compare.html;web/routes.json,2,all statically observed repo consumers listed
web/pages/doc.html,web/routes.json,1,all statically observed repo consumers listed
web/pages/framework_poster.html,web/routes.json,1,all statically observed repo consumers listed
web/pages/index.html,web/components/site-shell.js;web/pages/auth/password.html;web/pages/doc.html;web/pages/materials.html;web/pages/poster.html;web/pages/team.html;web/routes.json,7,all statically observed repo consumers listed
web/pages/materials.html,web/routes.json,1,all statically observed repo consumers listed
web/pages/ops.html,web/routes.json,1,all statically observed repo consumers listed
web/pages/poster.html,web/pages/poster.html;web/routes.json,2,all statically observed repo consumers listed
web/pages/rack3d.html,web/pages/bom.html;web/pages/bom3d.html;web/pages/compare.html;web/pages/index.html;web/pages/poster.html;web/pages/rack3d.html;web/pages/research.html;web/routes.json,8,all statically observed repo consumers listed
web/pages/report.html,web/pages/company.html;web/pages/poster.html;web/pages/research.html;web/routes.json,4,all statically observed repo consumers listed
web/pages/research.html,web/pages/framework_poster.html;web/pages/index.html;web/routes.json,3,all statically observed repo consumers listed
web/pages/team.html,web/pages/auth/forbidden.html;web/routes.json,2,all statically observed repo consumers listed
web/themes/preference.js,web/components/site-shell.js;web/pages/admin/product/index.html;web/pages/auth/layout.html;web/pages/bom.html;web/pages/bom3d.html;web/pages/company.html;web/pages/compare.html;web/pages/doc.html;web/pages/index.html;web/pages/materials.html;web/pages/ops.html;web/pages/rack3d.html;web/pages/report.html;web/pages/research.html;web/pages/team.html;web/routes.json,16,all statically observed repo consumers listed
web/themes/site-skin.css,web/pages/admin/product/index.html;web/pages/auth/layout.html;web/pages/bom.html;web/pages/bom3d.html;web/pages/company.html;web/pages/compare.html;web/pages/doc.html;web/pages/index.html;web/pages/materials.html;web/pages/ops.html;web/pages/rack3d.html;web/pages/report.html;web/pages/research.html;web/pages/team.html;web/routes.json,15,all statically observed repo consumers listed
