old_implementation,disposition,consumers,result_or_retention_reason
whole data/reports mounts over /app,retire through infra deployment,both compose manifests; setup; deployment preflight,only explicit runtime files resolve into /runtime; Git facts and guides are no longer shadowed
setup copying all published data and reports,removed in infra source,setup_server.sh,fresh initialization belongs to storage.layout and seeds only declared state
per-consumer runtime path decisions,replaced,44 observed workspace_path calls in storage-consumers.csv,HTTP and CLI and generators resolve the same logical files
indicator output overwriting published definition,replaced,indicators.refresh; add_price; web indicator URL; workorders,published definition is input; runtime projection is output
mark_findings_needs_review,removed,historical_brief.main only,review_suggestions returns proposals with SEC evidence; formal research bytes remain unchanged
review_marked return field,retired from newly generated briefs,historical_brief.main; historical checked-in generated brief only,old seed/audit bytes retained as dated evidence; no current code consumes this field
whole-volume six-file synchronization,retired after layout cutover,prior reading-authority one-time operation journal,prior backup and historical files retained; future published research follows images
volume facts/schema/guides copies,retained outside current consumption,previous deployed static routes,unique bytes are preserved as history; current published source comes from Git
INRESEARCH_READER_SNAPSHOT and INTAKE_ROOT overrides,retained,explicit reader receiver and isolated tests,existing narrow scope overrides remain; new website default uses the shared layout
acquisition/news_sync roots,retained,reader CLI and Spark unit definitions,independent Reader data root is deliberate; website layout does not migrate or start those services
legacy report queues and product alignment index,retained with limitations,current_tasks and build_catalog,compatibility projections/metadata remain explicitly identified; this phase does not claim full Finding migration or automatic projection freshness
