path,size_bytes,project,guess_content,module,why
/Users/yidian/code/datacenter/docs/library/04_市场与研究/中文行业报告集/202L 数据中心新/2019.7 中国移动南方基地二期工程二阶段项目/造价类资料（全程免费，得来不易需要完成一些小任务）1/1工程量清单-中国移动南方基地二期工程二阶段项目施工总承包(0)/05168  A 中国移动南方基地二期工程二阶段项目施工总承包.xlsx.7z,20002,2019.7 中国移动南方基地二期工程二阶段项目,工程量清单与计价表,M10,头部加密（包内文件名都读不出）
/Users/yidian/code/datacenter/docs/library/04_市场与研究/中文行业报告集/202L 数据中心新/2019.7 中国移动南方基地二期工程二阶段项目/造价类资料（全程免费，得来不易需要完成一些小任务）1/1工程量清单-中国移动南方基地二期工程二阶段项目施工总承包(0)/临时用水/临时用水/05168  A 临时用水.xlsx.7z,30449,2019.7 中国移动南方基地二期工程二阶段项目,临时设施工程造价,M10,头部加密（包内文件名都读不出）
/Users/yidian/code/datacenter/docs/library/04_市场与研究/中文行业报告集/202L 数据中心新/2019.7 中国移动南方基地二期工程二阶段项目/造价类资料（全程免费，得来不易需要完成一些小任务）1/1工程量清单-中国移动南方基地二期工程二阶段项目施工总承包(0)/冷源系统工程/冷源系统工程/05416A 冷源系统工程.xlsx.7z,80802,2019.7 中国移动南方基地二期工程二阶段项目,暖通空调/冷源专业造价或图纸,M02/M10,头部加密（包内文件名都读不出）
/Users/yidian/code/datacenter/docs/library/04_市场与研究/中文行业报告集/202L 数据中心新/2019.7 中国移动南方基地二期工程二阶段项目/造价类资料（全程免费，得来不易需要完成一些小任务）1/1工程量清单-中国移动南方基地二期工程二阶段项目施工总承包(0)/凌塘村排水工程及相关拆除补偿/凌塘村排水工程/05416A 凌塘村排水工程.xlsx.7z,37314,2019.7 中国移动南方基地二期工程二阶段项目,工程量清单与计价表,M10,头部加密（包内文件名都读不出）
/Users/yidian/code/datacenter/docs/library/04_市场与研究/中文行业报告集/202L 数据中心新/2019.7 中国移动南方基地二期工程二阶段项目/造价类资料（全程免费，得来不易需要完成一些小任务）1/1工程量清单-中国移动南方基地二期工程二阶段项目施工总承包(0)/凌塘村排水工程及相关拆除补偿/靠凌塘村侧排水管埋设涉及到的现状拆除及补偿项目/05416A 靠凌塘村侧排水管埋设涉及到的现状拆除及补偿项目.xlsx.7z,38082,2019.7 中国移动南方基地二期工程二阶段项目,工程量清单与计价表,M10,头部加密（包内文件名都读不出）
/Users/yidian/code/datacenter/docs/library/04_市场与研究/中文行业报告集/202L 数据中心新/2019.7 中国移动南方基地二期工程二阶段项目/造价类资料（全程免费，得来不易需要完成一些小任务）1/1工程量清单-中国移动南方基地二期工程二阶段项目施工总承包(0)/园林工程暂估价/园林工程暂估价/05416A 园林工程暂估价.xlsx.7z,30370,2019.7 中国移动南方基地二期工程二阶段项目,工程量清单与计价表,M10,头部加密（包内文件名都读不出）
/Users/yidian/code/datacenter/docs/library/04_市场与研究/中文行业报告集/202L 数据中心新/2019.7 中国移动南方基地二期工程二阶段项目/造价类资料（全程免费，得来不易需要完成一些小任务）1/1工程量清单-中国移动南方基地二期工程二阶段项目施工总承包(0)/土建工程/±0.00以上土建工程-外立面工程（20.1栋）/05165  A ±0.00以上土建工程-外立面工程（20.1栋）.xlsx.7z,54146,2019.7 中国移动南方基地二期工程二阶段项目,土建结构专业造价或图纸,M10/M05,头部加密（包内文件名都读不出）
/Users/yidian/code/datacenter/docs/library/04_市场与研究/中文行业报告集/202L 数据中心新/2019.7 中国移动南方基地二期工程二阶段项目/造价类资料（全程免费，得来不易需要完成一些小任务）1/1工程量清单-中国移动南方基地二期工程二阶段项目施工总承包(0)/土建工程/±0.00以上土建工程-外立面工程（20.2栋）/05165  A ±0.00以上土建工程-外立面工程（20.2栋）.xlsx.7z,65298,2019.7 中国移动南方基地二期工程二阶段项目,土建结构专业造价或图纸,M10/M05,头部加密（包内文件名都读不出）
/Users/yidian/code/datacenter/docs/library/04_市场与研究/中文行业报告集/202L 数据中心新/2019.7 中国移动南方基地二期工程二阶段项目/造价类资料（全程免费，得来不易需要完成一些小任务）1/1工程量清单-中国移动南方基地二期工程二阶段项目施工总承包(0)/土建工程/±0.00以上土建工程-外立面工程（20.4栋）/05165  A ±0.00以上土建工程-外立面工程（20.4栋）.xlsx.7z,50706,2019.7 中国移动南方基地二期工程二阶段项目,土建结构专业造价或图纸,M10/M05,头部加密（包内文件名都读不出）
/Users/yidian/code/datacenter/docs/library/04_市场与研究/中文行业报告集/202L 数据中心新/2019.7 中国移动南方基地二期工程二阶段项目/造价类资料（全程免费，得来不易需要完成一些小任务）1/1工程量清单-中国移动南方基地二期工程二阶段项目施工总承包(0)/土建工程/±0.00以上土建工程-建筑工程（20.1栋）/05165  A ±0.00以上土建工程-建筑工程（20.1栋）.xlsx.7z,69682,2019.7 中国移动南方基地二期工程二阶段项目,土建结构专业造价或图纸,M10/M05,头部加密（包内文件名都读不出）
/Users/yidian/code/datacenter/docs/library/04_市场与研究/中文行业报告集/202L 数据中心新/2019.7 中国移动南方基地二期工程二阶段项目/造价类资料（全程免费，得来不易需要完成一些小任务）1/1工程量清单-中国移动南方基地二期工程二阶段项目施工总承包(0)/土建工程/±0.00以上土建工程-建筑工程（20.2栋）/05165  A ±0.00以上土建工程-建筑工程（20.2栋）.xlsx.7z,76450,2019.7 中国移动南方基地二期工程二阶段项目,土建结构专业造价或图纸,M10/M05,头部加密（包内文件名都读不出）
/Users/yidian/code/datacenter/docs/library/04_市场与研究/中文行业报告集/202L 数据中心新/2019.7 中国移动南方基地二期工程二阶段项目/造价类资料（全程免费，得来不易需要完成一些小任务）1/1工程量清单-中国移动南方基地二期工程二阶段项目施工总承包(0)/土建工程/±0.00以上土建工程-建筑工程（20.4栋）/05145  A ±0.00以上土建工程-建筑工程（20.4栋）.xlsx.7z,64642,2019.7 中国移动南方基地二期工程二阶段项目,土建结构专业造价或图纸,M10/M05,头部加密（包内文件名都读不出）
/Users/yidian/code/datacenter/docs/library/04_市场与研究/中文行业报告集/202L 数据中心新/2019.7 中国移动南方基地二期工程二阶段项目/造价类资料（全程免费，得来不易需要完成一些小任务）1/1工程量清单-中国移动南方基地二期工程二阶段项目施工总承包(0)/土建工程/±0.00以下土建工程-人防门/05145  A ±0.00以下土建工程-人防门.xlsx.7z,34738,2019.7 中国移动南方基地二期工程二阶段项目,土建结构专业造价或图纸,M10/M05,头部加密（包内文件名都读不出）
/Users/yidian/code/datacenter/docs/library/04_市场与研究/中文行业报告集/202L 数据中心新/2019.7 中国移动南方基地二期工程二阶段项目/造价类资料（全程免费，得来不易需要完成一些小任务）1/1工程量清单-中国移动南方基地二期工程二阶段项目施工总承包(0)/土建工程/±0.00以下土建工程-建筑工程/05145  A ±0.00以下土建工程-建筑工程.xlsx.7z,72210,2019.7 中国移动南方基地二期工程二阶段项目,土建结构专业造价或图纸,M10/M05,头部加密（包内文件名都读不出）
/Users/yidian/code/datacenter/docs/library/04_市场与研究/中文行业报告集/202L 数据中心新/2019.7 中国移动南方基地二期工程二阶段项目/造价类资料（全程免费，得来不易需要完成一些小任务）1/1工程量清单-中国移动南方基地二期工程二阶段项目施工总承包(0)/土建工程/±0.00以下土建工程-装饰工程/05145  A ±0.00以下土建工程-装饰工程.xlsx.7z,53890,2019.7 中国移动南方基地二期工程二阶段项目,土建结构专业造价或图纸,M10/M05,头部加密（包内文件名都读不出）
/Users/yidian/code/datacenter/docs/library/04_市场与研究/中文行业报告集/202L 数据中心新/2019.7 中国移动南方基地二期工程二阶段项目/造价类资料（全程免费，得来不易需要完成一些小任务）1/1工程量清单-中国移动南方基地二期工程二阶段项目施工总承包(0)/土建工程/基坑支护工程/05145  A 基坑支护工程.xlsx.7z,53922,2019.7 中国移动南方基地二期工程二阶段项目,土建结构专业造价或图纸,M10/M05,头部加密（包内文件名都读不出）
/Users/yidian/code/datacenter/docs/library/04_市场与研究/中文行业报告集/202L 数据中心新/2019.7 中国移动南方基地二期工程二阶段项目/造价类资料（全程免费，得来不易需要完成一些小任务）1/1工程量清单-中国移动南方基地二期工程二阶段项目施工总承包(0)/土建工程/桩基工程/05393B 桩基工程.xlsx.7z,32865,2019.7 中国移动南方基地二期工程二阶段项目,土建结构专业造价或图纸,M10/M05,头部加密（包内文件名都读不出）
/Users/yidian/code/datacenter/docs/library/04_市场与研究/中文行业报告集/202L 数据中心新/2019.7 中国移动南方基地二期工程二阶段项目/造价类资料（全程免费，得来不易需要完成一些小任务）1/1工程量清单-中国移动南方基地二期工程二阶段项目施工总承包(0)/地下室人防工程/[地下室]人防电气工程/05393B [地下室]人防电气工程.xlsx.7z,54274,2019.7 中国移动南方基地二期工程二阶段项目,电气/供配电专业造价或图纸,M02/M09/M10,头部加密（包内文件名都读不出）
/Users/yidian/code/datacenter/docs/library/04_市场与研究/中文行业报告集/202L 数据中心新/2019.7 中国移动南方基地二期工程二阶段项目/造价类资料（全程免费，得来不易需要完成一些小任务）1/1工程量清单-中国移动南方基地二期工程二阶段项目施工总承包(0)/地下室人防工程/[地下室]人防给排水工程/05393B [地下室]人防给排水工程.xlsx.7z,41234,2019.7 中国移动南方基地二期工程二阶段项目,给排水与消防专业造价或图纸,M02/M10,头部加密（包内文件名都读不出）
/Users/yidian/code/datacenter/docs/library/04_市场与研究/中文行业报告集/202L 数据中心新/2019.7 中国移动南方基地二期工程二阶段项目/造价类资料（全程免费，得来不易需要完成一些小任务）1/1工程量清单-中国移动南方基地二期工程二阶段项目施工总承包(0)/地下室人防工程/[地下室]人防通风工程/05393B [地下室]人防通风工程.xlsx.7z,40706,2019.7 中国移动南方基地二期工程二阶段项目,暖通空调/冷源专业造价或图纸,M02/M10,头部加密（包内文件名都读不出）
/Users/yidian/code/datacenter/docs/library/04_市场与研究/中文行业报告集/202L 数据中心新/2019.7 中国移动南方基地二期工程二阶段项目/造价类资料（全程免费，得来不易需要完成一些小任务）1/1工程量清单-中国移动南方基地二期工程二阶段项目施工总承包(0)/地下管线盲探/地下管线盲探/05142  B 地下管线盲探.xlsx.7z,30450,2019.7 中国移动南方基地二期工程二阶段项目,室外/园区工程造价,M05/M10,头部加密（包内文件名都读不出）
/Users/yidian/code/datacenter/docs/library/04_市场与研究/中文行业报告集/202L 数据中心新/2019.7 中国移动南方基地二期工程二阶段项目/造价类资料（全程免费，得来不易需要完成一些小任务）1/1工程量清单-中国移动南方基地二期工程二阶段项目施工总承包(0)/室外工程/发电机房柴油供油系统工程/05142  B 发电机房柴油供油系统工程.xlsx.7z,58322,2019.7 中国移动南方基地二期工程二阶段项目,电气/供配电专业造价或图纸,M02/M09/M10,头部加密（包内文件名都读不出）
/Users/yidian/code/datacenter/docs/library/04_市场与研究/中文行业报告集/202L 数据中心新/2019.7 中国移动南方基地二期工程二阶段项目/造价类资料（全程免费，得来不易需要完成一些小任务）1/1工程量清单-中国移动南方基地二期工程二阶段项目施工总承包(0)/室外工程/园建工程/05142  B 园建工程.xlsx.7z,42129,2019.7 中国移动南方基地二期工程二阶段项目,工程量清单与计价表,M10,头部加密（包内文件名都读不出）
/Users/yidian/code/datacenter/docs/library/04_市场与研究/中文行业报告集/202L 数据中心新/2019.7 中国移动南方基地二期工程二阶段项目/造价类资料（全程免费，得来不易需要完成一些小任务）1/1工程量清单-中国移动南方基地二期工程二阶段项目施工总承包(0)/室外工程/室外综合管网给排水工程/05122  B 室外综合管网给排水工程.xlsx.7z,50066,2019.7 中国移动南方基地二期工程二阶段项目,给排水与消防专业造价或图纸,M02/M10,头部加密（包内文件名都读不出）
/Users/yidian/code/datacenter/docs/library/04_市场与研究/中文行业报告集/202L 数据中心新/2019.7 中国移动南方基地二期工程二阶段项目/造价类资料（全程免费，得来不易需要完成一些小任务）1/1工程量清单-中国移动南方基地二期工程二阶段项目施工总承包(0)/室外工程/室外雨水收集系统工程/05122  B 室外雨水收集系统工程.xlsx.7z,38738,2019.7 中国移动南方基地二期工程二阶段项目,室外/园区工程造价,M05/M10,头部加密（包内文件名都读不出）
/Users/yidian/code/datacenter/docs/library/04_市场与研究/中文行业报告集/202L 数据中心新/2019.7 中国移动南方基地二期工程二阶段项目/造价类资料（全程免费，得来不易需要完成一些小任务）1/1工程量清单-中国移动南方基地二期工程二阶段项目施工总承包(0)/室外工程/智能化工程/05122  B 智能化工程.xlsx.7z,37746,2019.7 中国移动南方基地二期工程二阶段项目,智能化/弱电专业造价或图纸,M10/M13,头部加密（包内文件名都读不出）
/Users/yidian/code/datacenter/docs/library/04_市场与研究/中文行业报告集/202L 数据中心新/2019.7 中国移动南方基地二期工程二阶段项目/造价类资料（全程免费，得来不易需要完成一些小任务）1/1工程量清单-中国移动南方基地二期工程二阶段项目施工总承包(0)/室外工程/永久围墙工程/05122  B 永久围墙工程.xlsx.7z,33778,2019.7 中国移动南方基地二期工程二阶段项目,室外/园区工程造价,M05/M10,头部加密（包内文件名都读不出）
/Users/yidian/code/datacenter/docs/library/04_市场与研究/中文行业报告集/202L 数据中心新/2019.7 中国移动南方基地二期工程二阶段项目/造价类资料（全程免费，得来不易需要完成一些小任务）1/1工程量清单-中国移动南方基地二期工程二阶段项目施工总承包(0)/室外工程/消防水灭火系统工程/05122  B 消防水灭火系统工程.xlsx.7z,43218,2019.7 中国移动南方基地二期工程二阶段项目,给排水与消防专业造价或图纸,M02/M10,头部加密（包内文件名都读不出）
/Users/yidian/code/datacenter/docs/library/04_市场与研究/中文行业报告集/202L 数据中心新/2019.7 中国移动南方基地二期工程二阶段项目/造价类资料（全程免费，得来不易需要完成一些小任务）1/1工程量清单-中国移动南方基地二期工程二阶段项目施工总承包(0)/室外工程/雨水收集池土建/05122  B 雨水收集池土建.xlsx.7z,36610,2019.7 中国移动南方基地二期工程二阶段项目,土建结构专业造价或图纸,M10/M05,头部加密（包内文件名都读不出）
/Users/yidian/code/datacenter/docs/library/04_市场与研究/中文行业报告集/202L 数据中心新/2019.7 中国移动南方基地二期工程二阶段项目/造价类资料（全程免费，得来不易需要完成一些小任务）1/1工程量清单-中国移动南方基地二期工程二阶段项目施工总承包(0)/室外配套工程/±0.00以上土建工程-室内装饰工程（门房A）/05371B ±0.00以上土建工程-室内装饰工程（门房A）.xlsx.7z,56002,2019.7 中国移动南方基地二期工程二阶段项目,土建结构专业造价或图纸,M10/M05,头部加密（包内文件名都读不出）
/Users/yidian/code/datacenter/docs/library/04_市场与研究/中文行业报告集/202L 数据中心新/2019.7 中国移动南方基地二期工程二阶段项目/造价类资料（全程免费，得来不易需要完成一些小任务）1/1工程量清单-中国移动南方基地二期工程二阶段项目施工总承包(0)/室外配套工程/±0.00以上土建工程-建筑工程（门房A）/05371B ±0.00以上土建工程-建筑工程（门房A）.xlsx.7z,42770,2019.7 中国移动南方基地二期工程二阶段项目,土建结构专业造价或图纸,M10/M05,头部加密（包内文件名都读不出）
/Users/yidian/code/datacenter/docs/library/04_市场与研究/中文行业报告集/202L 数据中心新/2019.7 中国移动南方基地二期工程二阶段项目/造价类资料（全程免费，得来不易需要完成一些小任务）1/1工程量清单-中国移动南方基地二期工程二阶段项目施工总承包(0)/室外配套工程/临时围蔽工程/05371B 临时围蔽工程.xlsx.7z,31906,2019.7 中国移动南方基地二期工程二阶段项目,工程量清单与计价表,M10,头部加密（包内文件名都读不出）
/Users/yidian/code/datacenter/docs/library/04_市场与研究/中文行业报告集/202L 数据中心新/2019.7 中国移动南方基地二期工程二阶段项目/造价类资料（全程免费，得来不易需要完成一些小任务）1/1工程量清单-中国移动南方基地二期工程二阶段项目施工总承包(0)/室外配套工程/土方平衡/05371B 土方平衡.xlsx.7z,34257,2019.7 中国移动南方基地二期工程二阶段项目,工程量清单与计价表,M10,头部加密（包内文件名都读不出）
/Users/yidian/code/datacenter/docs/library/04_市场与研究/中文行业报告集/202L 数据中心新/2019.7 中国移动南方基地二期工程二阶段项目/造价类资料（全程免费，得来不易需要完成一些小任务）1/1工程量清单-中国移动南方基地二期工程二阶段项目施工总承包(0)/室外配套工程/燃气工程/05371B 燃气工程.xlsx.7z,67985,2019.7 中国移动南方基地二期工程二阶段项目,工程量清单与计价表,M10,头部加密（包内文件名都读不出）
/Users/yidian/code/datacenter/docs/library/04_市场与研究/中文行业报告集/202L 数据中心新/2019.7 中国移动南方基地二期工程二阶段项目/造价类资料（全程免费，得来不易需要完成一些小任务）1/1工程量清单-中国移动南方基地二期工程二阶段项目施工总承包(0)/室外配套工程/门卫室安装工程/05119  B 门卫室安装工程.xlsx.7z,56738,2019.7 中国移动南方基地二期工程二阶段项目,工程量清单与计价表,M10,头部加密（包内文件名都读不出）
/Users/yidian/code/datacenter/docs/library/04_市场与研究/中文行业报告集/202L 数据中心新/2019.7 中国移动南方基地二期工程二阶段项目/造价类资料（全程免费，得来不易需要完成一些小任务）1/1工程量清单-中国移动南方基地二期工程二阶段项目施工总承包(0)/总包管理服务费及甲供材料保管费/总包管理服务费及甲供材料保管费/05099  B 总包管理服务费及甲供材料保管费.xlsx.7z,30434,2019.7 中国移动南方基地二期工程二阶段项目,工程量清单与计价表,M10,头部加密（包内文件名都读不出）
/Users/yidian/code/datacenter/docs/library/04_市场与研究/中文行业报告集/202L 数据中心新/2019.7 中国移动南方基地二期工程二阶段项目/造价类资料（全程免费，得来不易需要完成一些小任务）1/1工程量清单-中国移动南方基地二期工程二阶段项目施工总承包(0)/房屋鉴定/房屋鉴定/05119  B 房屋鉴定.xlsx.7z,30465,2019.7 中国移动南方基地二期工程二阶段项目,工程量清单与计价表,M10,头部加密（包内文件名都读不出）
/Users/yidian/code/datacenter/docs/library/04_市场与研究/中文行业报告集/202L 数据中心新/2019.7 中国移动南方基地二期工程二阶段项目/造价类资料（全程免费，得来不易需要完成一些小任务）1/1工程量清单-中国移动南方基地二期工程二阶段项目施工总承包(0)/抗震支架工程/抗震支架工程/05099  B 抗震支架工程.xlsx.7z,75154,2019.7 中国移动南方基地二期工程二阶段项目,工程量清单与计价表,M10,头部加密（包内文件名都读不出）
/Users/yidian/code/datacenter/docs/library/04_市场与研究/中文行业报告集/202L 数据中心新/2019.7 中国移动南方基地二期工程二阶段项目/造价类资料（全程免费，得来不易需要完成一些小任务）1/1工程量清单-中国移动南方基地二期工程二阶段项目施工总承包(0)/智能化工程暂估价/智能化工程暂估价/05348  A 智能化工程暂估价.xlsx.7z,30354,2019.7 中国移动南方基地二期工程二阶段项目,智能化/弱电专业造价或图纸,M10/M13,头部加密（包内文件名都读不出）
/Users/yidian/code/datacenter/docs/library/04_市场与研究/中文行业报告集/202L 数据中心新/2019.7 中国移动南方基地二期工程二阶段项目/造价类资料（全程免费，得来不易需要完成一些小任务）1/1工程量清单-中国移动南方基地二期工程二阶段项目施工总承包(0)/消防工程/[20.1栋]消防水灭火系统工程/05348  A [20.1栋]消防水灭火系统工程.xlsx.7z,59666,2019.7 中国移动南方基地二期工程二阶段项目,给排水与消防专业造价或图纸,M02/M10,头部加密（包内文件名都读不出）
/Users/yidian/code/datacenter/docs/library/04_市场与研究/中文行业报告集/202L 数据中心新/2019.7 中国移动南方基地二期工程二阶段项目/造价类资料（全程免费，得来不易需要完成一些小任务）1/1工程量清单-中国移动南方基地二期工程二阶段项目施工总承包(0)/消防工程/[20.1栋]火灾自动报警工程/05348  A [20.1栋]火灾自动报警工程.xlsx.7z,68162,2019.7 中国移动南方基地二期工程二阶段项目,工程量清单与计价表,M10,头部加密（包内文件名都读不出）
/Users/yidian/code/datacenter/docs/library/04_市场与研究/中文行业报告集/202L 数据中心新/2019.7 中国移动南方基地二期工程二阶段项目/造价类资料（全程免费，得来不易需要完成一些小任务）1/1工程量清单-中国移动南方基地二期工程二阶段项目施工总承包(0)/消防工程/[20.2栋]消防水灭火系统工程/05096  A [20.2栋]消防水灭火系统工程.xlsx.7z,67522,2019.7 中国移动南方基地二期工程二阶段项目,给排水与消防专业造价或图纸,M02/M10,头部加密（包内文件名都读不出）
/Users/yidian/code/datacenter/docs/library/04_市场与研究/中文行业报告集/202L 数据中心新/2019.7 中国移动南方基地二期工程二阶段项目/造价类资料（全程免费，得来不易需要完成一些小任务）1/1工程量清单-中国移动南方基地二期工程二阶段项目施工总承包(0)/消防工程/[20.2栋]火灾自动报警工程/05096  A [20.2栋]火灾自动报警工程.xlsx.7z,73298,2019.7 中国移动南方基地二期工程二阶段项目,工程量清单与计价表,M10,头部加密（包内文件名都读不出）
/Users/yidian/code/datacenter/docs/library/04_市场与研究/中文行业报告集/202L 数据中心新/2019.7 中国移动南方基地二期工程二阶段项目/造价类资料（全程免费，得来不易需要完成一些小任务）1/1工程量清单-中国移动南方基地二期工程二阶段项目施工总承包(0)/消防工程/[20.4栋]消防水灭火系统工程/05096  A [20.4栋]消防水灭火系统工程.xlsx.7z,55250,2019.7 中国移动南方基地二期工程二阶段项目,给排水与消防专业造价或图纸,M02/M10,头部加密（包内文件名都读不出）
/Users/yidian/code/datacenter/docs/library/04_市场与研究/中文行业报告集/202L 数据中心新/2019.7 中国移动南方基地二期工程二阶段项目/造价类资料（全程免费，得来不易需要完成一些小任务）1/1工程量清单-中国移动南方基地二期工程二阶段项目施工总承包(0)/消防工程/[20.4栋]火灾自动报警工程/05096  A [20.4栋]火灾自动报警工程.xlsx.7z,76866,2019.7 中国移动南方基地二期工程二阶段项目,工程量清单与计价表,M10,头部加密（包内文件名都读不出）
/Users/yidian/code/datacenter/docs/library/04_市场与研究/中文行业报告集/202L 数据中心新/2019.7 中国移动南方基地二期工程二阶段项目/造价类资料（全程免费，得来不易需要完成一些小任务）1/1工程量清单-中国移动南方基地二期工程二阶段项目施工总承包(0)/消防工程/[地下室]消防水灭火系统工程/05096  A [地下室]消防水灭火系统工程.xlsx.7z,86082,2019.7 中国移动南方基地二期工程二阶段项目,给排水与消防专业造价或图纸,M02/M10,头部加密（包内文件名都读不出）
/Users/yidian/code/datacenter/docs/library/04_市场与研究/中文行业报告集/202L 数据中心新/2019.7 中国移动南方基地二期工程二阶段项目/造价类资料（全程免费，得来不易需要完成一些小任务）1/1工程量清单-中国移动南方基地二期工程二阶段项目施工总承包(0)/消防工程/[地下室]火灾自动报警工程/05077  A [地下室]火灾自动报警工程.xlsx.7z,70066,2019.7 中国移动南方基地二期工程二阶段项目,工程量清单与计价表,M10,头部加密（包内文件名都读不出）
/Users/yidian/code/datacenter/docs/library/04_市场与研究/中文行业报告集/202L 数据中心新/2019.7 中国移动南方基地二期工程二阶段项目/造价类资料（全程免费，得来不易需要完成一些小任务）1/1工程量清单-中国移动南方基地二期工程二阶段项目施工总承包(0)/电梯工程/[20.1栋]电梯工程/05077  A [20.1栋]电梯工程.xlsx.7z,36194,2019.7 中国移动南方基地二期工程二阶段项目,电梯工程造价,M10,头部加密（包内文件名都读不出）
/Users/yidian/code/datacenter/docs/library/04_市场与研究/中文行业报告集/202L 数据中心新/2019.7 中国移动南方基地二期工程二阶段项目/造价类资料（全程免费，得来不易需要完成一些小任务）1/1工程量清单-中国移动南方基地二期工程二阶段项目施工总承包(0)/电梯工程/[20.2栋]电梯工程/05077  A [20.2栋]电梯工程.xlsx.7z,37410,2019.7 中国移动南方基地二期工程二阶段项目,电梯工程造价,M10,头部加密（包内文件名都读不出）
/Users/yidian/code/datacenter/docs/library/04_市场与研究/中文行业报告集/202L 数据中心新/2019.7 中国移动南方基地二期工程二阶段项目/造价类资料（全程免费，得来不易需要完成一些小任务）1/1工程量清单-中国移动南方基地二期工程二阶段项目施工总承包(0)/电梯工程/[20.4栋]电梯工程/05325  A [20.4栋]电梯工程.xlsx.7z,35106,2019.7 中国移动南方基地二期工程二阶段项目,电梯工程造价,M10,头部加密（包内文件名都读不出）
/Users/yidian/code/datacenter/docs/library/04_市场与研究/中文行业报告集/202L 数据中心新/2019.7 中国移动南方基地二期工程二阶段项目/造价类资料（全程免费，得来不易需要完成一些小任务）1/1工程量清单-中国移动南方基地二期工程二阶段项目施工总承包(0)/电气工程/[20.1栋]电气工程/05325  A [20.1栋]电气工程.xlsx.7z,65746,2019.7 中国移动南方基地二期工程二阶段项目,电气/供配电专业造价或图纸,M02/M09/M10,头部加密（包内文件名都读不出）
/Users/yidian/code/datacenter/docs/library/04_市场与研究/中文行业报告集/202L 数据中心新/2019.7 中国移动南方基地二期工程二阶段项目/造价类资料（全程免费，得来不易需要完成一些小任务）1/1工程量清单-中国移动南方基地二期工程二阶段项目施工总承包(0)/电气工程/[20.1栋]集中控制型消防应急照明和疏散指示系统/05325  A [20.1栋]集中控制型消防应急照明和疏散指示系统.xlsx.7z,44658,2019.7 中国移动南方基地二期工程二阶段项目,给排水与消防专业造价或图纸,M02/M10,头部加密（包内文件名都读不出）
/Users/yidian/code/datacenter/docs/library/04_市场与研究/中文行业报告集/202L 数据中心新/2019.7 中国移动南方基地二期工程二阶段项目/造价类资料（全程免费，得来不易需要完成一些小任务）1/1工程量清单-中国移动南方基地二期工程二阶段项目施工总承包(0)/电气工程/[20.2栋]电气工程/05325  A [20.2栋]电气工程.xlsx.7z,68322,2019.7 中国移动南方基地二期工程二阶段项目,电气/供配电专业造价或图纸,M02/M09/M10,头部加密（包内文件名都读不出）
/Users/yidian/code/datacenter/docs/library/04_市场与研究/中文行业报告集/202L 数据中心新/2019.7 中国移动南方基地二期工程二阶段项目/造价类资料（全程免费，得来不易需要完成一些小任务）1/1工程量清单-中国移动南方基地二期工程二阶段项目施工总承包(0)/电气工程/[20.2栋]集中控制型消防应急照明和疏散指示系统/05073  A [20.2栋]集中控制型消防应急照明和疏散指示系统.xlsx.7z,44322,2019.7 中国移动南方基地二期工程二阶段项目,给排水与消防专业造价或图纸,M02/M10,头部加密（包内文件名都读不出）
/Users/yidian/code/datacenter/docs/library/04_市场与研究/中文行业报告集/202L 数据中心新/2019.7 中国移动南方基地二期工程二阶段项目/造价类资料（全程免费，得来不易需要完成一些小任务）1/1工程量清单-中国移动南方基地二期工程二阶段项目施工总承包(0)/电气工程/[20.4栋]电气工程/05073  A [20.4栋]电气工程.xlsx.7z,60482,2019.7 中国移动南方基地二期工程二阶段项目,电气/供配电专业造价或图纸,M02/M09/M10,头部加密（包内文件名都读不出）
/Users/yidian/code/datacenter/docs/library/04_市场与研究/中文行业报告集/202L 数据中心新/2019.7 中国移动南方基地二期工程二阶段项目/造价类资料（全程免费，得来不易需要完成一些小任务）1/1工程量清单-中国移动南方基地二期工程二阶段项目施工总承包(0)/电气工程/[20.4栋]集中控制型消防应急照明和疏散指示系统/05073  A [20.4栋]集中控制型消防应急照明和疏散指示系统.xlsx.7z,42322,2019.7 中国移动南方基地二期工程二阶段项目,给排水与消防专业造价或图纸,M02/M10,头部加密（包内文件名都读不出）
/Users/yidian/code/datacenter/docs/library/04_市场与研究/中文行业报告集/202L 数据中心新/2019.7 中国移动南方基地二期工程二阶段项目/造价类资料（全程免费，得来不易需要完成一些小任务）1/1工程量清单-中国移动南方基地二期工程二阶段项目施工总承包(0)/电气工程/[地下室]电气工程/05073  A [地下室]电气工程.xlsx.7z,109346,2019.7 中国移动南方基地二期工程二阶段项目,电气/供配电专业造价或图纸,M02/M09/M10,头部加密（包内文件名都读不出）
/Users/yidian/code/datacenter/docs/library/04_市场与研究/中文行业报告集/202L 数据中心新/2019.7 中国移动南方基地二期工程二阶段项目/造价类资料（全程免费，得来不易需要完成一些小任务）1/1工程量清单-中国移动南方基地二期工程二阶段项目施工总承包(0)/电气工程/[地下室]集中控制型消防应急照明和疏散指示系统/05073  A [地下室]集中控制型消防应急照明和疏散指示系统.xlsx.7z,44514,2019.7 中国移动南方基地二期工程二阶段项目,给排水与消防专业造价或图纸,M02/M10,头部加密（包内文件名都读不出）
/Users/yidian/code/datacenter/docs/library/04_市场与研究/中文行业报告集/202L 数据中心新/2019.7 中国移动南方基地二期工程二阶段项目/造价类资料（全程免费，得来不易需要完成一些小任务）1/1工程量清单-中国移动南方基地二期工程二阶段项目施工总承包(0)/电气工程/室外电气工程/05054  B 室外电气工程.xlsx.7z,37570,2019.7 中国移动南方基地二期工程二阶段项目,电气/供配电专业造价或图纸,M02/M09/M10,头部加密（包内文件名都读不出）
/Users/yidian/code/datacenter/docs/library/04_市场与研究/中文行业报告集/202L 数据中心新/2019.7 中国移动南方基地二期工程二阶段项目/造价类资料（全程免费，得来不易需要完成一些小任务）1/1工程量清单-中国移动南方基地二期工程二阶段项目施工总承包(0)/白蚁防治工程/白蚁防治工程/05054  B 白蚁防治工程.xlsx.7z,30450,2019.7 中国移动南方基地二期工程二阶段项目,工程量清单与计价表,M10,头部加密（包内文件名都读不出）
/Users/yidian/code/datacenter/docs/library/04_市场与研究/中文行业报告集/202L 数据中心新/2019.7 中国移动南方基地二期工程二阶段项目/造价类资料（全程免费，得来不易需要完成一些小任务）1/1工程量清单-中国移动南方基地二期工程二阶段项目施工总承包(0)/精装修工程暂估价/安装精装修工程暂估价/05054  B 安装精装修工程暂估价.xlsx.7z,30354,2019.7 中国移动南方基地二期工程二阶段项目,工程量清单与计价表,M10,头部加密（包内文件名都读不出）
/Users/yidian/code/datacenter/docs/library/04_市场与研究/中文行业报告集/202L 数据中心新/2019.7 中国移动南方基地二期工程二阶段项目/造价类资料（全程免费，得来不易需要完成一些小任务）1/1工程量清单-中国移动南方基地二期工程二阶段项目施工总承包(0)/精装修工程暂估价/装修精装修工程暂估价/05302  B 装修精装修工程暂估价.xlsx.7z,30354,2019.7 中国移动南方基地二期工程二阶段项目,工程量清单与计价表,M10,头部加密（包内文件名都读不出）
/Users/yidian/code/datacenter/docs/library/04_市场与研究/中文行业报告集/202L 数据中心新/2019.7 中国移动南方基地二期工程二阶段项目/造价类资料（全程免费，得来不易需要完成一些小任务）1/1工程量清单-中国移动南方基地二期工程二阶段项目施工总承包(0)/给排水工程/[20.1栋]给排水工程/05051  B [20.1栋]给排水工程.xlsx.7z,53858,2019.7 中国移动南方基地二期工程二阶段项目,给排水与消防专业造价或图纸,M02/M10,头部加密（包内文件名都读不出）
/Users/yidian/code/datacenter/docs/library/04_市场与研究/中文行业报告集/202L 数据中心新/2019.7 中国移动南方基地二期工程二阶段项目/造价类资料（全程免费，得来不易需要完成一些小任务）1/1工程量清单-中国移动南方基地二期工程二阶段项目施工总承包(0)/给排水工程/[20.2栋]给排水工程/05302  B [20.2栋]给排水工程.xlsx.7z,60674,2019.7 中国移动南方基地二期工程二阶段项目,给排水与消防专业造价或图纸,M02/M10,头部加密（包内文件名都读不出）
/Users/yidian/code/datacenter/docs/library/04_市场与研究/中文行业报告集/202L 数据中心新/2019.7 中国移动南方基地二期工程二阶段项目/造价类资料（全程免费，得来不易需要完成一些小任务）1/1工程量清单-中国移动南方基地二期工程二阶段项目施工总承包(0)/给排水工程/[20.4栋]给排水工程/05051  B [20.4栋]给排水工程.xlsx.7z,53842,2019.7 中国移动南方基地二期工程二阶段项目,给排水与消防专业造价或图纸,M02/M10,头部加密（包内文件名都读不出）
/Users/yidian/code/datacenter/docs/library/04_市场与研究/中文行业报告集/202L 数据中心新/2019.7 中国移动南方基地二期工程二阶段项目/造价类资料（全程免费，得来不易需要完成一些小任务）1/1工程量清单-中国移动南方基地二期工程二阶段项目施工总承包(0)/给排水工程/[地下室]给排水工程/05051  B [地下室]给排水工程.xlsx.7z,86658,2019.7 中国移动南方基地二期工程二阶段项目,给排水与消防专业造价或图纸,M02/M10,头部加密（包内文件名都读不出）
/Users/yidian/code/datacenter/docs/library/04_市场与研究/中文行业报告集/202L 数据中心新/2019.7 中国移动南方基地二期工程二阶段项目/造价类资料（全程免费，得来不易需要完成一些小任务）1/1工程量清单-中国移动南方基地二期工程二阶段项目施工总承包(0)/给排水工程/直饮水系统工程/05031  B 直饮水系统工程.xlsx.7z,62674,2019.7 中国移动南方基地二期工程二阶段项目,工程量清单与计价表,M10,头部加密（包内文件名都读不出）
/Users/yidian/code/datacenter/docs/library/04_市场与研究/中文行业报告集/202L 数据中心新/2019.7 中国移动南方基地二期工程二阶段项目/造价类资料（全程免费，得来不易需要完成一些小任务）1/1工程量清单-中国移动南方基地二期工程二阶段项目施工总承包(0)/给排水工程/雨水回用系统工程/05031  B 雨水回用系统工程.xlsx.7z,62786,2019.7 中国移动南方基地二期工程二阶段项目,工程量清单与计价表,M10,头部加密（包内文件名都读不出）
/Users/yidian/code/datacenter/docs/library/04_市场与研究/中文行业报告集/202L 数据中心新/2019.7 中国移动南方基地二期工程二阶段项目/造价类资料（全程免费，得来不易需要完成一些小任务）1/1工程量清单-中国移动南方基地二期工程二阶段项目施工总承包(0)/通风空调工程/[20.1栋]通风空调工程/05031  B [20.1栋]通风空调工程.xlsx.7z,139218,2019.7 中国移动南方基地二期工程二阶段项目,暖通空调/冷源专业造价或图纸,M02/M10,头部加密（包内文件名都读不出）
/Users/yidian/code/datacenter/docs/library/04_市场与研究/中文行业报告集/202L 数据中心新/2019.7 中国移动南方基地二期工程二阶段项目/造价类资料（全程免费，得来不易需要完成一些小任务）1/1工程量清单-中国移动南方基地二期工程二阶段项目施工总承包(0)/通风空调工程/[20.2栋]通风空调工程/05031  B [20.2栋]通风空调工程.xlsx.7z,179154,2019.7 中国移动南方基地二期工程二阶段项目,暖通空调/冷源专业造价或图纸,M02/M10,头部加密（包内文件名都读不出）
/Users/yidian/code/datacenter/docs/library/04_市场与研究/中文行业报告集/202L 数据中心新/2019.7 中国移动南方基地二期工程二阶段项目/造价类资料（全程免费，得来不易需要完成一些小任务）1/1工程量清单-中国移动南方基地二期工程二阶段项目施工总承包(0)/通风空调工程/[20.4栋]通风空调工程/05279  B [20.4栋]通风空调工程.xlsx.7z,127250,2019.7 中国移动南方基地二期工程二阶段项目,暖通空调/冷源专业造价或图纸,M02/M10,头部加密（包内文件名都读不出）
/Users/yidian/code/datacenter/docs/library/04_市场与研究/中文行业报告集/202L 数据中心新/2019.7 中国移动南方基地二期工程二阶段项目/造价类资料（全程免费，得来不易需要完成一些小任务）1/1工程量清单-中国移动南方基地二期工程二阶段项目施工总承包(0)/通风空调工程/[地下室]通风空调工程/05279  B [地下室]通风空调工程.xlsx.7z,126786,2019.7 中国移动南方基地二期工程二阶段项目,暖通空调/冷源专业造价或图纸,M02/M10,头部加密（包内文件名都读不出）
/Users/yidian/code/datacenter/docs/library/04_市场与研究/中文行业报告集/202L 数据中心新/2019.7 中国移动南方基地二期工程二阶段项目/造价类资料（全程免费，得来不易需要完成一些小任务）1/1工程量清单-中国移动南方基地二期工程二阶段项目施工总承包(0)/高低压配电工程/发电机房配电工程/05028  B 发电机房配电工程.xlsx.7z,53554,2019.7 中国移动南方基地二期工程二阶段项目,电气/供配电专业造价或图纸,M02/M09/M10,头部加密（包内文件名都读不出）
/Users/yidian/code/datacenter/docs/library/04_市场与研究/中文行业报告集/202L 数据中心新/2019.7 中国移动南方基地二期工程二阶段项目/造价类资料（全程免费，得来不易需要完成一些小任务）1/1工程量清单-中国移动南方基地二期工程二阶段项目施工总承包(0)/高低压配电工程/高低压配电-土建部分/05279  B 高低压配电-土建部分.xlsx.7z,50738,2019.7 中国移动南方基地二期工程二阶段项目,电气/供配电专业造价或图纸,M02/M09/M10,头部加密（包内文件名都读不出）
/Users/yidian/code/datacenter/docs/library/04_市场与研究/中文行业报告集/202L 数据中心新/2019.7 中国移动南方基地二期工程二阶段项目/造价类资料（全程免费，得来不易需要完成一些小任务）1/1工程量清单-中国移动南方基地二期工程二阶段项目施工总承包(0)/高低压配电工程/高低压配电工程/05028  B 高低压配电工程.xlsx.7z,83362,2019.7 中国移动南方基地二期工程二阶段项目,电气/供配电专业造价或图纸,M02/M09/M10,头部加密（包内文件名都读不出）
/Users/yidian/code/datacenter/docs/library/04_市场与研究/中文行业报告集/202L 数据中心新/2019.7 中国移动南方基地二期工程二阶段项目/造价类资料（全程免费，得来不易需要完成一些小任务）1/1控制价-中国移动南方基地二期工程二阶段项目施工总承包/05028  B 中国移动南方基地二期工程二阶段项目施工总承包k.xlsx.7z,29026,2019.7 中国移动南方基地二期工程二阶段项目,招标控制价（业主给出的价格上限）,M10,头部加密（包内文件名都读不出）
/Users/yidian/code/datacenter/docs/library/04_市场与研究/中文行业报告集/202L 数据中心新/2019.7 中国移动南方基地二期工程二阶段项目/造价类资料（全程免费，得来不易需要完成一些小任务）1/1控制价-中国移动南方基地二期工程二阶段项目施工总承包/临时用水/05008  A 临时用水.xlsx.7z,7615,2019.7 中国移动南方基地二期工程二阶段项目,临时设施工程造价,M10,头部加密（包内文件名都读不出）
/Users/yidian/code/datacenter/docs/library/04_市场与研究/中文行业报告集/202L 数据中心新/2019.7 中国移动南方基地二期工程二阶段项目/造价类资料（全程免费，得来不易需要完成一些小任务）1/1控制价-中国移动南方基地二期工程二阶段项目施工总承包/临时用水/临时用水/05008  A 临时用水.xlsx.7z,30737,2019.7 中国移动南方基地二期工程二阶段项目,临时设施工程造价,M10,头部加密（包内文件名都读不出）
/Users/yidian/code/datacenter/docs/library/04_市场与研究/中文行业报告集/202L 数据中心新/2019.7 中国移动南方基地二期工程二阶段项目/造价类资料（全程免费，得来不易需要完成一些小任务）1/1控制价-中国移动南方基地二期工程二阶段项目施工总承包/冷源系统工程/05008  A 冷源系统工程.xlsx.7z,7664,2019.7 中国移动南方基地二期工程二阶段项目,暖通空调/冷源专业造价或图纸,M02/M10,头部加密（包内文件名都读不出）
/Users/yidian/code/datacenter/docs/library/04_市场与研究/中文行业报告集/202L 数据中心新/2019.7 中国移动南方基地二期工程二阶段项目/造价类资料（全程免费，得来不易需要完成一些小任务）1/1控制价-中国移动南方基地二期工程二阶段项目施工总承包/冷源系统工程/冷源系统工程/05008  A 冷源系统工程.xlsx.7z,359314,2019.7 中国移动南方基地二期工程二阶段项目,暖通空调/冷源专业造价或图纸,M02/M10,头部加密（包内文件名都读不出）
/Users/yidian/code/datacenter/docs/library/04_市场与研究/中文行业报告集/202L 数据中心新/2019.7 中国移动南方基地二期工程二阶段项目/造价类资料（全程免费，得来不易需要完成一些小任务）1/1控制价-中国移动南方基地二期工程二阶段项目施工总承包/凌塘村排水工程及相关拆除补偿/05008  A 凌塘村排水工程及相关拆除补偿.xlsx.7z,7761,2019.7 中国移动南方基地二期工程二阶段项目,招标控制价（业主给出的价格上限）,M10,头部加密（包内文件名都读不出）
/Users/yidian/code/datacenter/docs/library/04_市场与研究/中文行业报告集/202L 数据中心新/2019.7 中国移动南方基地二期工程二阶段项目/造价类资料（全程免费，得来不易需要完成一些小任务）1/1控制价-中国移动南方基地二期工程二阶段项目施工总承包/凌塘村排水工程及相关拆除补偿/凌塘村排水工程/05257  A 凌塘村排水工程.xlsx.7z,51282,2019.7 中国移动南方基地二期工程二阶段项目,招标控制价（业主给出的价格上限）,M10,头部加密（包内文件名都读不出）
/Users/yidian/code/datacenter/docs/library/04_市场与研究/中文行业报告集/202L 数据中心新/2019.7 中国移动南方基地二期工程二阶段项目/造价类资料（全程免费，得来不易需要完成一些小任务）1/1控制价-中国移动南方基地二期工程二阶段项目施工总承包/凌塘村排水工程及相关拆除补偿/靠凌塘村侧排水管埋设涉及到的现状拆除及补偿项目/05257  A 靠凌塘村侧排水管埋设涉及到的现状拆除及补偿项目.xlsx.7z,67186,2019.7 中国移动南方基地二期工程二阶段项目,招标控制价（业主给出的价格上限）,M10,头部加密（包内文件名都读不出）
/Users/yidian/code/datacenter/docs/library/04_市场与研究/中文行业报告集/202L 数据中心新/2019.7 中国移动南方基地二期工程二阶段项目/造价类资料（全程免费，得来不易需要完成一些小任务）1/1控制价-中国移动南方基地二期工程二阶段项目施工总承包/园林工程暂估价/园林工程暂估价/05257  A 园林工程暂估价.xlsx.7z,29042,2019.7 中国移动南方基地二期工程二阶段项目,招标控制价（业主给出的价格上限）,M10,头部加密（包内文件名都读不出）
/Users/yidian/code/datacenter/docs/library/04_市场与研究/中文行业报告集/202L 数据中心新/2019.7 中国移动南方基地二期工程二阶段项目/造价类资料（全程免费，得来不易需要完成一些小任务）1/1控制价-中国移动南方基地二期工程二阶段项目施工总承包/土建工程/05257  A 土建工程.xlsx.7z,8143,2019.7 中国移动南方基地二期工程二阶段项目,土建结构专业造价或图纸,M10/M05,头部加密（包内文件名都读不出）
/Users/yidian/code/datacenter/docs/library/04_市场与研究/中文行业报告集/202L 数据中心新/2019.7 中国移动南方基地二期工程二阶段项目/造价类资料（全程免费，得来不易需要完成一些小任务）1/1控制价-中国移动南方基地二期工程二阶段项目施工总承包/土建工程/±0.00以上土建工程-外立面工程（20.1栋）/05005  A ±0.00以上土建工程-外立面工程（20.1栋）.xlsx.7z,169714,2019.7 中国移动南方基地二期工程二阶段项目,土建结构专业造价或图纸,M10/M05,头部加密（包内文件名都读不出）
/Users/yidian/code/datacenter/docs/library/04_市场与研究/中文行业报告集/202L 数据中心新/2019.7 中国移动南方基地二期工程二阶段项目/造价类资料（全程免费，得来不易需要完成一些小任务）1/1控制价-中国移动南方基地二期工程二阶段项目施工总承包/土建工程/±0.00以上土建工程-外立面工程（20.2栋）/05005  A ±0.00以上土建工程-外立面工程（20.2栋）.xlsx.7z,281490,2019.7 中国移动南方基地二期工程二阶段项目,土建结构专业造价或图纸,M10/M05,头部加密（包内文件名都读不出）
/Users/yidian/code/datacenter/docs/library/04_市场与研究/中文行业报告集/202L 数据中心新/2019.7 中国移动南方基地二期工程二阶段项目/造价类资料（全程免费，得来不易需要完成一些小任务）1/1控制价-中国移动南方基地二期工程二阶段项目施工总承包/土建工程/±0.00以上土建工程-外立面工程（20.4栋）/05485A ±0.00以上土建工程-外立面工程（20.4栋）.xlsx.7z,132274,2019.7 中国移动南方基地二期工程二阶段项目,土建结构专业造价或图纸,M10/M05,头部加密（包内文件名都读不出）
/Users/yidian/code/datacenter/docs/library/04_市场与研究/中文行业报告集/202L 数据中心新/2019.7 中国移动南方基地二期工程二阶段项目/造价类资料（全程免费，得来不易需要完成一些小任务）1/1控制价-中国移动南方基地二期工程二阶段项目施工总承包/土建工程/±0.00以上土建工程-建筑工程（20.1栋）/05485A ±0.00以上土建工程-建筑工程（20.1栋）.xlsx.7z,270034,2019.7 中国移动南方基地二期工程二阶段项目,土建结构专业造价或图纸,M10/M05,头部加密（包内文件名都读不出）
/Users/yidian/code/datacenter/docs/library/04_市场与研究/中文行业报告集/202L 数据中心新/2019.7 中国移动南方基地二期工程二阶段项目/造价类资料（全程免费，得来不易需要完成一些小任务）1/1控制价-中国移动南方基地二期工程二阶段项目施工总承包/土建工程/±0.00以上土建工程-建筑工程（20.2栋）/05485A ±0.00以上土建工程-建筑工程（20.2栋）.xlsx.7z,338610,2019.7 中国移动南方基地二期工程二阶段项目,土建结构专业造价或图纸,M10/M05,头部加密（包内文件名都读不出）
/Users/yidian/code/datacenter/docs/library/04_市场与研究/中文行业报告集/202L 数据中心新/2019.7 中国移动南方基地二期工程二阶段项目/造价类资料（全程免费，得来不易需要完成一些小任务）1/1控制价-中国移动南方基地二期工程二阶段项目施工总承包/土建工程/±0.00以上土建工程-建筑工程（20.4栋）/05485A ±0.00以上土建工程-建筑工程（20.4栋）.xlsx.7z,214482,2019.7 中国移动南方基地二期工程二阶段项目,土建结构专业造价或图纸,M10/M05,头部加密（包内文件名都读不出）
/Users/yidian/code/datacenter/docs/library/04_市场与研究/中文行业报告集/202L 数据中心新/2019.7 中国移动南方基地二期工程二阶段项目/造价类资料（全程免费，得来不易需要完成一些小任务）1/1控制价-中国移动南方基地二期工程二阶段项目施工总承包/土建工程/±0.00以下土建工程-人防门/05485A ±0.00以下土建工程-人防门.xlsx.7z,71122,2019.7 中国移动南方基地二期工程二阶段项目,土建结构专业造价或图纸,M10/M05,头部加密（包内文件名都读不出）
/Users/yidian/code/datacenter/docs/library/04_市场与研究/中文行业报告集/202L 数据中心新/2019.7 中国移动南方基地二期工程二阶段项目/造价类资料（全程免费，得来不易需要完成一些小任务）1/1控制价-中国移动南方基地二期工程二阶段项目施工总承包/土建工程/±0.00以下土建工程-建筑工程/05234  A ±0.00以下土建工程-建筑工程.xlsx.7z,309474,2019.7 中国移动南方基地二期工程二阶段项目,土建结构专业造价或图纸,M10/M05,头部加密（包内文件名都读不出）
/Users/yidian/code/datacenter/docs/library/04_市场与研究/中文行业报告集/202L 数据中心新/2019.7 中国移动南方基地二期工程二阶段项目/造价类资料（全程免费，得来不易需要完成一些小任务）1/1控制价-中国移动南方基地二期工程二阶段项目施工总承包/土建工程/±0.00以下土建工程-装饰工程/05234  A ±0.00以下土建工程-装饰工程.xlsx.7z,158562,2019.7 中国移动南方基地二期工程二阶段项目,土建结构专业造价或图纸,M10/M05,头部加密（包内文件名都读不出）
/Users/yidian/code/datacenter/docs/library/04_市场与研究/中文行业报告集/202L 数据中心新/2019.7 中国移动南方基地二期工程二阶段项目/造价类资料（全程免费，得来不易需要完成一些小任务）1/1控制价-中国移动南方基地二期工程二阶段项目施工总承包/土建工程/基坑支护工程/05482A 基坑支护工程.xlsx.7z,159538,2019.7 中国移动南方基地二期工程二阶段项目,土建结构专业造价或图纸,M10/M05,头部加密（包内文件名都读不出）
/Users/yidian/code/datacenter/docs/library/04_市场与研究/中文行业报告集/202L 数据中心新/2019.7 中国移动南方基地二期工程二阶段项目/造价类资料（全程免费，得来不易需要完成一些小任务）1/1控制价-中国移动南方基地二期工程二阶段项目施工总承包/土建工程/桩基工程/05482A 桩基工程.xlsx.7z,43153,2019.7 中国移动南方基地二期工程二阶段项目,土建结构专业造价或图纸,M10/M05,头部加密（包内文件名都读不出）
/Users/yidian/code/datacenter/docs/library/04_市场与研究/中文行业报告集/202L 数据中心新/2019.7 中国移动南方基地二期工程二阶段项目/造价类资料（全程免费，得来不易需要完成一些小任务）1/1控制价-中国移动南方基地二期工程二阶段项目施工总承包/地下室人防工程/05211  B 地下室人防工程.xlsx.7z,7760,2019.7 中国移动南方基地二期工程二阶段项目,招标控制价（业主给出的价格上限）,M10,头部加密（包内文件名都读不出）
/Users/yidian/code/datacenter/docs/library/04_市场与研究/中文行业报告集/202L 数据中心新/2019.7 中国移动南方基地二期工程二阶段项目/造价类资料（全程免费，得来不易需要完成一些小任务）1/1控制价-中国移动南方基地二期工程二阶段项目施工总承包/地下室人防工程/[地下室]人防电气工程/05211  B [地下室]人防电气工程.xlsx.7z,132962,2019.7 中国移动南方基地二期工程二阶段项目,电气/供配电专业造价或图纸,M02/M09/M10,头部加密（包内文件名都读不出）
/Users/yidian/code/datacenter/docs/library/04_市场与研究/中文行业报告集/202L 数据中心新/2019.7 中国移动南方基地二期工程二阶段项目/造价类资料（全程免费，得来不易需要完成一些小任务）1/1控制价-中国移动南方基地二期工程二阶段项目施工总承包/地下室人防工程/[地下室]人防给排水工程/05211  B [地下室]人防给排水工程.xlsx.7z,73362,2019.7 中国移动南方基地二期工程二阶段项目,给排水与消防专业造价或图纸,M02/M10,头部加密（包内文件名都读不出）
/Users/yidian/code/datacenter/docs/library/04_市场与研究/中文行业报告集/202L 数据中心新/2019.7 中国移动南方基地二期工程二阶段项目/造价类资料（全程免费，得来不易需要完成一些小任务）1/1控制价-中国移动南方基地二期工程二阶段项目施工总承包/地下室人防工程/[地下室]人防通风工程/05211  B [地下室]人防通风工程.xlsx.7z,76994,2019.7 中国移动南方基地二期工程二阶段项目,暖通空调/冷源专业造价或图纸,M02/M10,头部加密（包内文件名都读不出）
/Users/yidian/code/datacenter/docs/library/04_市场与研究/中文行业报告集/202L 数据中心新/2019.7 中国移动南方基地二期工程二阶段项目/造价类资料（全程免费，得来不易需要完成一些小任务）1/1控制价-中国移动南方基地二期工程二阶段项目施工总承包/地下管线盲探/05211  B 地下管线盲探.xlsx.7z,7648,2019.7 中国移动南方基地二期工程二阶段项目,室外/园区工程造价,M05/M10,头部加密（包内文件名都读不出）
/Users/yidian/code/datacenter/docs/library/04_市场与研究/中文行业报告集/202L 数据中心新/2019.7 中国移动南方基地二期工程二阶段项目/造价类资料（全程免费，得来不易需要完成一些小任务）1/1控制价-中国移动南方基地二期工程二阶段项目施工总承包/地下管线盲探/地下管线盲探/05211  B 地下管线盲探.xlsx.7z,30786,2019.7 中国移动南方基地二期工程二阶段项目,室外/园区工程造价,M05/M10,头部加密（包内文件名都读不出）
/Users/yidian/code/datacenter/docs/library/04_市场与研究/中文行业报告集/202L 数据中心新/2019.7 中国移动南方基地二期工程二阶段项目/造价类资料（全程免费，得来不易需要完成一些小任务）1/1控制价-中国移动南方基地二期工程二阶段项目施工总承包/室外工程/发电机房柴油供油系统工程/05211  B 发电机房柴油供油系统工程.xlsx.7z,158818,2019.7 中国移动南方基地二期工程二阶段项目,电气/供配电专业造价或图纸,M02/M09/M10,头部加密（包内文件名都读不出）
/Users/yidian/code/datacenter/docs/library/04_市场与研究/中文行业报告集/202L 数据中心新/2019.7 中国移动南方基地二期工程二阶段项目/造价类资料（全程免费，得来不易需要完成一些小任务）1/1控制价-中国移动南方基地二期工程二阶段项目施工总承包/室外工程/园建工程/05459B 园建工程.xlsx.7z,103249,2019.7 中国移动南方基地二期工程二阶段项目,招标控制价（业主给出的价格上限）,M10,头部加密（包内文件名都读不出）
/Users/yidian/code/datacenter/docs/library/04_市场与研究/中文行业报告集/202L 数据中心新/2019.7 中国移动南方基地二期工程二阶段项目/造价类资料（全程免费，得来不易需要完成一些小任务）1/1控制价-中国移动南方基地二期工程二阶段项目施工总承包/室外工程/室外综合管网给排水工程/05440B 室外综合管网给排水工程.xlsx.7z,117282,2019.7 中国移动南方基地二期工程二阶段项目,给排水与消防专业造价或图纸,M02/M10,头部加密（包内文件名都读不出）
/Users/yidian/code/datacenter/docs/library/04_市场与研究/中文行业报告集/202L 数据中心新/2019.7 中国移动南方基地二期工程二阶段项目/造价类资料（全程免费，得来不易需要完成一些小任务）1/1控制价-中国移动南方基地二期工程二阶段项目施工总承包/室外工程/室外雨水收集系统工程/05211  B 室外雨水收集系统工程.xlsx.7z,58594,2019.7 中国移动南方基地二期工程二阶段项目,室外/园区工程造价,M05/M10,头部加密（包内文件名都读不出）
/Users/yidian/code/datacenter/docs/library/04_市场与研究/中文行业报告集/202L 数据中心新/2019.7 中国移动南方基地二期工程二阶段项目/造价类资料（全程免费，得来不易需要完成一些小任务）1/1控制价-中国移动南方基地二期工程二阶段项目施工总承包/室外工程/智能化工程/05211  B 智能化工程.xlsx.7z,58354,2019.7 中国移动南方基地二期工程二阶段项目,智能化/弱电专业造价或图纸,M10/M13,头部加密（包内文件名都读不出）
/Users/yidian/code/datacenter/docs/library/04_市场与研究/中文行业报告集/202L 数据中心新/2019.7 中国移动南方基地二期工程二阶段项目/造价类资料（全程免费，得来不易需要完成一些小任务）1/1控制价-中国移动南方基地二期工程二阶段项目施工总承包/室外工程/永久围墙工程/05440B 永久围墙工程.xlsx.7z,50834,2019.7 中国移动南方基地二期工程二阶段项目,室外/园区工程造价,M05/M10,头部加密（包内文件名都读不出）
/Users/yidian/code/datacenter/docs/library/04_市场与研究/中文行业报告集/202L 数据中心新/2019.7 中国移动南方基地二期工程二阶段项目/造价类资料（全程免费，得来不易需要完成一些小任务）1/1控制价-中国移动南方基地二期工程二阶段项目施工总承包/室外工程/消防水灭火系统工程/05211  B 消防水灭火系统工程.xlsx.7z,74786,2019.7 中国移动南方基地二期工程二阶段项目,给排水与消防专业造价或图纸,M02/M10,头部加密（包内文件名都读不出）
/Users/yidian/code/datacenter/docs/library/04_市场与研究/中文行业报告集/202L 数据中心新/2019.7 中国移动南方基地二期工程二阶段项目/造价类资料（全程免费，得来不易需要完成一些小任务）1/1控制价-中国移动南方基地二期工程二阶段项目施工总承包/室外工程/雨水收集池土建/05440B 雨水收集池土建.xlsx.7z,62002,2019.7 中国移动南方基地二期工程二阶段项目,土建结构专业造价或图纸,M10/M05,头部加密（包内文件名都读不出）
/Users/yidian/code/datacenter/docs/library/04_市场与研究/中文行业报告集/202L 数据中心新/2019.7 中国移动南方基地二期工程二阶段项目/造价类资料（全程免费，得来不易需要完成一些小任务）1/1控制价-中国移动南方基地二期工程二阶段项目施工总承包/室外配套工程/05440B 室外配套工程.xlsx.7z,7936,2019.7 中国移动南方基地二期工程二阶段项目,室外/园区工程造价,M05/M10,头部加密（包内文件名都读不出）
/Users/yidian/code/datacenter/docs/library/04_市场与研究/中文行业报告集/202L 数据中心新/2019.7 中国移动南方基地二期工程二阶段项目/造价类资料（全程免费，得来不易需要完成一些小任务）1/1控制价-中国移动南方基地二期工程二阶段项目施工总承包/室外配套工程/±0.00以上土建工程-室内装饰工程（门房A）/05459B ±0.00以上土建工程-室内装饰工程（门房A）.xlsx.7z,122754,2019.7 中国移动南方基地二期工程二阶段项目,土建结构专业造价或图纸,M10/M05,头部加密（包内文件名都读不出）
/Users/yidian/code/datacenter/docs/library/04_市场与研究/中文行业报告集/202L 数据中心新/2019.7 中国移动南方基地二期工程二阶段项目/造价类资料（全程免费，得来不易需要完成一些小任务）1/1控制价-中国移动南方基地二期工程二阶段项目施工总承包/室外配套工程/±0.00以上土建工程-建筑工程（门房A）/05459B ±0.00以上土建工程-建筑工程（门房A）.xlsx.7z,98498,2019.7 中国移动南方基地二期工程二阶段项目,土建结构专业造价或图纸,M10/M05,头部加密（包内文件名都读不出）
/Users/yidian/code/datacenter/docs/library/04_市场与研究/中文行业报告集/202L 数据中心新/2019.7 中国移动南方基地二期工程二阶段项目/造价类资料（全程免费，得来不易需要完成一些小任务）1/1控制价-中国移动南方基地二期工程二阶段项目施工总承包/室外配套工程/临时围蔽工程/05440B 临时围蔽工程.xlsx.7z,34338,2019.7 中国移动南方基地二期工程二阶段项目,招标控制价（业主给出的价格上限）,M10,头部加密（包内文件名都读不出）
/Users/yidian/code/datacenter/docs/library/04_市场与研究/中文行业报告集/202L 数据中心新/2019.7 中国移动南方基地二期工程二阶段项目/造价类资料（全程免费，得来不易需要完成一些小任务）1/1控制价-中国移动南方基地二期工程二阶段项目施工总承包/室外配套工程/土方平衡/05440B 土方平衡.xlsx.7z,49793,2019.7 中国移动南方基地二期工程二阶段项目,招标控制价（业主给出的价格上限）,M10,头部加密（包内文件名都读不出）
/Users/yidian/code/datacenter/docs/library/04_市场与研究/中文行业报告集/202L 数据中心新/2019.7 中国移动南方基地二期工程二阶段项目/造价类资料（全程免费，得来不易需要完成一些小任务）1/1控制价-中国移动南方基地二期工程二阶段项目施工总承包/室外配套工程/燃气工程/05440B 燃气工程.xlsx.7z,215185,2019.7 中国移动南方基地二期工程二阶段项目,招标控制价（业主给出的价格上限）,M10,头部加密（包内文件名都读不出）
/Users/yidian/code/datacenter/docs/library/04_市场与研究/中文行业报告集/202L 数据中心新/2019.7 中国移动南方基地二期工程二阶段项目/造价类资料（全程免费，得来不易需要完成一些小任务）1/1控制价-中国移动南方基地二期工程二阶段项目施工总承包/室外配套工程/门卫室安装工程/05459B 门卫室安装工程.xlsx.7z,126738,2019.7 中国移动南方基地二期工程二阶段项目,招标控制价（业主给出的价格上限）,M10,头部加密（包内文件名都读不出）
/Users/yidian/code/datacenter/docs/library/04_市场与研究/中文行业报告集/202L 数据中心新/2019.7 中国移动南方基地二期工程二阶段项目/造价类资料（全程免费，得来不易需要完成一些小任务）1/1控制价-中国移动南方基地二期工程二阶段项目施工总承包/总包管理服务费及甲供材料保管费/05440B 总包管理服务费及甲供材料保管费.xlsx.7z,7681,2019.7 中国移动南方基地二期工程二阶段项目,招标控制价（业主给出的价格上限）,M10,头部加密（包内文件名都读不出）
/Users/yidian/code/datacenter/docs/library/04_市场与研究/中文行业报告集/202L 数据中心新/2019.7 中国移动南方基地二期工程二阶段项目/造价类资料（全程免费，得来不易需要完成一些小任务）1/1控制价-中国移动南方基地二期工程二阶段项目施工总承包/总包管理服务费及甲供材料保管费/总包管理服务费及甲供材料保管费/05417A 总包管理服务费及甲供材料保管费.xlsx.7z,29186,2019.7 中国移动南方基地二期工程二阶段项目,招标控制价（业主给出的价格上限）,M10,头部加密（包内文件名都读不出）
/Users/yidian/code/datacenter/docs/library/04_市场与研究/中文行业报告集/202L 数据中心新/2019.7 中国移动南方基地二期工程二阶段项目/造价类资料（全程免费，得来不易需要完成一些小任务）1/1控制价-中国移动南方基地二期工程二阶段项目施工总承包/房屋鉴定/05188  B 房屋鉴定.xlsx.7z,7631,2019.7 中国移动南方基地二期工程二阶段项目,招标控制价（业主给出的价格上限）,M10,头部加密（包内文件名都读不出）
/Users/yidian/code/datacenter/docs/library/04_市场与研究/中文行业报告集/202L 数据中心新/2019.7 中国移动南方基地二期工程二阶段项目/造价类资料（全程免费，得来不易需要完成一些小任务）1/1控制价-中国移动南方基地二期工程二阶段项目施工总承包/房屋鉴定/房屋鉴定/05417A 房屋鉴定.xlsx.7z,30705,2019.7 中国移动南方基地二期工程二阶段项目,招标控制价（业主给出的价格上限）,M10,头部加密（包内文件名都读不出）
/Users/yidian/code/datacenter/docs/library/04_市场与研究/中文行业报告集/202L 数据中心新/2019.7 中国移动南方基地二期工程二阶段项目/造价类资料（全程免费，得来不易需要完成一些小任务）1/1控制价-中国移动南方基地二期工程二阶段项目施工总承包/抗震支架工程/05188  B 抗震支架工程.xlsx.7z,7664,2019.7 中国移动南方基地二期工程二阶段项目,招标控制价（业主给出的价格上限）,M10,头部加密（包内文件名都读不出）
/Users/yidian/code/datacenter/docs/library/04_市场与研究/中文行业报告集/202L 数据中心新/2019.7 中国移动南方基地二期工程二阶段项目/造价类资料（全程免费，得来不易需要完成一些小任务）1/1控制价-中国移动南方基地二期工程二阶段项目施工总承包/抗震支架工程/抗震支架工程/05437B 抗震支架工程.xlsx.7z,283154,2019.7 中国移动南方基地二期工程二阶段项目,招标控制价（业主给出的价格上限）,M10,头部加密（包内文件名都读不出）
/Users/yidian/code/datacenter/docs/library/04_市场与研究/中文行业报告集/202L 数据中心新/2019.7 中国移动南方基地二期工程二阶段项目/造价类资料（全程免费，得来不易需要完成一些小任务）1/1控制价-中国移动南方基地二期工程二阶段项目施工总承包/智能化工程暂估价/智能化工程暂估价/05437B 智能化工程暂估价.xlsx.7z,29042,2019.7 中国移动南方基地二期工程二阶段项目,智能化/弱电专业造价或图纸,M10/M13,头部加密（包内文件名都读不出）
/Users/yidian/code/datacenter/docs/library/04_市场与研究/中文行业报告集/202L 数据中心新/2019.7 中国移动南方基地二期工程二阶段项目/造价类资料（全程免费，得来不易需要完成一些小任务）1/1控制价-中国移动南方基地二期工程二阶段项目施工总承包/消防工程/05437B 消防工程.xlsx.7z,7983,2019.7 中国移动南方基地二期工程二阶段项目,给排水与消防专业造价或图纸,M02/M10,头部加密（包内文件名都读不出）
/Users/yidian/code/datacenter/docs/library/04_市场与研究/中文行业报告集/202L 数据中心新/2019.7 中国移动南方基地二期工程二阶段项目/造价类资料（全程免费，得来不易需要完成一些小任务）1/1控制价-中国移动南方基地二期工程二阶段项目施工总承包/消防工程/[20.1栋]消防水灭火系统工程/05414A [20.1栋]消防水灭火系统工程.xlsx.7z,158482,2019.7 中国移动南方基地二期工程二阶段项目,给排水与消防专业造价或图纸,M02/M10,头部加密（包内文件名都读不出）
/Users/yidian/code/datacenter/docs/library/04_市场与研究/中文行业报告集/202L 数据中心新/2019.7 中国移动南方基地二期工程二阶段项目/造价类资料（全程免费，得来不易需要完成一些小任务）1/1控制价-中国移动南方基地二期工程二阶段项目施工总承包/消防工程/[20.1栋]火灾自动报警工程/05414A [20.1栋]火灾自动报警工程.xlsx.7z,220130,2019.7 中国移动南方基地二期工程二阶段项目,招标控制价（业主给出的价格上限）,M10,头部加密（包内文件名都读不出）
/Users/yidian/code/datacenter/docs/library/04_市场与研究/中文行业报告集/202L 数据中心新/2019.7 中国移动南方基地二期工程二阶段项目/造价类资料（全程免费，得来不易需要完成一些小任务）1/1控制价-中国移动南方基地二期工程二阶段项目施工总承包/消防工程/[20.2栋]消防水灭火系统工程/05414A [20.2栋]消防水灭火系统工程.xlsx.7z,208402,2019.7 中国移动南方基地二期工程二阶段项目,给排水与消防专业造价或图纸,M02/M10,头部加密（包内文件名都读不出）
/Users/yidian/code/datacenter/docs/library/04_市场与研究/中文行业报告集/202L 数据中心新/2019.7 中国移动南方基地二期工程二阶段项目/造价类资料（全程免费，得来不易需要完成一些小任务）1/1控制价-中国移动南方基地二期工程二阶段项目施工总承包/消防工程/[20.2栋]火灾自动报警工程/05166  A [20.2栋]火灾自动报警工程.xlsx.7z,250242,2019.7 中国移动南方基地二期工程二阶段项目,招标控制价（业主给出的价格上限）,M10,头部加密（包内文件名都读不出）
/Users/yidian/code/datacenter/docs/library/04_市场与研究/中文行业报告集/202L 数据中心新/2019.7 中国移动南方基地二期工程二阶段项目/造价类资料（全程免费，得来不易需要完成一些小任务）1/1控制价-中国移动南方基地二期工程二阶段项目施工总承包/消防工程/[20.4栋]消防水灭火系统工程/05414A [20.4栋]消防水灭火系统工程.xlsx.7z,143362,2019.7 中国移动南方基地二期工程二阶段项目,给排水与消防专业造价或图纸,M02/M10,头部加密（包内文件名都读不出）
/Users/yidian/code/datacenter/docs/library/04_市场与研究/中文行业报告集/202L 数据中心新/2019.7 中国移动南方基地二期工程二阶段项目/造价类资料（全程免费，得来不易需要完成一些小任务）1/1控制价-中国移动南方基地二期工程二阶段项目施工总承包/消防工程/[20.4栋]火灾自动报警工程/05414A [20.4栋]火灾自动报警工程.xlsx.7z,275362,2019.7 中国移动南方基地二期工程二阶段项目,招标控制价（业主给出的价格上限）,M10,头部加密（包内文件名都读不出）
/Users/yidian/code/datacenter/docs/library/04_市场与研究/中文行业报告集/202L 数据中心新/2019.7 中国移动南方基地二期工程二阶段项目/造价类资料（全程免费，得来不易需要完成一些小任务）1/1控制价-中国移动南方基地二期工程二阶段项目施工总承包/消防工程/[地下室]消防水灭火系统工程/05394A [地下室]消防水灭火系统工程.xlsx.7z,332514,2019.7 中国移动南方基地二期工程二阶段项目,给排水与消防专业造价或图纸,M02/M10,头部加密（包内文件名都读不出）
/Users/yidian/code/datacenter/docs/library/04_市场与研究/中文行业报告集/202L 数据中心新/2019.7 中国移动南方基地二期工程二阶段项目/造价类资料（全程免费，得来不易需要完成一些小任务）1/1控制价-中国移动南方基地二期工程二阶段项目施工总承包/消防工程/[地下室]火灾自动报警工程/05394A [地下室]火灾自动报警工程.xlsx.7z,225778,2019.7 中国移动南方基地二期工程二阶段项目,招标控制价（业主给出的价格上限）,M10,头部加密（包内文件名都读不出）
/Users/yidian/code/datacenter/docs/library/04_市场与研究/中文行业报告集/202L 数据中心新/2019.7 中国移动南方基地二期工程二阶段项目/造价类资料（全程免费，得来不易需要完成一些小任务）1/1控制价-中国移动南方基地二期工程二阶段项目施工总承包/电梯工程/05394A 电梯工程.xlsx.7z,7743,2019.7 中国移动南方基地二期工程二阶段项目,电梯工程造价,M10,头部加密（包内文件名都读不出）
/Users/yidian/code/datacenter/docs/library/04_市场与研究/中文行业报告集/202L 数据中心新/2019.7 中国移动南方基地二期工程二阶段项目/造价类资料（全程免费，得来不易需要完成一些小任务）1/1控制价-中国移动南方基地二期工程二阶段项目施工总承包/电梯工程/[20.1栋]电梯工程/05394A [20.1栋]电梯工程.xlsx.7z,43522,2019.7 中国移动南方基地二期工程二阶段项目,电梯工程造价,M10,头部加密（包内文件名都读不出）
/Users/yidian/code/datacenter/docs/library/04_市场与研究/中文行业报告集/202L 数据中心新/2019.7 中国移动南方基地二期工程二阶段项目/造价类资料（全程免费，得来不易需要完成一些小任务）1/1控制价-中国移动南方基地二期工程二阶段项目施工总承包/电梯工程/[20.2栋]电梯工程/05394A [20.2栋]电梯工程.xlsx.7z,47858,2019.7 中国移动南方基地二期工程二阶段项目,电梯工程造价,M10,头部加密（包内文件名都读不出）
/Users/yidian/code/datacenter/docs/library/04_市场与研究/中文行业报告集/202L 数据中心新/2019.7 中国移动南方基地二期工程二阶段项目/造价类资料（全程免费，得来不易需要完成一些小任务）1/1控制价-中国移动南方基地二期工程二阶段项目施工总承包/电梯工程/[20.4栋]电梯工程/05394A [20.4栋]电梯工程.xlsx.7z,41026,2019.7 中国移动南方基地二期工程二阶段项目,电梯工程造价,M10,头部加密（包内文件名都读不出）
/Users/yidian/code/datacenter/docs/library/04_市场与研究/中文行业报告集/202L 数据中心新/2019.7 中国移动南方基地二期工程二阶段项目/造价类资料（全程免费，得来不易需要完成一些小任务）1/1控制价-中国移动南方基地二期工程二阶段项目施工总承包/电气工程/05394A 电气工程.xlsx.7z,7999,2019.7 中国移动南方基地二期工程二阶段项目,电气/供配电专业造价或图纸,M02/M09/M10,头部加密（包内文件名都读不出）
/Users/yidian/code/datacenter/docs/library/04_市场与研究/中文行业报告集/202L 数据中心新/2019.7 中国移动南方基地二期工程二阶段项目/造价类资料（全程免费，得来不易需要完成一些小任务）1/1控制价-中国移动南方基地二期工程二阶段项目施工总承包/电气工程/[20.1栋]电气工程/05394A [20.1栋]电气工程.xlsx.7z,234914,2019.7 中国移动南方基地二期工程二阶段项目,电气/供配电专业造价或图纸,M02/M09/M10,头部加密（包内文件名都读不出）
/Users/yidian/code/datacenter/docs/library/04_市场与研究/中文行业报告集/202L 数据中心新/2019.7 中国移动南方基地二期工程二阶段项目/造价类资料（全程免费，得来不易需要完成一些小任务）1/1控制价-中国移动南方基地二期工程二阶段项目施工总承包/电气工程/[20.1栋]集中控制型消防应急照明和疏散指示系统/05234  B [20.1栋]集中控制型消防应急照明和疏散指示系统.xlsx.7z,92434,2019.7 中国移动南方基地二期工程二阶段项目,给排水与消防专业造价或图纸,M02/M10,头部加密（包内文件名都读不出）
/Users/yidian/code/datacenter/docs/library/04_市场与研究/中文行业报告集/202L 数据中心新/2019.7 中国移动南方基地二期工程二阶段项目/造价类资料（全程免费，得来不易需要完成一些小任务）1/1控制价-中国移动南方基地二期工程二阶段项目施工总承包/电气工程/[20.2栋]电气工程/05234  B [20.2栋]电气工程.xlsx.7z,239538,2019.7 中国移动南方基地二期工程二阶段项目,电气/供配电专业造价或图纸,M02/M09/M10,头部加密（包内文件名都读不出）
/Users/yidian/code/datacenter/docs/library/04_市场与研究/中文行业报告集/202L 数据中心新/2019.7 中国移动南方基地二期工程二阶段项目/造价类资料（全程免费，得来不易需要完成一些小任务）1/1控制价-中国移动南方基地二期工程二阶段项目施工总承包/电气工程/[20.2栋]集中控制型消防应急照明和疏散指示系统/05214  A [20.2栋]集中控制型消防应急照明和疏散指示系统.xlsx.7z,92738,2019.7 中国移动南方基地二期工程二阶段项目,给排水与消防专业造价或图纸,M02/M10,头部加密（包内文件名都读不出）
/Users/yidian/code/datacenter/docs/library/04_市场与研究/中文行业报告集/202L 数据中心新/2019.7 中国移动南方基地二期工程二阶段项目/造价类资料（全程免费，得来不易需要完成一些小任务）1/1控制价-中国移动南方基地二期工程二阶段项目施工总承包/电气工程/[20.4栋]电气工程/05214  A [20.4栋]电气工程.xlsx.7z,192914,2019.7 中国移动南方基地二期工程二阶段项目,电气/供配电专业造价或图纸,M02/M09/M10,头部加密（包内文件名都读不出）
/Users/yidian/code/datacenter/docs/library/04_市场与研究/中文行业报告集/202L 数据中心新/2019.7 中国移动南方基地二期工程二阶段项目/造价类资料（全程免费，得来不易需要完成一些小任务）1/1控制价-中国移动南方基地二期工程二阶段项目施工总承包/电气工程/[20.4栋]集中控制型消防应急照明和疏散指示系统/05214  A [20.4栋]集中控制型消防应急照明和疏散指示系统.xlsx.7z,78626,2019.7 中国移动南方基地二期工程二阶段项目,给排水与消防专业造价或图纸,M02/M10,头部加密（包内文件名都读不出）
/Users/yidian/code/datacenter/docs/library/04_市场与研究/中文行业报告集/202L 数据中心新/2019.7 中国移动南方基地二期工程二阶段项目/造价类资料（全程免费，得来不易需要完成一些小任务）1/1控制价-中国移动南方基地二期工程二阶段项目施工总承包/电气工程/[地下室]电气工程/05214  A [地下室]电气工程.xlsx.7z,494946,2019.7 中国移动南方基地二期工程二阶段项目,电气/供配电专业造价或图纸,M02/M09/M10,头部加密（包内文件名都读不出）
/Users/yidian/code/datacenter/docs/library/04_市场与研究/中文行业报告集/202L 数据中心新/2019.7 中国移动南方基地二期工程二阶段项目/造价类资料（全程免费，得来不易需要完成一些小任务）1/1控制价-中国移动南方基地二期工程二阶段项目施工总承包/电气工程/[地下室]集中控制型消防应急照明和疏散指示系统/05214  A [地下室]集中控制型消防应急照明和疏散指示系统.xlsx.7z,93410,2019.7 中国移动南方基地二期工程二阶段项目,给排水与消防专业造价或图纸,M02/M10,头部加密（包内文件名都读不出）
/Users/yidian/code/datacenter/docs/library/04_市场与研究/中文行业报告集/202L 数据中心新/2019.7 中国移动南方基地二期工程二阶段项目/造价类资料（全程免费，得来不易需要完成一些小任务）1/1控制价-中国移动南方基地二期工程二阶段项目施工总承包/电气工程/室外电气工程/05214  A 室外电气工程.xlsx.7z,53842,2019.7 中国移动南方基地二期工程二阶段项目,电气/供配电专业造价或图纸,M02/M09/M10,头部加密（包内文件名都读不出）
/Users/yidian/code/datacenter/docs/library/04_市场与研究/中文行业报告集/202L 数据中心新/2019.7 中国移动南方基地二期工程二阶段项目/造价类资料（全程免费，得来不易需要完成一些小任务）1/1控制价-中国移动南方基地二期工程二阶段项目施工总承包/白蚁防治工程/05462A 白蚁防治工程.xlsx.7z,7632,2019.7 中国移动南方基地二期工程二阶段项目,招标控制价（业主给出的价格上限）,M10,头部加密（包内文件名都读不出）
/Users/yidian/code/datacenter/docs/library/04_市场与研究/中文行业报告集/202L 数据中心新/2019.7 中国移动南方基地二期工程二阶段项目/造价类资料（全程免费，得来不易需要完成一些小任务）1/1控制价-中国移动南方基地二期工程二阶段项目施工总承包/白蚁防治工程/白蚁防治工程/05462A 白蚁防治工程.xlsx.7z,30722,2019.7 中国移动南方基地二期工程二阶段项目,招标控制价（业主给出的价格上限）,M10,头部加密（包内文件名都读不出）
/Users/yidian/code/datacenter/docs/library/04_市场与研究/中文行业报告集/202L 数据中心新/2019.7 中国移动南方基地二期工程二阶段项目/造价类资料（全程免费，得来不易需要完成一些小任务）1/1控制价-中国移动南方基地二期工程二阶段项目施工总承包/精装修工程暂估价/安装精装修工程暂估价/05462A 安装精装修工程暂估价.xlsx.7z,28994,2019.7 中国移动南方基地二期工程二阶段项目,招标控制价（业主给出的价格上限）,M10,头部加密（包内文件名都读不出）
/Users/yidian/code/datacenter/docs/library/04_市场与研究/中文行业报告集/202L 数据中心新/2019.7 中国移动南方基地二期工程二阶段项目/造价类资料（全程免费，得来不易需要完成一些小任务）1/1控制价-中国移动南方基地二期工程二阶段项目施工总承包/精装修工程暂估价/装修精装修工程暂估价/05462A 装修精装修工程暂估价.xlsx.7z,29042,2019.7 中国移动南方基地二期工程二阶段项目,招标控制价（业主给出的价格上限）,M10,头部加密（包内文件名都读不出）
/Users/yidian/code/datacenter/docs/library/04_市场与研究/中文行业报告集/202L 数据中心新/2019.7 中国移动南方基地二期工程二阶段项目/造价类资料（全程免费，得来不易需要完成一些小任务）1/1控制价-中国移动南方基地二期工程二阶段项目施工总承包/给排水工程/05462A 给排水工程.xlsx.7z,7920,2019.7 中国移动南方基地二期工程二阶段项目,给排水与消防专业造价或图纸,M02/M10,头部加密（包内文件名都读不出）
/Users/yidian/code/datacenter/docs/library/04_市场与研究/中文行业报告集/202L 数据中心新/2019.7 中国移动南方基地二期工程二阶段项目/造价类资料（全程免费，得来不易需要完成一些小任务）1/1控制价-中国移动南方基地二期工程二阶段项目施工总承包/给排水工程/[20.1栋]给排水工程/05211  A [20.1栋]给排水工程.xlsx.7z,138386,2019.7 中国移动南方基地二期工程二阶段项目,给排水与消防专业造价或图纸,M02/M10,头部加密（包内文件名都读不出）
/Users/yidian/code/datacenter/docs/library/04_市场与研究/中文行业报告集/202L 数据中心新/2019.7 中国移动南方基地二期工程二阶段项目/造价类资料（全程免费，得来不易需要完成一些小任务）1/1控制价-中国移动南方基地二期工程二阶段项目施工总承包/给排水工程/[20.2栋]给排水工程/05211  A [20.2栋]给排水工程.xlsx.7z,184018,2019.7 中国移动南方基地二期工程二阶段项目,给排水与消防专业造价或图纸,M02/M10,头部加密（包内文件名都读不出）
/Users/yidian/code/datacenter/docs/library/04_市场与研究/中文行业报告集/202L 数据中心新/2019.7 中国移动南方基地二期工程二阶段项目/造价类资料（全程免费，得来不易需要完成一些小任务）1/1控制价-中国移动南方基地二期工程二阶段项目施工总承包/给排水工程/[20.4栋]给排水工程/05211  A [20.4栋]给排水工程.xlsx.7z,140418,2019.7 中国移动南方基地二期工程二阶段项目,给排水与消防专业造价或图纸,M02/M10,头部加密（包内文件名都读不出）
/Users/yidian/code/datacenter/docs/library/04_市场与研究/中文行业报告集/202L 数据中心新/2019.7 中国移动南方基地二期工程二阶段项目/造价类资料（全程免费，得来不易需要完成一些小任务）1/1控制价-中国移动南方基地二期工程二阶段项目施工总承包/给排水工程/[地下室]给排水工程/05211  A [地下室]给排水工程.xlsx.7z,343170,2019.7 中国移动南方基地二期工程二阶段项目,给排水与消防专业造价或图纸,M02/M10,头部加密（包内文件名都读不出）
/Users/yidian/code/datacenter/docs/library/04_市场与研究/中文行业报告集/202L 数据中心新/2019.7 中国移动南方基地二期工程二阶段项目/造价类资料（全程免费，得来不易需要完成一些小任务）1/1控制价-中国移动南方基地二期工程二阶段项目施工总承包/给排水工程/直饮水系统工程/05211  A 直饮水系统工程.xlsx.7z,176978,2019.7 中国移动南方基地二期工程二阶段项目,招标控制价（业主给出的价格上限）,M10,头部加密（包内文件名都读不出）
/Users/yidian/code/datacenter/docs/library/04_市场与研究/中文行业报告集/202L 数据中心新/2019.7 中国移动南方基地二期工程二阶段项目/造价类资料（全程免费，得来不易需要完成一些小任务）1/1控制价-中国移动南方基地二期工程二阶段项目施工总承包/给排水工程/雨水回用系统工程/05211  A 雨水回用系统工程.xlsx.7z,185106,2019.7 中国移动南方基地二期工程二阶段项目,招标控制价（业主给出的价格上限）,M10,头部加密（包内文件名都读不出）
/Users/yidian/code/datacenter/docs/library/04_市场与研究/中文行业报告集/202L 数据中心新/2019.7 中国移动南方基地二期工程二阶段项目/造价类资料（全程免费，得来不易需要完成一些小任务）1/1控制价-中国移动南方基地二期工程二阶段项目施工总承包/通风空调工程/05191  A 通风空调工程.xlsx.7z,7824,2019.7 中国移动南方基地二期工程二阶段项目,暖通空调/冷源专业造价或图纸,M02/M10,头部加密（包内文件名都读不出）
/Users/yidian/code/datacenter/docs/library/04_市场与研究/中文行业报告集/202L 数据中心新/2019.7 中国移动南方基地二期工程二阶段项目/造价类资料（全程免费，得来不易需要完成一些小任务）1/1控制价-中国移动南方基地二期工程二阶段项目施工总承包/通风空调工程/[20.1栋]通风空调工程/05191  A [20.1栋]通风空调工程_1.xlsx.7z,650850,2019.7 中国移动南方基地二期工程二阶段项目,暖通空调/冷源专业造价或图纸,M02/M10,头部加密（包内文件名都读不出）
/Users/yidian/code/datacenter/docs/library/04_市场与研究/中文行业报告集/202L 数据中心新/2019.7 中国移动南方基地二期工程二阶段项目/造价类资料（全程免费，得来不易需要完成一些小任务）1/1控制价-中国移动南方基地二期工程二阶段项目施工总承包/通风空调工程/[20.1栋]通风空调工程/05253  A [20.1栋]通风空调工程_2.xlsx.7z,12465,2019.7 中国移动南方基地二期工程二阶段项目,暖通空调/冷源专业造价或图纸,M02/M10,头部加密（包内文件名都读不出）
/Users/yidian/code/datacenter/docs/library/04_市场与研究/中文行业报告集/202L 数据中心新/2019.7 中国移动南方基地二期工程二阶段项目/造价类资料（全程免费，得来不易需要完成一些小任务）1/1控制价-中国移动南方基地二期工程二阶段项目施工总承包/通风空调工程/[20.2栋]通风空调工程/05191  A [20.2栋]通风空调工程_1.xlsx.7z,655042,2019.7 中国移动南方基地二期工程二阶段项目,暖通空调/冷源专业造价或图纸,M02/M10,头部加密（包内文件名都读不出）
/Users/yidian/code/datacenter/docs/library/04_市场与研究/中文行业报告集/202L 数据中心新/2019.7 中国移动南方基地二期工程二阶段项目/造价类资料（全程免费，得来不易需要完成一些小任务）1/1控制价-中国移动南方基地二期工程二阶段项目施工总承包/通风空调工程/[20.2栋]通风空调工程/05253  A [20.2栋]通风空调工程_2.xlsx.7z,309858,2019.7 中国移动南方基地二期工程二阶段项目,暖通空调/冷源专业造价或图纸,M02/M10,头部加密（包内文件名都读不出）
/Users/yidian/code/datacenter/docs/library/04_市场与研究/中文行业报告集/202L 数据中心新/2019.7 中国移动南方基地二期工程二阶段项目/造价类资料（全程免费，得来不易需要完成一些小任务）1/1控制价-中国移动南方基地二期工程二阶段项目施工总承包/通风空调工程/[20.4栋]通风空调工程/05191  A [20.4栋]通风空调工程.xlsx.7z,699538,2019.7 中国移动南方基地二期工程二阶段项目,暖通空调/冷源专业造价或图纸,M02/M10,头部加密（包内文件名都读不出）
/Users/yidian/code/datacenter/docs/library/04_市场与研究/中文行业报告集/202L 数据中心新/2019.7 中国移动南方基地二期工程二阶段项目/造价类资料（全程免费，得来不易需要完成一些小任务）1/1控制价-中国移动南方基地二期工程二阶段项目施工总承包/通风空调工程/[地下室]通风空调工程/05440A [地下室]通风空调工程.xlsx.7z,689698,2019.7 中国移动南方基地二期工程二阶段项目,暖通空调/冷源专业造价或图纸,M02/M10,头部加密（包内文件名都读不出）
/Users/yidian/code/datacenter/docs/library/04_市场与研究/中文行业报告集/202L 数据中心新/2019.7 中国移动南方基地二期工程二阶段项目/造价类资料（全程免费，得来不易需要完成一些小任务）1/1控制价-中国移动南方基地二期工程二阶段项目施工总承包/高低压配电工程/05440A 高低压配电工程.xlsx.7z,7760,2019.7 中国移动南方基地二期工程二阶段项目,电气/供配电专业造价或图纸,M02/M09/M10,头部加密（包内文件名都读不出）
/Users/yidian/code/datacenter/docs/library/04_市场与研究/中文行业报告集/202L 数据中心新/2019.7 中国移动南方基地二期工程二阶段项目/造价类资料（全程免费，得来不易需要完成一些小任务）1/1控制价-中国移动南方基地二期工程二阶段项目施工总承包/高低压配电工程/发电机房配电工程/05440A 发电机房配电工程.xlsx.7z,117778,2019.7 中国移动南方基地二期工程二阶段项目,电气/供配电专业造价或图纸,M02/M09/M10,头部加密（包内文件名都读不出）
/Users/yidian/code/datacenter/docs/library/04_市场与研究/中文行业报告集/202L 数据中心新/2019.7 中国移动南方基地二期工程二阶段项目/造价类资料（全程免费，得来不易需要完成一些小任务）1/1控制价-中国移动南方基地二期工程二阶段项目施工总承包/高低压配电工程/高低压配电-土建部分/05440A 高低压配电-土建部分.xlsx.7z,124882,2019.7 中国移动南方基地二期工程二阶段项目,电气/供配电专业造价或图纸,M02/M09/M10,头部加密（包内文件名都读不出）
/Users/yidian/code/datacenter/docs/library/04_市场与研究/中文行业报告集/202L 数据中心新/2019.7 中国移动南方基地二期工程二阶段项目/造价类资料（全程免费，得来不易需要完成一些小任务）1/1控制价-中国移动南方基地二期工程二阶段项目施工总承包/高低压配电工程/高低压配电工程/05188  A 高低压配电工程.xlsx.7z,352162,2019.7 中国移动南方基地二期工程二阶段项目,电气/供配电专业造价或图纸,M02/M09/M10,头部加密（包内文件名都读不出）
/Users/yidian/code/datacenter/docs/library/04_市场与研究/中文行业报告集/202L 数据中心新/2019.8 中国移动广西公司来宾综合业务接入机房工程/造价类资料（全程免费，得来不易需要完成一些小任务）1/05440A 来宾综合业务接入机房工程及室外工程工程量清单.pdf.7z,699602,2019.8 中国移动广西公司来宾综合业务接入机房工程,工程量清单与计价表,M10,头部加密（包内文件名都读不出）
/Users/yidian/code/datacenter/docs/library/04_市场与研究/中文行业报告集/202L 数据中心新/2020.4 大数据应用工厂项目/造价类资料（全程免费，得来不易需要完成一些小任务）1/05041  A 9大数据应用工厂项目施工二标段-----B栋厂房-暖通安装工程.xls.7z,13537,2020.4 大数据应用工厂项目,暖通空调/冷源专业造价或图纸,M02/M10,头部加密（包内文件名都读不出）
/Users/yidian/code/datacenter/docs/library/04_市场与研究/中文行业报告集/202L 数据中心新/2020.4 大数据应用工厂项目/造价类资料（全程免费，得来不易需要完成一些小任务）1/05169  B 2大数据应用工厂项目施工二标段-----B栋厂房-桩基工程带单价.xls.7z,14465,2020.4 大数据应用工厂项目,土建结构专业造价或图纸,M10/M05,头部加密（包内文件名都读不出）
/Users/yidian/code/datacenter/docs/library/04_市场与研究/中文行业报告集/202L 数据中心新/2020.4 大数据应用工厂项目/造价类资料（全程免费，得来不易需要完成一些小任务）1/05217  B 5大数据应用工厂项目施工二标段-----B栋厂房-水电安装工程.xls.7z,31586,2020.4 大数据应用工厂项目,工程预算书/造价表,M10,头部加密（包内文件名都读不出）
/Users/yidian/code/datacenter/docs/library/04_市场与研究/中文行业报告集/202L 数据中心新/2020.4 大数据应用工厂项目/造价类资料（全程免费，得来不易需要完成一些小任务）1/05234  A 重点评审清单（大数据应用工厂二标段）.xlsx.7z,16866,2020.4 大数据应用工厂项目,工程预算书/造价表,M10,头部加密（包内文件名都读不出）
/Users/yidian/code/datacenter/docs/library/04_市场与研究/中文行业报告集/202L 数据中心新/2020.4 大数据应用工厂项目/造价类资料（全程免费，得来不易需要完成一些小任务）1/05317  A 8大数据应用工厂项目施工二标段-----B栋厂房-消防土建工程.xls.7z,10273,2020.4 大数据应用工厂项目,给排水与消防专业造价或图纸,M02/M10,头部加密（包内文件名都读不出）
/Users/yidian/code/datacenter/docs/library/04_市场与研究/中文行业报告集/202L 数据中心新/2020.4 大数据应用工厂项目/造价类资料（全程免费，得来不易需要完成一些小任务）1/05381A 7大数据应用工厂项目施工二标段-----B栋厂房-消防安装工程.xls.7z,26562,2020.4 大数据应用工厂项目,给排水与消防专业造价或图纸,M02/M10,头部加密（包内文件名都读不出）
/Users/yidian/code/datacenter/docs/library/04_市场与研究/中文行业报告集/202L 数据中心新/2020.4 大数据应用工厂项目/造价类资料（全程免费，得来不易需要完成一些小任务）1/05420B 6大数据应用工厂项目施工二标段-----B栋厂房-水电土建工程.xls.7z,10385,2020.4 大数据应用工厂项目,土建结构专业造价或图纸,M10/M05,头部加密（包内文件名都读不出）
/Users/yidian/code/datacenter/docs/library/04_市场与研究/中文行业报告集/202L 数据中心新/2020.4 大数据应用工厂项目/造价类资料（全程免费，得来不易需要完成一些小任务）1/05429A 1大数据应用工厂项目施工二标段-----B栋厂房-机械土石方工程带单价.xls.7z,10753,2020.4 大数据应用工厂项目,工程预算书/造价表,M10,头部加密（包内文件名都读不出）
/Users/yidian/code/datacenter/docs/library/04_市场与研究/中文行业报告集/202L 数据中心新/2020.7福建广电网络莆田NGB业务中心（机房）/造价类资料（全程免费，得来不易需要完成一些小任务）2/工程量清单审核/05417B 建筑工程招标控制价编制说明.doc.7z,18978,2020.7福建广电网络莆田NGB业务中心（机房）,招标控制价（业主给出的价格上限）,M10,头部加密（包内文件名都读不出）
/Users/yidian/code/datacenter/docs/library/04_市场与研究/中文行业报告集/202L 数据中心新/2020.7福建广电网络莆田NGB业务中心（机房）/造价类资料（全程免费，得来不易需要完成一些小任务）2/工程量清单审核/05476A 清单.xlsx.7z,233857,2020.7福建广电网络莆田NGB业务中心（机房）,工程量清单与计价表,M10,头部加密（包内文件名都读不出）
/Users/yidian/code/datacenter/docs/library/04_市场与研究/中文行业报告集/202L 数据中心新/2022.1 六安电信信息化中心和六安电信云计算数据中心项目/造价类资料（全程免费，得来不易需要完成一些小任务）1/清单控制价/05051  A 六安电信信息化中心和六安电信云计算数据中心项目最高限价的通知.docx.7z,12593,2022.1 六安电信信息化中心和六安电信云计算数据中心项目,招标控制价（业主给出的价格上限）,M10,头部加密（包内文件名都读不出）
/Users/yidian/code/datacenter/docs/library/04_市场与研究/中文行业报告集/202L 数据中心新/2022.1 六安电信信息化中心和六安电信云计算数据中心项目/造价类资料（全程免费，得来不易需要完成一些小任务）1/清单控制价/05207  B 最高投标限价编制说明.doc.7z,10961,2022.1 六安电信信息化中心和六安电信云计算数据中心项目,招标控制价（业主给出的价格上限）,M10,头部加密（包内文件名都读不出）
/Users/yidian/code/datacenter/docs/library/04_市场与研究/中文行业报告集/202L 数据中心新/2022.1 六安电信信息化中心和六安电信云计算数据中心项目/造价类资料（全程免费，得来不易需要完成一些小任务）1/清单控制价/05417B 六安电信信息化中心和六安电信云计算数据中心项目.18laxj.7z,561602,2022.1 六安电信信息化中心和六安电信云计算数据中心项目,招标控制价（业主给出的价格上限）,M10,头部加密（包内文件名都读不出）
/Users/yidian/code/datacenter/docs/library/04_市场与研究/中文行业报告集/202L 数据中心新/2022.1 六安电信信息化中心和六安电信云计算数据中心项目/造价类资料（全程免费，得来不易需要完成一些小任务）1/清单控制价/05470A 六安电信信息化中心和六安电信云计算数据中心项目.18lazb.7z,46306,2022.1 六安电信信息化中心和六安电信云计算数据中心项目,招标控制价（业主给出的价格上限）,M10,头部加密（包内文件名都读不出）
/Users/yidian/code/datacenter/docs/library/04_市场与研究/中文行业报告集/202L 数据中心新/2022.1 六安电信信息化中心和六安电信云计算数据中心项目/造价类资料（全程免费，得来不易需要完成一些小任务）1/清单控制价/05476A 清单封面.docx.7z,11647,2022.1 六安电信信息化中心和六安电信云计算数据中心项目,招标控制价（业主给出的价格上限）,M10,头部加密（包内文件名都读不出）
/Users/yidian/code/datacenter/docs/library/04_市场与研究/中文行业报告集/202L 数据中心新/2022.1 六安电信信息化中心和六安电信云计算数据中心项目/造价类资料（全程免费，得来不易需要完成一些小任务）1/清单控制价/05492B 工程量清单总说明.doc.7z,9825,2022.1 六安电信信息化中心和六安电信云计算数据中心项目,工程量清单与计价表,M10,头部加密（包内文件名都读不出）
/Users/yidian/code/datacenter/docs/library/04_市场与研究/中文行业报告集/202L 数据中心新/2022.1 六安电信信息化中心和六安电信云计算数据中心项目/造价类资料（全程免费，得来不易需要完成一些小任务）1/清单控制价/六安电信信息化中心和六安电信云计算数据中心项目【控制价】/05417B 六安电信信息化中心和六安电信云计算数据中心项目.xls.7z,2001,2022.1 六安电信信息化中心和六安电信云计算数据中心项目,招标控制价（业主给出的价格上限）,M10,头部加密（包内文件名都读不出）
/Users/yidian/code/datacenter/docs/library/04_市场与研究/中文行业报告集/202L 数据中心新/2022.1 六安电信信息化中心和六安电信云计算数据中心项目/造价类资料（全程免费，得来不易需要完成一些小任务）1/清单控制价/六安电信信息化中心和六安电信云计算数据中心项目【控制价】/1 六安电信信息化中心项目/05165  B 六安电信信息化中心项目.xls.7z,2016,2022.1 六安电信信息化中心和六安电信云计算数据中心项目,招标控制价（业主给出的价格上限）,M10,头部加密（包内文件名都读不出）
/Users/yidian/code/datacenter/docs/library/04_市场与研究/中文行业报告集/202L 数据中心新/2022.1 六安电信信息化中心和六安电信云计算数据中心项目/造价类资料（全程免费，得来不易需要完成一些小任务）1/清单控制价/六安电信信息化中心和六安电信云计算数据中心项目【控制价】/1 六安电信信息化中心项目/1 六安电信信息化中心项目：信息化中心【土建】/05165  B 六安电信信息化中心项目：信息化中心【土建】.xls.7z,31010,2022.1 六安电信信息化中心和六安电信云计算数据中心项目,土建结构专业造价或图纸,M10/M05,头部加密（包内文件名都读不出）
/Users/yidian/code/datacenter/docs/library/04_市场与研究/中文行业报告集/202L 数据中心新/2022.1 六安电信信息化中心和六安电信云计算数据中心项目/造价类资料（全程免费，得来不易需要完成一些小任务）1/清单控制价/六安电信信息化中心和六安电信云计算数据中心项目【控制价】/1 六安电信信息化中心项目/2 六安电信信息化中心项目：信息化中心幕墙【装饰】/05165  B 六安电信信息化中心项目：信息化中心幕墙【装饰】.xls.7z,14065,2022.1 六安电信信息化中心和六安电信云计算数据中心项目,土建结构专业造价或图纸,M10/M05,头部加密（包内文件名都读不出）
/Users/yidian/code/datacenter/docs/library/04_市场与研究/中文行业报告集/202L 数据中心新/2022.1 六安电信信息化中心和六安电信云计算数据中心项目/造价类资料（全程免费，得来不易需要完成一些小任务）1/清单控制价/六安电信信息化中心和六安电信云计算数据中心项目【控制价】/1 六安电信信息化中心项目/3 六安电信信息化中心项目：信息化中心【安装】/05165  B 六安电信信息化中心项目：信息化中心【安装】.xls.7z,78834,2022.1 六安电信信息化中心和六安电信云计算数据中心项目,招标控制价（业主给出的价格上限）,M10,头部加密（包内文件名都读不出）
/Users/yidian/code/datacenter/docs/library/04_市场与研究/中文行业报告集/202L 数据中心新/2022.1 六安电信信息化中心和六安电信云计算数据中心项目/造价类资料（全程免费，得来不易需要完成一些小任务）1/清单控制价/六安电信信息化中心和六安电信云计算数据中心项目【控制价】/1 六安电信信息化中心项目/4 六安电信信息化中心项目：大型土石方/05165  B 六安电信信息化中心项目：大型土石方.xls.7z,8465,2022.1 六安电信信息化中心和六安电信云计算数据中心项目,招标控制价（业主给出的价格上限）,M10,头部加密（包内文件名都读不出）
/Users/yidian/code/datacenter/docs/library/04_市场与研究/中文行业报告集/202L 数据中心新/2022.1 六安电信信息化中心和六安电信云计算数据中心项目/造价类资料（全程免费，得来不易需要完成一些小任务）1/清单控制价/六安电信信息化中心和六安电信云计算数据中心项目【控制价】/2 六安电信云计算数据中心项目/05146  B 六安电信云计算数据中心项目.xls.7z,2192,2022.1 六安电信信息化中心和六安电信云计算数据中心项目,招标控制价（业主给出的价格上限）,M10,头部加密（包内文件名都读不出）
/Users/yidian/code/datacenter/docs/library/04_市场与研究/中文行业报告集/202L 数据中心新/2022.1 六安电信信息化中心和六安电信云计算数据中心项目/造价类资料（全程免费，得来不易需要完成一些小任务）1/清单控制价/六安电信信息化中心和六安电信云计算数据中心项目【控制价】/2 六安电信云计算数据中心项目/10 六安电信云计算数据中心项目：室外电气【安装】/05146  B 六安电信云计算数据中心项目：室外电气【安装】.xls.7z,9905,2022.1 六安电信信息化中心和六安电信云计算数据中心项目,电气/供配电专业造价或图纸,M02/M09/M10,头部加密（包内文件名都读不出）
/Users/yidian/code/datacenter/docs/library/04_市场与研究/中文行业报告集/202L 数据中心新/2022.1 六安电信信息化中心和六安电信云计算数据中心项目/造价类资料（全程免费，得来不易需要完成一些小任务）1/清单控制价/六安电信信息化中心和六安电信云计算数据中心项目【控制价】/2 六安电信云计算数据中心项目/11 六安电信云计算数据中心项目：室外给排水【市政】/05146  B 六安电信云计算数据中心项目：室外给排水【市政】.xls.7z,17458,2022.1 六安电信信息化中心和六安电信云计算数据中心项目,给排水与消防专业造价或图纸,M02/M10,头部加密（包内文件名都读不出）
/Users/yidian/code/datacenter/docs/library/04_市场与研究/中文行业报告集/202L 数据中心新/2022.1 六安电信信息化中心和六安电信云计算数据中心项目/造价类资料（全程免费，得来不易需要完成一些小任务）1/清单控制价/六安电信信息化中心和六安电信云计算数据中心项目【控制价】/2 六安电信云计算数据中心项目/12 六安电信云计算数据中心项目：大型土石方/05146  B 六安电信云计算数据中心项目：大型土石方.xls.7z,8433,2022.1 六安电信信息化中心和六安电信云计算数据中心项目,招标控制价（业主给出的价格上限）,M10,头部加密（包内文件名都读不出）
/Users/yidian/code/datacenter/docs/library/04_市场与研究/中文行业报告集/202L 数据中心新/2022.1 六安电信信息化中心和六安电信云计算数据中心项目/造价类资料（全程免费，得来不易需要完成一些小任务）1/清单控制价/六安电信信息化中心和六安电信云计算数据中心项目【控制价】/2 六安电信云计算数据中心项目/5 六安电信云计算数据中心项目：云计算数据中心【土建】/05394B 六安电信云计算数据中心项目：云计算数据中心【土建】.xls.7z,25458,2022.1 六安电信信息化中心和六安电信云计算数据中心项目,土建结构专业造价或图纸,M10/M05,头部加密（包内文件名都读不出）
/Users/yidian/code/datacenter/docs/library/04_市场与研究/中文行业报告集/202L 数据中心新/2022.1 六安电信信息化中心和六安电信云计算数据中心项目/造价类资料（全程免费，得来不易需要完成一些小任务）1/清单控制价/六安电信信息化中心和六安电信云计算数据中心项目【控制价】/2 六安电信云计算数据中心项目/6 六安电信云计算数据中心项目：云计算数据中心幕墙【装饰】/05394B 六安电信云计算数据中心项目：云计算数据中心幕墙【装饰】.xls.7z,13729,2022.1 六安电信信息化中心和六安电信云计算数据中心项目,土建结构专业造价或图纸,M10/M05,头部加密（包内文件名都读不出）
/Users/yidian/code/datacenter/docs/library/04_市场与研究/中文行业报告集/202L 数据中心新/2022.1 六安电信信息化中心和六安电信云计算数据中心项目/造价类资料（全程免费，得来不易需要完成一些小任务）1/清单控制价/六安电信信息化中心和六安电信云计算数据中心项目【控制价】/2 六安电信云计算数据中心项目/7 六安电信云计算数据中心项目：云计算数据中心【安装】/05394B 六安电信云计算数据中心项目：云计算数据中心【安装】.xls.7z,58226,2022.1 六安电信信息化中心和六安电信云计算数据中心项目,招标控制价（业主给出的价格上限）,M10,头部加密（包内文件名都读不出）
/Users/yidian/code/datacenter/docs/library/04_市场与研究/中文行业报告集/202L 数据中心新/2022.1 六安电信信息化中心和六安电信云计算数据中心项目/造价类资料（全程免费，得来不易需要完成一些小任务）1/清单控制价/六安电信信息化中心和六安电信云计算数据中心项目【控制价】/2 六安电信云计算数据中心项目/8 六安电信云计算数据中心项目：室外景观【园林】/05394B 六安电信云计算数据中心项目：室外景观【园林】.xls.7z,19538,2022.1 六安电信信息化中心和六安电信云计算数据中心项目,室外/园区工程造价,M05/M10,头部加密（包内文件名都读不出）
/Users/yidian/code/datacenter/docs/library/04_市场与研究/中文行业报告集/202L 数据中心新/2022.1 六安电信信息化中心和六安电信云计算数据中心项目/造价类资料（全程免费，得来不易需要完成一些小任务）1/清单控制价/六安电信信息化中心和六安电信云计算数据中心项目【控制价】/2 六安电信云计算数据中心项目/9 六安电信云计算数据中心项目：室外绿化【园林】/05394B 六安电信云计算数据中心项目：室外绿化【园林】.xls.7z,16321,2022.1 六安电信信息化中心和六安电信云计算数据中心项目,室外/园区工程造价,M05/M10,头部加密（包内文件名都读不出）
/Users/yidian/code/datacenter/docs/library/04_市场与研究/中文行业报告集/202L 数据中心新/2022.1 六安电信信息化中心和六安电信云计算数据中心项目/造价类资料（全程免费，得来不易需要完成一些小任务）1/清单控制价/六安电信信息化中心和六安电信云计算数据中心项目【清单】/1 六安电信信息化中心项目/1 六安电信信息化中心项目：信息化中心【土建】/05143  B 六安电信信息化中心项目：信息化中心【土建】.xls.7z,24674,2022.1 六安电信信息化中心和六安电信云计算数据中心项目,土建结构专业造价或图纸,M10/M05,头部加密（包内文件名都读不出）
/Users/yidian/code/datacenter/docs/library/04_市场与研究/中文行业报告集/202L 数据中心新/2022.1 六安电信信息化中心和六安电信云计算数据中心项目/造价类资料（全程免费，得来不易需要完成一些小任务）1/清单控制价/六安电信信息化中心和六安电信云计算数据中心项目【清单】/1 六安电信信息化中心项目/2 六安电信信息化中心项目：信息化中心幕墙【装饰】/05143  B 六安电信信息化中心项目：信息化中心幕墙【装饰】.xls.7z,13137,2022.1 六安电信信息化中心和六安电信云计算数据中心项目,土建结构专业造价或图纸,M10/M05,头部加密（包内文件名都读不出）
/Users/yidian/code/datacenter/docs/library/04_市场与研究/中文行业报告集/202L 数据中心新/2022.1 六安电信信息化中心和六安电信云计算数据中心项目/造价类资料（全程免费，得来不易需要完成一些小任务）1/清单控制价/六安电信信息化中心和六安电信云计算数据中心项目【清单】/1 六安电信信息化中心项目/3 六安电信信息化中心项目：信息化中心【安装】/05143  B 六安电信信息化中心项目：信息化中心【安装】.xls.7z,67874,2022.1 六安电信信息化中心和六安电信云计算数据中心项目,招标控制价（业主给出的价格上限）,M10,头部加密（包内文件名都读不出）
/Users/yidian/code/datacenter/docs/library/04_市场与研究/中文行业报告集/202L 数据中心新/2022.1 六安电信信息化中心和六安电信云计算数据中心项目/造价类资料（全程免费，得来不易需要完成一些小任务）1/清单控制价/六安电信信息化中心和六安电信云计算数据中心项目【清单】/1 六安电信信息化中心项目/4 六安电信信息化中心项目：大型土石方/05143  B 六安电信信息化中心项目：大型土石方.xls.7z,7649,2022.1 六安电信信息化中心和六安电信云计算数据中心项目,招标控制价（业主给出的价格上限）,M10,头部加密（包内文件名都读不出）
/Users/yidian/code/datacenter/docs/library/04_市场与研究/中文行业报告集/202L 数据中心新/2022.1 六安电信信息化中心和六安电信云计算数据中心项目/造价类资料（全程免费，得来不易需要完成一些小任务）1/清单控制价/六安电信信息化中心和六安电信云计算数据中心项目【清单】/2 六安电信云计算数据中心项目/10 六安电信云计算数据中心项目：室外电气【安装】/05123  A 六安电信云计算数据中心项目：室外电气【安装】.xls.7z,8961,2022.1 六安电信信息化中心和六安电信云计算数据中心项目,电气/供配电专业造价或图纸,M02/M09/M10,头部加密（包内文件名都读不出）
/Users/yidian/code/datacenter/docs/library/04_市场与研究/中文行业报告集/202L 数据中心新/2022.1 六安电信信息化中心和六安电信云计算数据中心项目/造价类资料（全程免费，得来不易需要完成一些小任务）1/清单控制价/六安电信信息化中心和六安电信云计算数据中心项目【清单】/2 六安电信云计算数据中心项目/11 六安电信云计算数据中心项目：室外给排水【市政】/05123  A 六安电信云计算数据中心项目：室外给排水【市政】.xls.7z,14609,2022.1 六安电信信息化中心和六安电信云计算数据中心项目,给排水与消防专业造价或图纸,M02/M10,头部加密（包内文件名都读不出）
/Users/yidian/code/datacenter/docs/library/04_市场与研究/中文行业报告集/202L 数据中心新/2022.1 六安电信信息化中心和六安电信云计算数据中心项目/造价类资料（全程免费，得来不易需要完成一些小任务）1/清单控制价/六安电信信息化中心和六安电信云计算数据中心项目【清单】/2 六安电信云计算数据中心项目/12 六安电信云计算数据中心项目：大型土石方/05123  A 六安电信云计算数据中心项目：大型土石方.xls.7z,7601,2022.1 六安电信信息化中心和六安电信云计算数据中心项目,招标控制价（业主给出的价格上限）,M10,头部加密（包内文件名都读不出）
/Users/yidian/code/datacenter/docs/library/04_市场与研究/中文行业报告集/202L 数据中心新/2022.1 六安电信信息化中心和六安电信云计算数据中心项目/造价类资料（全程免费，得来不易需要完成一些小任务）1/清单控制价/六安电信信息化中心和六安电信云计算数据中心项目【清单】/2 六安电信云计算数据中心项目/5 六安电信云计算数据中心项目：云计算数据中心【土建】/05123  A 六安电信云计算数据中心项目：云计算数据中心【土建】.xls.7z,21266,2022.1 六安电信信息化中心和六安电信云计算数据中心项目,土建结构专业造价或图纸,M10/M05,头部加密（包内文件名都读不出）
/Users/yidian/code/datacenter/docs/library/04_市场与研究/中文行业报告集/202L 数据中心新/2022.1 六安电信信息化中心和六安电信云计算数据中心项目/造价类资料（全程免费，得来不易需要完成一些小任务）1/清单控制价/六安电信信息化中心和六安电信云计算数据中心项目【清单】/2 六安电信云计算数据中心项目/6 六安电信云计算数据中心项目：云计算数据中心幕墙【装饰】/05123  A 六安电信云计算数据中心项目：云计算数据中心幕墙【装饰】.xls.7z,12577,2022.1 六安电信信息化中心和六安电信云计算数据中心项目,土建结构专业造价或图纸,M10/M05,头部加密（包内文件名都读不出）
/Users/yidian/code/datacenter/docs/library/04_市场与研究/中文行业报告集/202L 数据中心新/2022.1 六安电信信息化中心和六安电信云计算数据中心项目/造价类资料（全程免费，得来不易需要完成一些小任务）1/清单控制价/六安电信信息化中心和六安电信云计算数据中心项目【清单】/2 六安电信云计算数据中心项目/7 六安电信云计算数据中心项目：云计算数据中心【安装】/05215  A 六安电信云计算数据中心项目：云计算数据中心【安装】.xls.7z,48866,2022.1 六安电信信息化中心和六安电信云计算数据中心项目,招标控制价（业主给出的价格上限）,M10,头部加密（包内文件名都读不出）
/Users/yidian/code/datacenter/docs/library/04_市场与研究/中文行业报告集/202L 数据中心新/2022.1 六安电信信息化中心和六安电信云计算数据中心项目/造价类资料（全程免费，得来不易需要完成一些小任务）1/清单控制价/六安电信信息化中心和六安电信云计算数据中心项目【清单】/2 六安电信云计算数据中心项目/8 六安电信云计算数据中心项目：室外景观【园林】/05464A 六安电信云计算数据中心项目：室外景观【园林】.xls.7z,16834,2022.1 六安电信信息化中心和六安电信云计算数据中心项目,室外/园区工程造价,M05/M10,头部加密（包内文件名都读不出）
/Users/yidian/code/datacenter/docs/library/04_市场与研究/中文行业报告集/202L 数据中心新/2022.1 六安电信信息化中心和六安电信云计算数据中心项目/造价类资料（全程免费，得来不易需要完成一些小任务）1/清单控制价/六安电信信息化中心和六安电信云计算数据中心项目【清单】/2 六安电信云计算数据中心项目/9 六安电信云计算数据中心项目：室外绿化【园林】/05464A 六安电信云计算数据中心项目：室外绿化【园林】.xls.7z,13793,2022.1 六安电信信息化中心和六安电信云计算数据中心项目,室外/园区工程造价,M05/M10,头部加密（包内文件名都读不出）
/Users/yidian/code/datacenter/docs/library/04_市场与研究/中文行业报告集/202L 数据中心新/2022.11 中国移动（重庆）江南数据中心建设项目（一期）/造价类资料（全程免费，得来不易需要完成一些小任务）1/001答疑/05070  B 中国移动成渝（重庆）江南数据中心一期建设项目招标答疑-5-20220924.doc.7z,102498,2022.11 中国移动（重庆）江南数据中心建设项目（一期）,招标答疑/交底纪要,M10,头部加密（包内文件名都读不出）
/Users/yidian/code/datacenter/docs/library/04_市场与研究/中文行业报告集/202L 数据中心新/2022.11 中国移动（重庆）江南数据中心建设项目（一期）/造价类资料（全程免费，得来不易需要完成一些小任务）1/001答疑/05148  A 中国移动成渝（重庆）江南数据中心一期建设项目招标答疑-9-20221210(1).docx.7z,52098,2022.11 中国移动（重庆）江南数据中心建设项目（一期）,招标答疑/交底纪要,M10,头部加密（包内文件名都读不出）
/Users/yidian/code/datacenter/docs/library/04_市场与研究/中文行业报告集/202L 数据中心新/2022.11 中国移动（重庆）江南数据中心建设项目（一期）/造价类资料（全程免费，得来不易需要完成一些小任务）1/001答疑/05218  B 中国移动成渝（重庆）江南数据中心一期建设项目招标答疑-6-20221102.doc.7z,4353,2022.11 中国移动（重庆）江南数据中心建设项目（一期）,招标答疑/交底纪要,M10,头部加密（包内文件名都读不出）
/Users/yidian/code/datacenter/docs/library/04_市场与研究/中文行业报告集/202L 数据中心新/2022.11 中国移动（重庆）江南数据中心建设项目（一期）/造价类资料（全程免费，得来不易需要完成一些小任务）1/001答疑/05380B 中国移动成渝（重庆）江南数据中心一期建设项目招标答疑-7-20221107.doc.7z,1307682,2022.11 中国移动（重庆）江南数据中心建设项目（一期）,招标答疑/交底纪要,M10,头部加密（包内文件名都读不出）
/Users/yidian/code/datacenter/docs/library/04_市场与研究/中文行业报告集/202L 数据中心新/2022.11 中国移动（重庆）江南数据中心建设项目（一期）/造价类资料（全程免费，得来不易需要完成一些小任务）1/001答疑/05438A 中国移动成渝（重庆）江南数据中心一期建设项目招标答疑-8-20221125.docx.7z,774354,2022.11 中国移动（重庆）江南数据中心建设项目（一期）,招标答疑/交底纪要,M10,头部加密（包内文件名都读不出）
/Users/yidian/code/datacenter/docs/library/04_市场与研究/中文行业报告集/202L 数据中心新/2022.11 中国移动（重庆）江南数据中心建设项目（一期）/造价类资料（全程免费，得来不易需要完成一些小任务）1/001答疑/05464A 中国移动成渝（重庆）江南数据中心一期建设项目招标答疑-2-20220905.doc.7z,4081,2022.11 中国移动（重庆）江南数据中心建设项目（一期）,招标答疑/交底纪要,M10,头部加密（包内文件名都读不出）
/Users/yidian/code/datacenter/docs/library/04_市场与研究/中文行业报告集/202L 数据中心新/2022.11 中国移动（重庆）江南数据中心建设项目（一期）/造价类资料（全程免费，得来不易需要完成一些小任务）1/001答疑/05490A 中国移动成渝（重庆）江南数据中心一期建设项目招标答疑-4-20220923.doc.7z,1308274,2022.11 中国移动（重庆）江南数据中心建设项目（一期）,招标答疑/交底纪要,M10,头部加密（包内文件名都读不出）
/Users/yidian/code/datacenter/docs/library/04_市场与研究/中文行业报告集/202L 数据中心新/2022.11 中国移动（重庆）江南数据中心建设项目（一期）/造价类资料（全程免费，得来不易需要完成一些小任务）1/001答疑/清单问题8补图/05458B 补充检查井结构详图.pdf.7z,446626,2022.11 中国移动（重庆）江南数据中心建设项目（一期）,土建结构专业造价或图纸,M10/M05,头部加密（包内文件名都读不出）
/Users/yidian/code/datacenter/docs/library/04_市场与研究/中文行业报告集/202L 数据中心新/2022.11 中国移动（重庆）江南数据中心建设项目（一期）/造价类资料（全程免费，得来不易需要完成一些小任务）1/001答疑/清单问题8补图/05464A 补充烟管平面图.dwg.7z,3708451,2022.11 中国移动（重庆）江南数据中心建设项目（一期）,施工图纸集,M05,头部加密（包内文件名都读不出）
/Users/yidian/code/datacenter/docs/library/04_市场与研究/中文行业报告集/202L 数据中心新/2022.11 中国移动（重庆）江南数据中心建设项目（一期）/造价类资料（全程免费，得来不易需要完成一些小任务）1/05464A 工程量清单.pdf.7z,1874049,2022.11 中国移动（重庆）江南数据中心建设项目（一期）,工程量清单与计价表,M10,头部加密（包内文件名都读不出）
/Users/yidian/code/datacenter/docs/library/04_市场与研究/中文行业报告集/202L 数据中心新/2022.1中国移动粤港澳（广州）通信机楼二期工程/造价类资料（全程免费，得来不易需要完成一些小任务）2/1控制价/1控制价 定稿/B1通信机楼土建工程/B1通信机楼-±0.00以下土建工程/05444B B1通信机楼-±0.00以下土建工程.xlsx.7z,40738,2022.1中国移动粤港澳（广州）通信机楼二期工程,土建结构专业造价或图纸,M10/M05,头部加密（包内文件名都读不出）
/Users/yidian/code/datacenter/docs/library/04_市场与研究/中文行业报告集/202L 数据中心新/2022.1中国移动粤港澳（广州）通信机楼二期工程/造价类资料（全程免费，得来不易需要完成一些小任务）2/1控制价/1控制价 定稿/B3通信机楼土建工程/B3通信机楼-外墙工程/05398A B3通信机楼-外墙工程.xlsx.7z,28274,2022.1中国移动粤港澳（广州）通信机楼二期工程,土建结构专业造价或图纸,M10/M05,头部加密（包内文件名都读不出）
/Users/yidian/code/datacenter/docs/library/04_市场与研究/中文行业报告集/202L 数据中心新/2022.1中国移动粤港澳（广州）通信机楼二期工程/造价类资料（全程免费，得来不易需要完成一些小任务）2/工程量清单/工程量清单/05457B 中国移动粤港澳（广州）通信机楼二期工程项目招标控制价编制说明20220102.doc.7z,16033,2022.1中国移动粤港澳（广州）通信机楼二期工程,招标控制价（业主给出的价格上限）,M10,头部加密（包内文件名都读不出）
/Users/yidian/code/datacenter/docs/library/04_市场与研究/中文行业报告集/202L 数据中心新/2022.1中国移动粤港澳（广州）通信机楼二期工程/造价类资料（全程免费，得来不易需要完成一些小任务）2/工程量清单/工程量清单/中国移动粤港澳（广州）通信机楼二期工程施工总承包项目/05347  B 中国移动粤港澳（广州）通信机楼二期工程施工总承包项目.xlsx.7z,8113,2022.1中国移动粤港澳（广州）通信机楼二期工程,工程量清单与计价表,M10,头部加密（包内文件名都读不出）
/Users/yidian/code/datacenter/docs/library/04_市场与研究/中文行业报告集/202L 数据中心新/2022.1中国移动粤港澳（广州）通信机楼二期工程/造价类资料（全程免费，得来不易需要完成一些小任务）2/工程量清单/工程量清单/中国移动粤港澳（广州）通信机楼二期工程施工总承包项目/B1通信机楼土建工程/B1通信机楼-±0.00以下土建工程/05095  B B1通信机楼-±0.00以下土建工程.xlsx.7z,39698,2022.1中国移动粤港澳（广州）通信机楼二期工程,土建结构专业造价或图纸,M10/M05,头部加密（包内文件名都读不出）
/Users/yidian/code/datacenter/docs/library/04_市场与研究/中文行业报告集/202L 数据中心新/2022.1中国移动粤港澳（广州）通信机楼二期工程/造价类资料（全程免费，得来不易需要完成一些小任务）2/工程量清单/工程量清单/中国移动粤港澳（广州）通信机楼二期工程施工总承包项目/B1通信机楼土建工程/B1通信机楼-基坑支护及土方开挖工程/05095  B B1通信机楼-基坑支护及土方开挖工程.xlsx.7z,25730,2022.1中国移动粤港澳（广州）通信机楼二期工程,土建结构专业造价或图纸,M10/M05,头部加密（包内文件名都读不出）
/Users/yidian/code/datacenter/docs/library/04_市场与研究/中文行业报告集/202L 数据中心新/2022.1中国移动粤港澳（广州）通信机楼二期工程/造价类资料（全程免费，得来不易需要完成一些小任务）2/工程量清单/工程量清单/中国移动粤港澳（广州）通信机楼二期工程施工总承包项目/B1通信机楼土建工程/B1通信机楼-外墙工程/05095  B B1通信机楼-外墙工程.xlsx.7z,25506,2022.1中国移动粤港澳（广州）通信机楼二期工程,土建结构专业造价或图纸,M10/M05,头部加密（包内文件名都读不出）
/Users/yidian/code/datacenter/docs/library/04_市场与研究/中文行业报告集/202L 数据中心新/2022.1中国移动粤港澳（广州）通信机楼二期工程/造价类资料（全程免费，得来不易需要完成一些小任务）2/工程量清单/工程量清单/中国移动粤港澳（广州）通信机楼二期工程施工总承包项目/B1通信机楼土建工程/B1通信机楼-桩基础工程/05095  B B1通信机楼-桩基础工程.xlsx.7z,22546,2022.1中国移动粤港澳（广州）通信机楼二期工程,土建结构专业造价或图纸,M10/M05,头部加密（包内文件名都读不出）
/Users/yidian/code/datacenter/docs/library/04_市场与研究/中文行业报告集/202L 数据中心新/2022.1中国移动粤港澳（广州）通信机楼二期工程/造价类资料（全程免费，得来不易需要完成一些小任务）2/工程量清单/工程量清单/中国移动粤港澳（广州）通信机楼二期工程施工总承包项目/B1通信机楼安装工程/B1通信机楼-±0.00以下安装工程/05095  B B1通信机楼-±0.00以下安装工程.xlsx.7z,65634,2022.1中国移动粤港澳（广州）通信机楼二期工程,工程量清单与计价表,M10,头部加密（包内文件名都读不出）
/Users/yidian/code/datacenter/docs/library/04_市场与研究/中文行业报告集/202L 数据中心新/2022.1中国移动粤港澳（广州）通信机楼二期工程/造价类资料（全程免费，得来不易需要完成一些小任务）2/工程量清单/工程量清单/中国移动粤港澳（广州）通信机楼二期工程施工总承包项目/B1通信机楼安装工程/B1通信机楼-抗震支吊架工程/05343  B B1通信机楼-抗震支吊架工程.xlsx.7z,28242,2022.1中国移动粤港澳（广州）通信机楼二期工程,抗震支吊架工程造价,M02/M10,头部加密（包内文件名都读不出）
/Users/yidian/code/datacenter/docs/library/04_市场与研究/中文行业报告集/202L 数据中心新/2022.1中国移动粤港澳（广州）通信机楼二期工程/造价类资料（全程免费，得来不易需要完成一些小任务）2/工程量清单/工程量清单/中国移动粤港澳（广州）通信机楼二期工程施工总承包项目/B1通信机楼安装工程/B1通信机楼-智能化工程/05343  B B1通信机楼-智能化工程.xlsx.7z,40674,2022.1中国移动粤港澳（广州）通信机楼二期工程,智能化/弱电专业造价或图纸,M10/M13,头部加密（包内文件名都读不出）
/Users/yidian/code/datacenter/docs/library/04_市场与研究/中文行业报告集/202L 数据中心新/2022.1中国移动粤港澳（广州）通信机楼二期工程/造价类资料（全程免费，得来不易需要完成一些小任务）2/工程量清单/工程量清单/中国移动粤港澳（广州）通信机楼二期工程施工总承包项目/B1通信机楼安装工程/B1通信机楼-消防报警工程/05343  B B1通信机楼-消防报警工程.xlsx.7z,38370,2022.1中国移动粤港澳（广州）通信机楼二期工程,给排水与消防专业造价或图纸,M02/M10,头部加密（包内文件名都读不出）
/Users/yidian/code/datacenter/docs/library/04_市场与研究/中文行业报告集/202L 数据中心新/2022.1中国移动粤港澳（广州）通信机楼二期工程/造价类资料（全程免费，得来不易需要完成一些小任务）2/工程量清单/工程量清单/中国移动粤港澳（广州）通信机楼二期工程施工总承包项目/B1通信机楼安装工程/B1通信机楼-消防管道及设备工程/05343  B B1通信机楼-消防管道及设备工程.xlsx.7z,38338,2022.1中国移动粤港澳（广州）通信机楼二期工程,给排水与消防专业造价或图纸,M02/M10,头部加密（包内文件名都读不出）
/Users/yidian/code/datacenter/docs/library/04_市场与研究/中文行业报告集/202L 数据中心新/2022.1中国移动粤港澳（广州）通信机楼二期工程/造价类资料（全程免费，得来不易需要完成一些小任务）2/工程量清单/工程量清单/中国移动粤港澳（广州）通信机楼二期工程施工总承包项目/B1通信机楼安装工程/B1通信机楼-电梯工程/05343  B B1通信机楼-电梯工程.xlsx.7z,24162,2022.1中国移动粤港澳（广州）通信机楼二期工程,电梯工程造价,M10,头部加密（包内文件名都读不出）
/Users/yidian/code/datacenter/docs/library/04_市场与研究/中文行业报告集/202L 数据中心新/2022.1中国移动粤港澳（广州）通信机楼二期工程/造价类资料（全程免费，得来不易需要完成一些小任务）2/工程量清单/工程量清单/中国移动粤港澳（广州）通信机楼二期工程施工总承包项目/B1通信机楼安装工程/B1通信机楼-电气工程/05343  B B1通信机楼-电气工程.xlsx.7z,51442,2022.1中国移动粤港澳（广州）通信机楼二期工程,电气/供配电专业造价或图纸,M02/M09/M10,头部加密（包内文件名都读不出）
/Users/yidian/code/datacenter/docs/library/04_市场与研究/中文行业报告集/202L 数据中心新/2022.1中国移动粤港澳（广州）通信机楼二期工程/造价类资料（全程免费，得来不易需要完成一些小任务）2/工程量清单/工程量清单/中国移动粤港澳（广州）通信机楼二期工程施工总承包项目/B1通信机楼安装工程/B1通信机楼-给排水工程/05324  B B1通信机楼-给排水工程.xlsx.7z,35810,2022.1中国移动粤港澳（广州）通信机楼二期工程,给排水与消防专业造价或图纸,M02/M10,头部加密（包内文件名都读不出）
/Users/yidian/code/datacenter/docs/library/04_市场与研究/中文行业报告集/202L 数据中心新/2022.1中国移动粤港澳（广州）通信机楼二期工程/造价类资料（全程免费，得来不易需要完成一些小任务）2/工程量清单/工程量清单/中国移动粤港澳（广州）通信机楼二期工程施工总承包项目/B1通信机楼安装工程/B1通信机楼-通风和防排烟工程/05324  B B1通信机楼-通风和防排烟工程.xlsx.7z,40226,2022.1中国移动粤港澳（广州）通信机楼二期工程,暖通空调/冷源专业造价或图纸,M02/M10,头部加密（包内文件名都读不出）
/Users/yidian/code/datacenter/docs/library/04_市场与研究/中文行业报告集/202L 数据中心新/2022.1中国移动粤港澳（广州）通信机楼二期工程/造价类资料（全程免费，得来不易需要完成一些小任务）2/工程量清单/工程量清单/中国移动粤港澳（广州）通信机楼二期工程施工总承包项目/B2通信机楼土建工程/B2通信机楼-±0.00以上土建工程/05324  B B2通信机楼-±0.00以上土建工程.xlsx.7z,47330,2022.1中国移动粤港澳（广州）通信机楼二期工程,土建结构专业造价或图纸,M10/M05,头部加密（包内文件名都读不出）
/Users/yidian/code/datacenter/docs/library/04_市场与研究/中文行业报告集/202L 数据中心新/2022.1中国移动粤港澳（广州）通信机楼二期工程/造价类资料（全程免费，得来不易需要完成一些小任务）2/工程量清单/工程量清单/中国移动粤港澳（广州）通信机楼二期工程施工总承包项目/B2通信机楼土建工程/B2通信机楼-±0.00以下土建工程/05072  A B2通信机楼-±0.00以下土建工程.xlsx.7z,40082,2022.1中国移动粤港澳（广州）通信机楼二期工程,土建结构专业造价或图纸,M10/M05,头部加密（包内文件名都读不出）
/Users/yidian/code/datacenter/docs/library/04_市场与研究/中文行业报告集/202L 数据中心新/2022.1中国移动粤港澳（广州）通信机楼二期工程/造价类资料（全程免费，得来不易需要完成一些小任务）2/工程量清单/工程量清单/中国移动粤港澳（广州）通信机楼二期工程施工总承包项目/B2通信机楼土建工程/B2通信机楼-基坑支护及土方开挖工程/05072  A B2通信机楼-基坑支护及土方开挖工程.xlsx.7z,25698,2022.1中国移动粤港澳（广州）通信机楼二期工程,土建结构专业造价或图纸,M10/M05,头部加密（包内文件名都读不出）
/Users/yidian/code/datacenter/docs/library/04_市场与研究/中文行业报告集/202L 数据中心新/2022.1中国移动粤港澳（广州）通信机楼二期工程/造价类资料（全程免费，得来不易需要完成一些小任务）2/工程量清单/工程量清单/中国移动粤港澳（广州）通信机楼二期工程施工总承包项目/B2通信机楼土建工程/B2通信机楼-外墙工程/05072  A B2通信机楼-外墙工程.xlsx.7z,25618,2022.1中国移动粤港澳（广州）通信机楼二期工程,土建结构专业造价或图纸,M10/M05,头部加密（包内文件名都读不出）
/Users/yidian/code/datacenter/docs/library/04_市场与研究/中文行业报告集/202L 数据中心新/2022.1中国移动粤港澳（广州）通信机楼二期工程/造价类资料（全程免费，得来不易需要完成一些小任务）2/工程量清单/工程量清单/中国移动粤港澳（广州）通信机楼二期工程施工总承包项目/B2通信机楼土建工程/B2通信机楼-桩基础工程/05072  A B2通信机楼-桩基础工程.xlsx.7z,22466,2022.1中国移动粤港澳（广州）通信机楼二期工程,土建结构专业造价或图纸,M10/M05,头部加密（包内文件名都读不出）
/Users/yidian/code/datacenter/docs/library/04_市场与研究/中文行业报告集/202L 数据中心新/2022.1中国移动粤港澳（广州）通信机楼二期工程/造价类资料（全程免费，得来不易需要完成一些小任务）2/工程量清单/工程量清单/中国移动粤港澳（广州）通信机楼二期工程施工总承包项目/B2通信机楼安装工程/B2通信机楼-±0.00以下安装工程/05072  A B2通信机楼-±0.00以下安装工程.xlsx.7z,64738,2022.1中国移动粤港澳（广州）通信机楼二期工程,工程量清单与计价表,M10,头部加密（包内文件名都读不出）
/Users/yidian/code/datacenter/docs/library/04_市场与研究/中文行业报告集/202L 数据中心新/2022.1中国移动粤港澳（广州）通信机楼二期工程/造价类资料（全程免费，得来不易需要完成一些小任务）2/工程量清单/工程量清单/中国移动粤港澳（广州）通信机楼二期工程施工总承包项目/B2通信机楼安装工程/B2通信机楼-抗震支吊架工程/05321  A B2通信机楼-抗震支吊架工程.xlsx.7z,28450,2022.1中国移动粤港澳（广州）通信机楼二期工程,抗震支吊架工程造价,M02/M10,头部加密（包内文件名都读不出）
/Users/yidian/code/datacenter/docs/library/04_市场与研究/中文行业报告集/202L 数据中心新/2022.1中国移动粤港澳（广州）通信机楼二期工程/造价类资料（全程免费，得来不易需要完成一些小任务）2/工程量清单/工程量清单/中国移动粤港澳（广州）通信机楼二期工程施工总承包项目/B2通信机楼安装工程/B2通信机楼-智能化工程/05321  A B2通信机楼-智能化工程.xlsx.7z,40258,2022.1中国移动粤港澳（广州）通信机楼二期工程,智能化/弱电专业造价或图纸,M10/M13,头部加密（包内文件名都读不出）
/Users/yidian/code/datacenter/docs/library/04_市场与研究/中文行业报告集/202L 数据中心新/2022.1中国移动粤港澳（广州）通信机楼二期工程/造价类资料（全程免费，得来不易需要完成一些小任务）2/工程量清单/工程量清单/中国移动粤港澳（广州）通信机楼二期工程施工总承包项目/B2通信机楼安装工程/B2通信机楼-消防报警工程/05321  A B2通信机楼-消防报警工程.xlsx.7z,37762,2022.1中国移动粤港澳（广州）通信机楼二期工程,给排水与消防专业造价或图纸,M02/M10,头部加密（包内文件名都读不出）
/Users/yidian/code/datacenter/docs/library/04_市场与研究/中文行业报告集/202L 数据中心新/2022.1中国移动粤港澳（广州）通信机楼二期工程/造价类资料（全程免费，得来不易需要完成一些小任务）2/工程量清单/工程量清单/中国移动粤港澳（广州）通信机楼二期工程施工总承包项目/B2通信机楼安装工程/B2通信机楼-消防管道及设备工程/05321  A B2通信机楼-消防管道及设备工程.xlsx.7z,38418,2022.1中国移动粤港澳（广州）通信机楼二期工程,给排水与消防专业造价或图纸,M02/M10,头部加密（包内文件名都读不出）
/Users/yidian/code/datacenter/docs/library/04_市场与研究/中文行业报告集/202L 数据中心新/2022.1中国移动粤港澳（广州）通信机楼二期工程/造价类资料（全程免费，得来不易需要完成一些小任务）2/工程量清单/工程量清单/中国移动粤港澳（广州）通信机楼二期工程施工总承包项目/B2通信机楼安装工程/B2通信机楼-电梯工程/05301  A B2通信机楼-电梯工程.xlsx.7z,24162,2022.1中国移动粤港澳（广州）通信机楼二期工程,电梯工程造价,M10,头部加密（包内文件名都读不出）
/Users/yidian/code/datacenter/docs/library/04_市场与研究/中文行业报告集/202L 数据中心新/2022.1中国移动粤港澳（广州）通信机楼二期工程/造价类资料（全程免费，得来不易需要完成一些小任务）2/工程量清单/工程量清单/中国移动粤港澳（广州）通信机楼二期工程施工总承包项目/B2通信机楼安装工程/B2通信机楼-电气工程/05301  A B2通信机楼-电气工程.xlsx.7z,51650,2022.1中国移动粤港澳（广州）通信机楼二期工程,电气/供配电专业造价或图纸,M02/M09/M10,头部加密（包内文件名都读不出）
/Users/yidian/code/datacenter/docs/library/04_市场与研究/中文行业报告集/202L 数据中心新/2022.1中国移动粤港澳（广州）通信机楼二期工程/造价类资料（全程免费，得来不易需要完成一些小任务）2/工程量清单/工程量清单/中国移动粤港澳（广州）通信机楼二期工程施工总承包项目/B2通信机楼安装工程/B2通信机楼-给排水工程/05301  A B2通信机楼-给排水工程.xlsx.7z,36130,2022.1中国移动粤港澳（广州）通信机楼二期工程,给排水与消防专业造价或图纸,M02/M10,头部加密（包内文件名都读不出）
/Users/yidian/code/datacenter/docs/library/04_市场与研究/中文行业报告集/202L 数据中心新/2022.1中国移动粤港澳（广州）通信机楼二期工程/造价类资料（全程免费，得来不易需要完成一些小任务）2/工程量清单/工程量清单/中国移动粤港澳（广州）通信机楼二期工程施工总承包项目/B2通信机楼安装工程/B2通信机楼-通风和防排烟工程/05301  A B2通信机楼-通风和防排烟工程.xlsx.7z,40050,2022.1中国移动粤港澳（广州）通信机楼二期工程,暖通空调/冷源专业造价或图纸,M02/M10,头部加密（包内文件名都读不出）
/Users/yidian/code/datacenter/docs/library/04_市场与研究/中文行业报告集/202L 数据中心新/2022.1中国移动粤港澳（广州）通信机楼二期工程/造价类资料（全程免费，得来不易需要完成一些小任务）2/工程量清单/工程量清单/中国移动粤港澳（广州）通信机楼二期工程施工总承包项目/B3通信机楼土建工程/B3通信机楼-±0.00以上土建工程/05049  A B3通信机楼-±0.00以上土建工程.xlsx.7z,47106,2022.1中国移动粤港澳（广州）通信机楼二期工程,土建结构专业造价或图纸,M10/M05,头部加密（包内文件名都读不出）
/Users/yidian/code/datacenter/docs/library/04_市场与研究/中文行业报告集/202L 数据中心新/2022.1中国移动粤港澳（广州）通信机楼二期工程/造价类资料（全程免费，得来不易需要完成一些小任务）2/工程量清单/工程量清单/中国移动粤港澳（广州）通信机楼二期工程施工总承包项目/B3通信机楼土建工程/B3通信机楼-±0.00以下土建工程/05298  A B3通信机楼-±0.00以下土建工程.xlsx.7z,39682,2022.1中国移动粤港澳（广州）通信机楼二期工程,土建结构专业造价或图纸,M10/M05,头部加密（包内文件名都读不出）
/Users/yidian/code/datacenter/docs/library/04_市场与研究/中文行业报告集/202L 数据中心新/2022.1中国移动粤港澳（广州）通信机楼二期工程/造价类资料（全程免费，得来不易需要完成一些小任务）2/工程量清单/工程量清单/中国移动粤港澳（广州）通信机楼二期工程施工总承包项目/B3通信机楼土建工程/B3通信机楼-基坑支护及土方开挖工程/05298  A B3通信机楼-基坑支护及土方开挖工程.xlsx.7z,26210,2022.1中国移动粤港澳（广州）通信机楼二期工程,土建结构专业造价或图纸,M10/M05,头部加密（包内文件名都读不出）
/Users/yidian/code/datacenter/docs/library/04_市场与研究/中文行业报告集/202L 数据中心新/2022.1中国移动粤港澳（广州）通信机楼二期工程/造价类资料（全程免费，得来不易需要完成一些小任务）2/工程量清单/工程量清单/中国移动粤港澳（广州）通信机楼二期工程施工总承包项目/B3通信机楼土建工程/B3通信机楼-外墙工程/05298  A B3通信机楼-外墙工程.xlsx.7z,25586,2022.1中国移动粤港澳（广州）通信机楼二期工程,土建结构专业造价或图纸,M10/M05,头部加密（包内文件名都读不出）
/Users/yidian/code/datacenter/docs/library/04_市场与研究/中文行业报告集/202L 数据中心新/2022.1中国移动粤港澳（广州）通信机楼二期工程/造价类资料（全程免费，得来不易需要完成一些小任务）2/工程量清单/工程量清单/中国移动粤港澳（广州）通信机楼二期工程施工总承包项目/B3通信机楼土建工程/B3通信机楼-桩基础工程/05298  A B3通信机楼-桩基础工程.xlsx.7z,22466,2022.1中国移动粤港澳（广州）通信机楼二期工程,土建结构专业造价或图纸,M10/M05,头部加密（包内文件名都读不出）
/Users/yidian/code/datacenter/docs/library/04_市场与研究/中文行业报告集/202L 数据中心新/2022.1中国移动粤港澳（广州）通信机楼二期工程/造价类资料（全程免费，得来不易需要完成一些小任务）2/工程量清单/工程量清单/中国移动粤港澳（广州）通信机楼二期工程施工总承包项目/B3通信机楼安装工程/B3通信机楼-±0.00以下安装工程/05278  B B3通信机楼-±0.00以下安装工程.xlsx.7z,72002,2022.1中国移动粤港澳（广州）通信机楼二期工程,工程量清单与计价表,M10,头部加密（包内文件名都读不出）
/Users/yidian/code/datacenter/docs/library/04_市场与研究/中文行业报告集/202L 数据中心新/2022.1中国移动粤港澳（广州）通信机楼二期工程/造价类资料（全程免费，得来不易需要完成一些小任务）2/工程量清单/工程量清单/中国移动粤港澳（广州）通信机楼二期工程施工总承包项目/B3通信机楼安装工程/B3通信机楼-抗震支吊架工程/05278  B B3通信机楼-抗震支吊架工程.xlsx.7z,28594,2022.1中国移动粤港澳（广州）通信机楼二期工程,抗震支吊架工程造价,M02/M10,头部加密（包内文件名都读不出）
/Users/yidian/code/datacenter/docs/library/04_市场与研究/中文行业报告集/202L 数据中心新/2022.1中国移动粤港澳（广州）通信机楼二期工程/造价类资料（全程免费，得来不易需要完成一些小任务）2/工程量清单/工程量清单/中国移动粤港澳（广州）通信机楼二期工程施工总承包项目/B3通信机楼安装工程/B3通信机楼-智能化工程/05278  B B3通信机楼-智能化工程.xlsx.7z,39202,2022.1中国移动粤港澳（广州）通信机楼二期工程,智能化/弱电专业造价或图纸,M10/M13,头部加密（包内文件名都读不出）
/Users/yidian/code/datacenter/docs/library/04_市场与研究/中文行业报告集/202L 数据中心新/2022.1中国移动粤港澳（广州）通信机楼二期工程/造价类资料（全程免费，得来不易需要完成一些小任务）2/工程量清单/工程量清单/中国移动粤港澳（广州）通信机楼二期工程施工总承包项目/B3通信机楼安装工程/B3通信机楼-消防报警工程/05278  B B3通信机楼-消防报警工程.xlsx.7z,37938,2022.1中国移动粤港澳（广州）通信机楼二期工程,给排水与消防专业造价或图纸,M02/M10,头部加密（包内文件名都读不出）
/Users/yidian/code/datacenter/docs/library/04_市场与研究/中文行业报告集/202L 数据中心新/2022.1中国移动粤港澳（广州）通信机楼二期工程/造价类资料（全程免费，得来不易需要完成一些小任务）2/工程量清单/工程量清单/中国移动粤港澳（广州）通信机楼二期工程施工总承包项目/B3通信机楼安装工程/B3通信机楼-消防管道及设备工程/05027  B B3通信机楼-消防管道及设备工程.xlsx.7z,43490,2022.1中国移动粤港澳（广州）通信机楼二期工程,给排水与消防专业造价或图纸,M02/M10,头部加密（包内文件名都读不出）
/Users/yidian/code/datacenter/docs/library/04_市场与研究/中文行业报告集/202L 数据中心新/2022.1中国移动粤港澳（广州）通信机楼二期工程/造价类资料（全程免费，得来不易需要完成一些小任务）2/工程量清单/工程量清单/中国移动粤港澳（广州）通信机楼二期工程施工总承包项目/B3通信机楼安装工程/B3通信机楼-电梯工程/05027  B B3通信机楼-电梯工程.xlsx.7z,24146,2022.1中国移动粤港澳（广州）通信机楼二期工程,电梯工程造价,M10,头部加密（包内文件名都读不出）
/Users/yidian/code/datacenter/docs/library/04_市场与研究/中文行业报告集/202L 数据中心新/2022.1中国移动粤港澳（广州）通信机楼二期工程/造价类资料（全程免费，得来不易需要完成一些小任务）2/工程量清单/工程量清单/中国移动粤港澳（广州）通信机楼二期工程施工总承包项目/B3通信机楼安装工程/B3通信机楼-电气工程/05027  B B3通信机楼-电气工程.xlsx.7z,52722,2022.1中国移动粤港澳（广州）通信机楼二期工程,电气/供配电专业造价或图纸,M02/M09/M10,头部加密（包内文件名都读不出）
/Users/yidian/code/datacenter/docs/library/04_市场与研究/中文行业报告集/202L 数据中心新/2022.1中国移动粤港澳（广州）通信机楼二期工程/造价类资料（全程免费，得来不易需要完成一些小任务）2/工程量清单/工程量清单/中国移动粤港澳（广州）通信机楼二期工程施工总承包项目/B3通信机楼安装工程/B3通信机楼-给排水工程/05027  B B3通信机楼-给排水工程.xlsx.7z,36482,2022.1中国移动粤港澳（广州）通信机楼二期工程,给排水与消防专业造价或图纸,M02/M10,头部加密（包内文件名都读不出）
/Users/yidian/code/datacenter/docs/library/04_市场与研究/中文行业报告集/202L 数据中心新/2022.1中国移动粤港澳（广州）通信机楼二期工程/造价类资料（全程免费，得来不易需要完成一些小任务）2/工程量清单/工程量清单/中国移动粤港澳（广州）通信机楼二期工程施工总承包项目/B3通信机楼安装工程/B3通信机楼-通风和防排烟工程/05027  B B3通信机楼-通风和防排烟工程.xlsx.7z,40146,2022.1中国移动粤港澳（广州）通信机楼二期工程,暖通空调/冷源专业造价或图纸,M02/M10,头部加密（包内文件名都读不出）
/Users/yidian/code/datacenter/docs/library/04_市场与研究/中文行业报告集/202L 数据中心新/2022.1中国移动粤港澳（广州）通信机楼二期工程/造价类资料（全程免费，得来不易需要完成一些小任务）2/工程量清单/工程量清单/中国移动粤港澳（广州）通信机楼二期工程施工总承包项目/其他费用/临水、临电工程/05275  B 临水、临电工程.xlsx.7z,30226,2022.1中国移动粤港澳（广州）通信机楼二期工程,临时设施工程造价,M10,头部加密（包内文件名都读不出）
/Users/yidian/code/datacenter/docs/library/04_市场与研究/中文行业报告集/202L 数据中心新/2022.1中国移动粤港澳（广州）通信机楼二期工程/造价类资料（全程免费，得来不易需要完成一些小任务）2/工程量清单/工程量清单/中国移动粤港澳（广州）通信机楼二期工程施工总承包项目/其他费用/地下管线探测费/05275  B 地下管线探测费.xlsx.7z,19730,2022.1中国移动粤港澳（广州）通信机楼二期工程,室外/园区工程造价,M05/M10,头部加密（包内文件名都读不出）
/Users/yidian/code/datacenter/docs/library/04_市场与研究/中文行业报告集/202L 数据中心新/2022.1中国移动粤港澳（广州）通信机楼二期工程/造价类资料（全程免费，得来不易需要完成一些小任务）2/工程量清单/工程量清单/中国移动粤港澳（广州）通信机楼二期工程施工总承包项目/其他费用/工程保险费/05275  B 工程保险费.xlsx.7z,19570,2022.1中国移动粤港澳（广州）通信机楼二期工程,工程量清单与计价表,M10,头部加密（包内文件名都读不出）
/Users/yidian/code/datacenter/docs/library/04_市场与研究/中文行业报告集/202L 数据中心新/2022.1中国移动粤港澳（广州）通信机楼二期工程/造价类资料（全程免费，得来不易需要完成一些小任务）2/工程量清单/工程量清单/中国移动粤港澳（广州）通信机楼二期工程施工总承包项目/其他费用/建筑信息模型（BIM）技术应用费用/05275  B 建筑信息模型（BIM）技术应用费用.xlsx.7z,19794,2022.1中国移动粤港澳（广州）通信机楼二期工程,土建结构专业造价或图纸,M10/M05,头部加密（包内文件名都读不出）
/Users/yidian/code/datacenter/docs/library/04_市场与研究/中文行业报告集/202L 数据中心新/2022.1中国移动粤港澳（广州）通信机楼二期工程/造价类资料（全程免费，得来不易需要完成一些小任务）2/工程量清单/工程量清单/中国移动粤港澳（广州）通信机楼二期工程施工总承包项目/其他费用/房屋鉴定费/05275  B 房屋鉴定费.xlsx.7z,19698,2022.1中国移动粤港澳（广州）通信机楼二期工程,工程量清单与计价表,M10,头部加密（包内文件名都读不出）
/Users/yidian/code/datacenter/docs/library/04_市场与研究/中文行业报告集/202L 数据中心新/2022.1中国移动粤港澳（广州）通信机楼二期工程/造价类资料（全程免费，得来不易需要完成一些小任务）2/工程量清单/工程量清单/中国移动粤港澳（广州）通信机楼二期工程施工总承包项目/其他费用/甲供材料保管费/05255  B 甲供材料保管费.xlsx.7z,19570,2022.1中国移动粤港澳（广州）通信机楼二期工程,工程量清单与计价表,M10,头部加密（包内文件名都读不出）
/Users/yidian/code/datacenter/docs/library/04_市场与研究/中文行业报告集/202L 数据中心新/2022.1中国移动粤港澳（广州）通信机楼二期工程/造价类资料（全程免费，得来不易需要完成一些小任务）2/工程量清单/工程量清单/中国移动粤港澳（广州）通信机楼二期工程施工总承包项目/其他费用/白蚁防治费/05255  B 白蚁防治费.xlsx.7z,19778,2022.1中国移动粤港澳（广州）通信机楼二期工程,工程量清单与计价表,M10,头部加密（包内文件名都读不出）
/Users/yidian/code/datacenter/docs/library/04_市场与研究/中文行业报告集/202L 数据中心新/2022.1中国移动粤港澳（广州）通信机楼二期工程/造价类资料（全程免费，得来不易需要完成一些小任务）2/工程量清单/工程量清单/中国移动粤港澳（广州）通信机楼二期工程施工总承包项目/其他费用/防火门检验试验费/05255  B 防火门检验试验费.xlsx.7z,19602,2022.1中国移动粤港澳（广州）通信机楼二期工程,工程量清单与计价表,M10,头部加密（包内文件名都读不出）
/Users/yidian/code/datacenter/docs/library/04_市场与研究/中文行业报告集/202L 数据中心新/2022.1中国移动粤港澳（广州）通信机楼二期工程/造价类资料（全程免费，得来不易需要完成一些小任务）2/工程量清单/工程量清单/中国移动粤港澳（广州）通信机楼二期工程施工总承包项目/其他费用/防疫费/05255  B 防疫费.xlsx.7z,19569,2022.1中国移动粤港澳（广州）通信机楼二期工程,工程量清单与计价表,M10,头部加密（包内文件名都读不出）
/Users/yidian/code/datacenter/docs/library/04_市场与研究/中文行业报告集/202L 数据中心新/2022.1中国移动粤港澳（广州）通信机楼二期工程/造价类资料（全程免费，得来不易需要完成一些小任务）2/工程量清单/工程量清单/中国移动粤港澳（广州）通信机楼二期工程施工总承包项目/室外工程/原一期室外道路工程/05255  B 原一期室外道路工程.xlsx.7z,22338,2022.1中国移动粤港澳（广州）通信机楼二期工程,室外/园区工程造价,M05/M10,头部加密（包内文件名都读不出）
/Users/yidian/code/datacenter/docs/library/04_市场与研究/中文行业报告集/202L 数据中心新/2022.1中国移动粤港澳（广州）通信机楼二期工程/造价类资料（全程免费，得来不易需要完成一些小任务）2/工程量清单/工程量清单/中国移动粤港澳（广州）通信机楼二期工程施工总承包项目/室外工程/原一期室外道路工程/05271  B 原一期室外道路工程(1).xlsx.7z,22338,2022.1中国移动粤港澳（广州）通信机楼二期工程,室外/园区工程造价,M05/M10,头部加密（包内文件名都读不出）
/Users/yidian/code/datacenter/docs/library/04_市场与研究/中文行业报告集/202L 数据中心新/2022.1中国移动粤港澳（广州）通信机楼二期工程/造价类资料（全程免费，得来不易需要完成一些小任务）2/工程量清单/工程量清单/中国移动粤港澳（广州）通信机楼二期工程施工总承包项目/室外工程/场地工程/05255  B 场地工程.xlsx.7z,21569,2022.1中国移动粤港澳（广州）通信机楼二期工程,工程量清单与计价表,M10,头部加密（包内文件名都读不出）
/Users/yidian/code/datacenter/docs/library/04_市场与研究/中文行业报告集/202L 数据中心新/2022.1中国移动粤港澳（广州）通信机楼二期工程/造价类资料（全程免费，得来不易需要完成一些小任务）2/工程量清单/工程量清单/中国移动粤港澳（广州）通信机楼二期工程施工总承包项目/室外工程/室外围墙工程/05255  B 室外围墙工程.xlsx.7z,25826,2022.1中国移动粤港澳（广州）通信机楼二期工程,室外/园区工程造价,M05/M10,头部加密（包内文件名都读不出）
/Users/yidian/code/datacenter/docs/library/04_市场与研究/中文行业报告集/202L 数据中心新/2022.1中国移动粤港澳（广州）通信机楼二期工程/造价类资料（全程免费，得来不易需要完成一些小任务）2/工程量清单/工程量清单/中国移动粤港澳（广州）通信机楼二期工程施工总承包项目/室外工程/室外围墙工程/05293  A 室外围墙工程(1).xlsx.7z,25826,2022.1中国移动粤港澳（广州）通信机楼二期工程,室外/园区工程造价,M05/M10,头部加密（包内文件名都读不出）
/Users/yidian/code/datacenter/docs/library/04_市场与研究/中文行业报告集/202L 数据中心新/2022.1中国移动粤港澳（广州）通信机楼二期工程/造价类资料（全程免费，得来不易需要完成一些小任务）2/工程量清单/工程量清单/中国移动粤港澳（广州）通信机楼二期工程施工总承包项目/室外工程/室外广场工程/05255  B 室外广场工程.xlsx.7z,22322,2022.1中国移动粤港澳（广州）通信机楼二期工程,室外/园区工程造价,M05/M10,头部加密（包内文件名都读不出）
/Users/yidian/code/datacenter/docs/library/04_市场与研究/中文行业报告集/202L 数据中心新/2022.1中国移动粤港澳（广州）通信机楼二期工程/造价类资料（全程免费，得来不易需要完成一些小任务）2/工程量清单/工程量清单/中国移动粤港澳（广州）通信机楼二期工程施工总承包项目/室外工程/室外广场工程/05293  A 室外广场工程(1).xlsx.7z,22322,2022.1中国移动粤港澳（广州）通信机楼二期工程,室外/园区工程造价,M05/M10,头部加密（包内文件名都读不出）
/Users/yidian/code/datacenter/docs/library/04_市场与研究/中文行业报告集/202L 数据中心新/2022.1中国移动粤港澳（广州）通信机楼二期工程/造价类资料（全程免费，得来不易需要完成一些小任务）2/工程量清单/工程量清单/中国移动粤港澳（广州）通信机楼二期工程施工总承包项目/室外工程/室外挡土墙工程/05373B 室外挡土墙工程.xlsx.7z,22306,2022.1中国移动粤港澳（广州）通信机楼二期工程,室外/园区工程造价,M05/M10,头部加密（包内文件名都读不出）
/Users/yidian/code/datacenter/docs/library/04_市场与研究/中文行业报告集/202L 数据中心新/2022.1中国移动粤港澳（广州）通信机楼二期工程/造价类资料（全程免费，得来不易需要完成一些小任务）2/工程量清单/工程量清单/中国移动粤港澳（广州）通信机楼二期工程施工总承包项目/室外工程/室外排水排污工程/05193  B 室外排水排污工程(1).xlsx.7z,29682,2022.1中国移动粤港澳（广州）通信机楼二期工程,室外/园区工程造价,M05/M10,头部加密（包内文件名都读不出）
/Users/yidian/code/datacenter/docs/library/04_市场与研究/中文行业报告集/202L 数据中心新/2022.1中国移动粤港澳（广州）通信机楼二期工程/造价类资料（全程免费，得来不易需要完成一些小任务）2/工程量清单/工程量清单/中国移动粤港澳（广州）通信机楼二期工程施工总承包项目/室外工程/室外排水排污工程/05373B 室外排水排污工程(2).xlsx.7z,29682,2022.1中国移动粤港澳（广州）通信机楼二期工程,室外/园区工程造价,M05/M10,头部加密（包内文件名都读不出）
/Users/yidian/code/datacenter/docs/library/04_市场与研究/中文行业报告集/202L 数据中心新/2022.1中国移动粤港澳（广州）通信机楼二期工程/造价类资料（全程免费，得来不易需要完成一些小任务）2/工程量清单/工程量清单/中国移动粤港澳（广州）通信机楼二期工程施工总承包项目/室外工程/室外油机基础工程/05039  A 室外油机基础工程.xlsx.7z,22786,2022.1中国移动粤港澳（广州）通信机楼二期工程,土建结构专业造价或图纸,M10/M05,头部加密（包内文件名都读不出）
/Users/yidian/code/datacenter/docs/library/04_市场与研究/中文行业报告集/202L 数据中心新/2022.1中国移动粤港澳（广州）通信机楼二期工程/造价类资料（全程免费，得来不易需要完成一些小任务）2/工程量清单/工程量清单/中国移动粤港澳（广州）通信机楼二期工程施工总承包项目/室外工程/室外油机基础工程/05373B 室外油机基础工程(1).xlsx.7z,22786,2022.1中国移动粤港澳（广州）通信机楼二期工程,土建结构专业造价或图纸,M10/M05,头部加密（包内文件名都读不出）
/Users/yidian/code/datacenter/docs/library/04_市场与研究/中文行业报告集/202L 数据中心新/2022.1中国移动粤港澳（广州）通信机楼二期工程/造价类资料（全程免费，得来不易需要完成一些小任务）2/工程量清单/工程量清单/中国移动粤港澳（广州）通信机楼二期工程施工总承包项目/室外工程/室外油管沟及散水暗沟工程/05039  A 室外油管沟及散水暗沟工程.xlsx.7z,24738,2022.1中国移动粤港澳（广州）通信机楼二期工程,室外/园区工程造价,M05/M10,头部加密（包内文件名都读不出）
/Users/yidian/code/datacenter/docs/library/04_市场与研究/中文行业报告集/202L 数据中心新/2022.1中国移动粤港澳（广州）通信机楼二期工程/造价类资料（全程免费，得来不易需要完成一些小任务）2/工程量清单/工程量清单/中国移动粤港澳（广州）通信机楼二期工程施工总承包项目/室外工程/室外油管沟及散水暗沟工程/05373B 室外油管沟及散水暗沟工程(1).xlsx.7z,24754,2022.1中国移动粤港澳（广州）通信机楼二期工程,室外/园区工程造价,M05/M10,头部加密（包内文件名都读不出）
/Users/yidian/code/datacenter/docs/library/04_市场与研究/中文行业报告集/202L 数据中心新/2022.1中国移动粤港澳（广州）通信机楼二期工程/造价类资料（全程免费，得来不易需要完成一些小任务）2/工程量清单/工程量清单/中国移动粤港澳（广州）通信机楼二期工程施工总承包项目/室外工程/室外油罐土建工程/05008  B 室外油罐土建工程(1).xlsx.7z,27522,2022.1中国移动粤港澳（广州）通信机楼二期工程,土建结构专业造价或图纸,M10/M05,头部加密（包内文件名都读不出）
/Users/yidian/code/datacenter/docs/library/04_市场与研究/中文行业报告集/202L 数据中心新/2022.1中国移动粤港澳（广州）通信机楼二期工程/造价类资料（全程免费，得来不易需要完成一些小任务）2/工程量清单/工程量清单/中国移动粤港澳（广州）通信机楼二期工程施工总承包项目/室外工程/室外油罐土建工程/05353  B 室外油罐土建工程.xlsx.7z,27522,2022.1中国移动粤港澳（广州）通信机楼二期工程,土建结构专业造价或图纸,M10/M05,头部加密（包内文件名都读不出）
/Users/yidian/code/datacenter/docs/library/04_市场与研究/中文行业报告集/202L 数据中心新/2022.1中国移动粤港澳（广州）通信机楼二期工程/造价类资料（全程免费，得来不易需要完成一些小任务）2/工程量清单/工程量清单/中国移动粤港澳（广州）通信机楼二期工程施工总承包项目/室外工程/室外油罐基坑支护及土方开挖工程/05008  B 室外油罐基坑支护及土方开挖工程(1).xlsx.7z,23682,2022.1中国移动粤港澳（广州）通信机楼二期工程,土建结构专业造价或图纸,M10/M05,头部加密（包内文件名都读不出）
/Users/yidian/code/datacenter/docs/library/04_市场与研究/中文行业报告集/202L 数据中心新/2022.1中国移动粤港澳（广州）通信机楼二期工程/造价类资料（全程免费，得来不易需要完成一些小任务）2/工程量清单/工程量清单/中国移动粤港澳（广州）通信机楼二期工程施工总承包项目/室外工程/室外油罐基坑支护及土方开挖工程/05353  B 室外油罐基坑支护及土方开挖工程.xlsx.7z,23682,2022.1中国移动粤港澳（广州）通信机楼二期工程,土建结构专业造价或图纸,M10/M05,头部加密（包内文件名都读不出）
/Users/yidian/code/datacenter/docs/library/04_市场与研究/中文行业报告集/202L 数据中心新/2022.1中国移动粤港澳（广州）通信机楼二期工程/造价类资料（全程免费，得来不易需要完成一些小任务）2/工程量清单/工程量清单/中国移动粤港澳（广州）通信机楼二期工程施工总承包项目/室外工程/室外油罐安装工程/05008  B 室外油罐安装工程(1).xlsx.7z,23410,2022.1中国移动粤港澳（广州）通信机楼二期工程,室外/园区工程造价,M05/M10,头部加密（包内文件名都读不出）
/Users/yidian/code/datacenter/docs/library/04_市场与研究/中文行业报告集/202L 数据中心新/2022.1中国移动粤港澳（广州）通信机楼二期工程/造价类资料（全程免费，得来不易需要完成一些小任务）2/工程量清单/工程量清单/中国移动粤港澳（广州）通信机楼二期工程施工总承包项目/室外工程/室外油罐安装工程/05353  B 室外油罐安装工程.xlsx.7z,23410,2022.1中国移动粤港澳（广州）通信机楼二期工程,室外/园区工程造价,M05/M10,头部加密（包内文件名都读不出）
/Users/yidian/code/datacenter/docs/library/04_市场与研究/中文行业报告集/202L 数据中心新/2022.1中国移动粤港澳（广州）通信机楼二期工程/造价类资料（全程免费，得来不易需要完成一些小任务）2/工程量清单/工程量清单/中国移动粤港澳（广州）通信机楼二期工程施工总承包项目/室外工程/室外电气工程/05101  B 室外电气工程.xlsx.7z,29586,2022.1中国移动粤港澳（广州）通信机楼二期工程,电气/供配电专业造价或图纸,M02/M09/M10,头部加密（包内文件名都读不出）
/Users/yidian/code/datacenter/docs/library/04_市场与研究/中文行业报告集/202L 数据中心新/2022.1中国移动粤港澳（广州）通信机楼二期工程/造价类资料（全程免费，得来不易需要完成一些小任务）2/工程量清单/工程量清单/中国移动粤港澳（广州）通信机楼二期工程施工总承包项目/室外工程/室外管线支架工程/05021  B 室外管线支架工程(2).xlsx.7z,25058,2022.1中国移动粤港澳（广州）通信机楼二期工程,室外/园区工程造价,M05/M10,头部加密（包内文件名都读不出）
/Users/yidian/code/datacenter/docs/library/04_市场与研究/中文行业报告集/202L 数据中心新/2022.1中国移动粤港澳（广州）通信机楼二期工程/造价类资料（全程免费，得来不易需要完成一些小任务）2/工程量清单/工程量清单/中国移动粤港澳（广州）通信机楼二期工程施工总承包项目/室外工程/室外管线支架工程/05101  B 室外管线支架工程.xlsx.7z,25058,2022.1中国移动粤港澳（广州）通信机楼二期工程,室外/园区工程造价,M05/M10,头部加密（包内文件名都读不出）
/Users/yidian/code/datacenter/docs/library/04_市场与研究/中文行业报告集/202L 数据中心新/2022.1中国移动粤港澳（广州）通信机楼二期工程/造价类资料（全程免费，得来不易需要完成一些小任务）2/工程量清单/工程量清单/中国移动粤港澳（广州）通信机楼二期工程施工总承包项目/室外工程/室外绿化工程/05021  B 室外绿化工程(2).xlsx.7z,21746,2022.1中国移动粤港澳（广州）通信机楼二期工程,室外/园区工程造价,M05/M10,头部加密（包内文件名都读不出）
/Users/yidian/code/datacenter/docs/library/04_市场与研究/中文行业报告集/202L 数据中心新/2022.1中国移动粤港澳（广州）通信机楼二期工程/造价类资料（全程免费，得来不易需要完成一些小任务）2/工程量清单/工程量清单/中国移动粤港澳（广州）通信机楼二期工程施工总承包项目/室外工程/室外绿化工程/05101  B 室外绿化工程.xlsx.7z,21746,2022.1中国移动粤港澳（广州）通信机楼二期工程,室外/园区工程造价,M05/M10,头部加密（包内文件名都读不出）
/Users/yidian/code/datacenter/docs/library/04_市场与研究/中文行业报告集/202L 数据中心新/2022.1中国移动粤港澳（广州）通信机楼二期工程/造价类资料（全程免费，得来不易需要完成一些小任务）2/工程量清单/工程量清单/中国移动粤港澳（广州）通信机楼二期工程施工总承包项目/室外工程/室外蓄冷罐基础工程/05350  B 室外蓄冷罐基础工程(1).xlsx.7z,22562,2022.1中国移动粤港澳（广州）通信机楼二期工程,暖通空调/冷源专业造价或图纸,M02/M10,头部加密（包内文件名都读不出）
/Users/yidian/code/datacenter/docs/library/04_市场与研究/中文行业报告集/202L 数据中心新/2022.1中国移动粤港澳（广州）通信机楼二期工程/造价类资料（全程免费，得来不易需要完成一些小任务）2/工程量清单/工程量清单/中国移动粤港澳（广州）通信机楼二期工程施工总承包项目/室外工程/室外蓄冷罐基础工程/05376A 室外蓄冷罐基础工程.xlsx.7z,22562,2022.1中国移动粤港澳（广州）通信机楼二期工程,暖通空调/冷源专业造价或图纸,M02/M10,头部加密（包内文件名都读不出）
/Users/yidian/code/datacenter/docs/library/04_市场与研究/中文行业报告集/202L 数据中心新/2022.1中国移动粤港澳（广州）通信机楼二期工程/造价类资料（全程免费，得来不易需要完成一些小任务）2/工程量清单/工程量清单/中国移动粤港澳（广州）通信机楼二期工程施工总承包项目/室外工程/室外道路工程/05350  B 室外道路工程.xlsx.7z,23506,2022.1中国移动粤港澳（广州）通信机楼二期工程,室外/园区工程造价,M05/M10,头部加密（包内文件名都读不出）
/Users/yidian/code/datacenter/docs/library/04_市场与研究/中文行业报告集/202L 数据中心新/2022.1中国移动粤港澳（广州）通信机楼二期工程/造价类资料（全程免费，得来不易需要完成一些小任务）2/工程量清单/工程量清单/中国移动粤港澳（广州）通信机楼二期工程施工总承包项目/室外工程/室外钢平台工程/05330  B 室外钢平台工程.xlsx.7z,26882,2022.1中国移动粤港澳（广州）通信机楼二期工程,室外/园区工程造价,M05/M10,头部加密（包内文件名都读不出）
/Users/yidian/code/datacenter/docs/library/04_市场与研究/中文行业报告集/202L 数据中心新/2022.1中国移动粤港澳（广州）通信机楼二期工程/造价类资料（全程免费，得来不易需要完成一些小任务）2/工程量清单/工程量清单/中国移动粤港澳（广州）通信机楼二期工程施工总承包项目/室外工程/市政给水工程/05330  B 市政给水工程.xlsx.7z,28866,2022.1中国移动粤港澳（广州）通信机楼二期工程,工程量清单与计价表,M10,头部加密（包内文件名都读不出）
/Users/yidian/code/datacenter/docs/library/04_市场与研究/中文行业报告集/202L 数据中心新/2022.1中国移动粤港澳（广州）通信机楼二期工程/造价类资料（全程免费，得来不易需要完成一些小任务）2/工程量清单/工程量清单/中国移动粤港澳（广州）通信机楼二期工程施工总承包项目/室外工程/门卫室土建工程/05330  B 门卫室土建工程.xlsx.7z,38962,2022.1中国移动粤港澳（广州）通信机楼二期工程,土建结构专业造价或图纸,M10/M05,头部加密（包内文件名都读不出）
/Users/yidian/code/datacenter/docs/library/04_市场与研究/中文行业报告集/202L 数据中心新/2022.1中国移动粤港澳（广州）通信机楼二期工程/造价类资料（全程免费，得来不易需要完成一些小任务）2/工程量清单/工程量清单/中国移动粤港澳（广州）通信机楼二期工程施工总承包项目/室外工程/门卫室安装工程/05079  B 门卫室安装工程.xlsx.7z,39906,2022.1中国移动粤港澳（广州）通信机楼二期工程,工程量清单与计价表,M10,头部加密（包内文件名都读不出）
/Users/yidian/code/datacenter/docs/library/04_市场与研究/中文行业报告集/202L 数据中心新/2022.1中国移动粤港澳（广州）通信机楼二期工程/造价类资料（全程免费，得来不易需要完成一些小任务）2/技术条件/05079  B 2结构技术说明书.docx.7z,27746,2022.1中国移动粤港澳（广州）通信机楼二期工程,土建结构专业造价或图纸,M10/M05,头部加密（包内文件名都读不出）
/Users/yidian/code/datacenter/docs/library/04_市场与研究/中文行业报告集/202L 数据中心新/2022.1中国移动粤港澳（广州）通信机楼二期工程/造价类资料（全程免费，得来不易需要完成一些小任务）2/技术条件/05147  A 7电梯技术说明书.docx.7z,35474,2022.1中国移动粤港澳（广州）通信机楼二期工程,电梯工程造价,M10,头部加密（包内文件名都读不出）
/Users/yidian/code/datacenter/docs/library/04_市场与研究/中文行业报告集/202L 数据中心新/2022.1中国移动粤港澳（广州）通信机楼二期工程/造价类资料（全程免费，得来不易需要完成一些小任务）2/技术条件/05211  B 1建筑技术说明书.docx.7z,37474,2022.1中国移动粤港澳（广州）通信机楼二期工程,土建结构专业造价或图纸,M10/M05,头部加密（包内文件名都读不出）
/Users/yidian/code/datacenter/docs/library/04_市场与研究/中文行业报告集/202L 数据中心新/2022.1中国移动粤港澳（广州）通信机楼二期工程/造价类资料（全程免费，得来不易需要完成一些小任务）2/技术条件/05290  B 4给排水技术说明书.docx.7z,94594,2022.1中国移动粤港澳（广州）通信机楼二期工程,给排水与消防专业造价或图纸,M02/M10,头部加密（包内文件名都读不出）
/Users/yidian/code/datacenter/docs/library/04_市场与研究/中文行业报告集/202L 数据中心新/2022.1中国移动粤港澳（广州）通信机楼二期工程/造价类资料（全程免费，得来不易需要完成一些小任务）2/技术条件/05498A 5消防通风技术说明书.docx.7z,87554,2022.1中国移动粤港澳（广州）通信机楼二期工程,暖通空调/冷源专业造价或图纸,M02/M10,头部加密（包内文件名都读不出）
/Users/yidian/code/datacenter/docs/library/04_市场与研究/中文行业报告集/202L 数据中心新/2023.1广西桂北云计算产业园一期项目通信机楼土建工程/造价类资料（全程免费，得来不易需要完成一些小任务）1/05094  A 预算.pdf.7z,488849,2023.1广西桂北云计算产业园一期项目通信机楼土建工程,工程预算书/造价表,M10,头部加密（包内文件名都读不出）
/Users/yidian/code/datacenter/docs/library/04_市场与研究/中文行业报告集/202L 数据中心新/2023.3  宁德市大数据产业园及基础配套设施项目（一期）IT云平台/造价类资料（全程免费，得来不易需要完成一些小任务）1/1控制价/05039  A 封面.docx.7z,12031,2023.3  宁德市大数据产业园及基础配套设施项目（一期）IT云平台,招标控制价（业主给出的价格上限）,M10,头部加密（包内文件名都读不出）
/Users/yidian/code/datacenter/docs/library/04_市场与研究/中文行业报告集/202L 数据中心新/2023.3  宁德市大数据产业园及基础配套设施项目（一期）IT云平台/造价类资料（全程免费，得来不易需要完成一些小任务）1/1控制价/05094  A （招标控制价）宁德市大数据产业园及基础配套设施项目（一期）IT云平台.xlsx.7z,91186,2023.3  宁德市大数据产业园及基础配套设施项目（一期）IT云平台,招标控制价（业主给出的价格上限）,M10,头部加密（包内文件名都读不出）
/Users/yidian/code/datacenter/docs/library/04_市场与研究/中文行业报告集/202L 数据中心新/2023.3  宁德市大数据产业园及基础配套设施项目（一期）IT云平台/造价类资料（全程免费，得来不易需要完成一些小任务）1/工程量清单/05342  B 工程量清单编制说明(1).doc.7z,9857,2023.3  宁德市大数据产业园及基础配套设施项目（一期）IT云平台,工程量清单与计价表,M10,头部加密（包内文件名都读不出）
/Users/yidian/code/datacenter/docs/library/04_市场与研究/中文行业报告集/202L 数据中心新/2023.3  宁德市大数据产业园及基础配套设施项目（一期）IT云平台/造价类资料（全程免费，得来不易需要完成一些小任务）1/工程量清单/05354  B 宁德市大数据产业园及基础配套设施项目（一期）IT云平台(招标清单).xml.7z,30146,2023.3  宁德市大数据产业园及基础配套设施项目（一期）IT云平台,土建结构专业造价或图纸,M10/M05,头部加密（包内文件名都读不出）
/Users/yidian/code/datacenter/docs/library/04_市场与研究/中文行业报告集/202L 数据中心新/2023.4 定兴县公安局智慧乡村、小区与指挥系统智慧化项目-机房/造价类资料（全程免费，得来不易需要完成一些小任务）1/定兴县公安局智慧乡村、小区与指挥系统智慧化项目-机房/05342  B 定兴县公安局智慧乡村、小区与指挥系统智慧化项目-机房.xlsx.7z,10017,2023.4 定兴县公安局智慧乡村、小区与指挥系统智慧化项目-机房,工程预算书/造价表,M10,头部加密（包内文件名都读不出）
/Users/yidian/code/datacenter/docs/library/04_市场与研究/中文行业报告集/202L 数据中心新/2023.4 定兴县公安局智慧乡村、小区与指挥系统智慧化项目-机房/造价类资料（全程免费，得来不易需要完成一些小任务）1/定兴县公安局智慧乡村、小区与指挥系统智慧化项目-机房/定兴县公安局智慧乡村、小区与指挥系统智慧化项目/05091  B 定兴县公安局智慧乡村、小区与指挥系统智慧化项目-机房.xlsx.7z,13633,2023.4 定兴县公安局智慧乡村、小区与指挥系统智慧化项目-机房,工程预算书/造价表,M10,头部加密（包内文件名都读不出）
/Users/yidian/code/datacenter/docs/library/04_市场与研究/中文行业报告集/202L 数据中心新/2023.4 定兴县公安局智慧乡村、小区与指挥系统智慧化项目-机房/造价类资料（全程免费，得来不易需要完成一些小任务）1/定兴县公安局智慧乡村、小区与指挥系统智慧化项目-机房/定兴县公安局智慧乡村、小区与指挥系统智慧化项目/机房-土建/05091  B 机房-土建.xlsx.7z,44674,2023.4 定兴县公安局智慧乡村、小区与指挥系统智慧化项目-机房,土建结构专业造价或图纸,M10/M05,头部加密（包内文件名都读不出）
/Users/yidian/code/datacenter/docs/library/04_市场与研究/中文行业报告集/202L 数据中心新/2023.4 定兴县公安局智慧乡村、小区与指挥系统智慧化项目-机房/造价类资料（全程免费，得来不易需要完成一些小任务）1/定兴县公安局智慧乡村、小区与指挥系统智慧化项目-机房/定兴县公安局智慧乡村、小区与指挥系统智慧化项目/机房-安装/05091  B 机房-安装.xlsx.7z,116194,2023.4 定兴县公安局智慧乡村、小区与指挥系统智慧化项目-机房,工程预算书/造价表,M10,头部加密（包内文件名都读不出）
/Users/yidian/code/datacenter/docs/library/04_市场与研究/中文行业报告集/202L 数据中心新/2023.8中国电信浙江公司金华婺城数据中心项目/造价类资料（全程免费，得来不易需要完成一些小任务）1/05048  B 清单-中国电信浙江公司金华婺城数据中心项目.xlsx.7z,207234,2023.8中国电信浙江公司金华婺城数据中心项目,工程预算书/造价表,M10,头部加密（包内文件名都读不出）
/Users/yidian/code/datacenter/docs/library/04_市场与研究/中文行业报告集/202L 数据中心新/2024.11 安庆高铁新区高光谱卫星数据中心及卫星制造产线项目工业厂房-1#厂房/造价类资料（全程免费，得来不易需要完成一些小任务）1/图纸答疑/05102  B 建设单位回复.docx.7z,13489,2024.11 安庆高铁新区高光谱卫星数据中心及卫星制造产线项目工业厂房-1#厂房,工程预算书/造价表,M10,头部加密（包内文件名都读不出）
/Users/yidian/code/datacenter/docs/library/04_市场与研究/中文行业报告集/202L 数据中心新/2024.11 安庆高铁新区高光谱卫星数据中心及卫星制造产线项目工业厂房-1#厂房/造价类资料（全程免费，得来不易需要完成一些小任务）1/图纸答疑/05291  B 设计单位回复.docx.7z,87746,2024.11 安庆高铁新区高光谱卫星数据中心及卫星制造产线项目工业厂房-1#厂房,工程预算书/造价表,M10,头部加密（包内文件名都读不出）
/Users/yidian/code/datacenter/docs/library/04_市场与研究/中文行业报告集/202L 数据中心新/2024.11 安庆高铁新区高光谱卫星数据中心及卫星制造产线项目工业厂房-1#厂房/造价类资料（全程免费，得来不易需要完成一些小任务）1/最高限价/05102  B 最高限价(1).pdf.7z,1356466,2024.11 安庆高铁新区高光谱卫星数据中心及卫星制造产线项目工业厂房-1#厂房,工程预算书/造价表,M10,头部加密（包内文件名都读不出）
/Users/yidian/code/datacenter/docs/library/04_市场与研究/中文行业报告集/202L 数据中心新/2024.11 安庆高铁新区高光谱卫星数据中心及卫星制造产线项目工业厂房-1#厂房/造价类资料（全程免费，得来不易需要完成一些小任务）1/最高限价/05291  B 安庆高铁新区高光谱卫星数据中心及卫星制造产线项目工业厂房-1#厂房  控制价.xls.7z,88930,2024.11 安庆高铁新区高光谱卫星数据中心及卫星制造产线项目工业厂房-1#厂房,招标控制价（业主给出的价格上限）,M10,头部加密（包内文件名都读不出）
/Users/yidian/code/datacenter/docs/library/04_市场与研究/中文行业报告集/202L 数据中心新/2024.12 中国移动（福建南平）延平通信枢纽楼/造价类资料（全程免费，得来不易需要完成一些小任务）1/计价20241202 - 副本/计价20241202 - 副本/05112  A 主要材料和设备项目与价格表.xlsx.7z,14433,2024.12 中国移动（福建南平）延平通信枢纽楼,工程预算书/造价表,M10,头部加密（包内文件名都读不出）
/Users/yidian/code/datacenter/docs/library/04_市场与研究/中文行业报告集/202L 数据中心新/2024.12 中国移动（福建南平）延平通信枢纽楼/造价类资料（全程免费，得来不易需要完成一些小任务）1/计价20241202 - 副本/计价20241202 - 副本/05265  A 有限空间风险源识别清单.xlsx.7z,9408,2024.12 中国移动（福建南平）延平通信枢纽楼,工程预算书/造价表,M10,头部加密（包内文件名都读不出）
/Users/yidian/code/datacenter/docs/library/04_市场与研究/中文行业报告集/202L 数据中心新/2024.12 中国移动（福建南平）延平通信枢纽楼/造价类资料（全程免费，得来不易需要完成一些小任务）1/计价20241202 - 副本/计价20241202 - 副本/1控制价/05112  A 2.【招标控制价】中国移动(福建南平)延平通信枢纽楼项目编制说明.doc.7z,21042,2024.12 中国移动（福建南平）延平通信枢纽楼,招标控制价（业主给出的价格上限）,M10,头部加密（包内文件名都读不出）
/Users/yidian/code/datacenter/docs/library/04_市场与研究/中文行业报告集/202L 数据中心新/2024.12 中国移动（福建南平）延平通信枢纽楼/造价类资料（全程免费，得来不易需要完成一些小任务）1/计价20241202 - 副本/计价20241202 - 副本/1控制价/05265  A 中国移动(福建南平)延平通信枢纽楼(招标控制价).xlsx.7z,415010,2024.12 中国移动（福建南平）延平通信枢纽楼,招标控制价（业主给出的价格上限）,M10,头部加密（包内文件名都读不出）
/Users/yidian/code/datacenter/docs/library/04_市场与研究/中文行业报告集/202L 数据中心新/2024.12 中国移动（福建南平）延平通信枢纽楼/造价类资料（全程免费，得来不易需要完成一些小任务）1/计价20241202 - 副本/计价20241202 - 副本/中国移动(福建南平)延平通信枢纽楼20241120(1)/05246  A 中国移动福建南平延平通信枢纽楼招标清单.xml.7z,128370,2024.12 中国移动（福建南平）延平通信枢纽楼,工程预算书/造价表,M10,头部加密（包内文件名都读不出）
/Users/yidian/code/datacenter/docs/library/04_市场与研究/中文行业报告集/202L 数据中心新/2024.12 中国移动（福建南平）延平通信枢纽楼/造价类资料（全程免费，得来不易需要完成一些小任务）1/计价20241202 - 副本/计价20241202 - 副本/中国移动(福建南平)延平通信枢纽楼20241120(1)/05454A 中国移动(福建南平)延平通信枢纽楼(招标控制价).xml.7z,183458,2024.12 中国移动（福建南平）延平通信枢纽楼,招标控制价（业主给出的价格上限）,M10,头部加密（包内文件名都读不出）
/Users/yidian/code/datacenter/docs/library/04_市场与研究/中文行业报告集/202L 数据中心新/2024.12 中国移动（福建南平）延平通信枢纽楼/造价类资料（全程免费，得来不易需要完成一些小任务）1/计价20241202 - 副本/计价20241202 - 副本/清单/05246  A 中国移动(福建南平)延平通信枢纽楼(招标清单).xlsx.7z,215554,2024.12 中国移动（福建南平）延平通信枢纽楼,工程预算书/造价表,M10,头部加密（包内文件名都读不出）
/Users/yidian/code/datacenter/docs/library/04_市场与研究/中文行业报告集/202L 数据中心新/2024.12 中国移动（福建南平）延平通信枢纽楼/造价类资料（全程免费，得来不易需要完成一些小任务）1/计价20241202 - 副本/计价20241202 - 副本/清单/05454A 2.【清单】中国移动(福建南平)延平通信枢纽楼项目编制说明.doc.7z,21010,2024.12 中国移动（福建南平）延平通信枢纽楼,工程预算书/造价表,M10,头部加密（包内文件名都读不出）
/Users/yidian/code/datacenter/docs/library/04_市场与研究/中文行业报告集/202L 数据中心新/2024.12 中国联通茂名新建通信局房项目一期（中国联通茂名5G边缘计算中心（一期））初设深度/造价类资料（全程免费，得来不易需要完成一些小任务）1/附件1-工程量清单/中国联通茂名新建通信局房项目一期（中国联通茂名5G边缘计算中心（一期））工程总承包（EPC）项目--1工程量清单/05494A 一、封面及汇总表（招）.xlsx.7z,13264,2024.12 中国联通茂名新建通信局房项目一期（中国联通茂名5G边缘计算中心（一期））初设深度,工程量清单与计价表,M10,头部加密（包内文件名都读不出）
/Users/yidian/code/datacenter/docs/library/04_市场与研究/中文行业报告集/202L 数据中心新/2024.12 中国联通茂名新建通信局房项目一期（中国联通茂名5G边缘计算中心（一期））初设深度/造价类资料（全程免费，得来不易需要完成一些小任务）1/附件1-工程量清单/中国联通茂名新建通信局房项目一期（中国联通茂名5G边缘计算中心（一期））工程总承包（EPC）项目--1控制价/05392B 一、封面及汇总表（招）.xlsx.7z,14737,2024.12 中国联通茂名新建通信局房项目一期（中国联通茂名5G边缘计算中心（一期））初设深度,招标控制价（业主给出的价格上限）,M10,头部加密（包内文件名都读不出）
/Users/yidian/code/datacenter/docs/library/04_市场与研究/中文行业报告集/202L 数据中心新/2024.2 国家工业信息安全发展研究中心•华南分中心星河东悦汇载体项目/造价类资料（全程免费，得来不易需要完成一些小任务）1/工程量清单EX/05128  B 单项工程招标控制价汇总表.xlsx.7z,3888,2024.2 国家工业信息安全发展研究中心•华南分中心星河东悦汇载体项目,招标控制价（业主给出的价格上限）,M10,头部加密（包内文件名都读不出）
/Users/yidian/code/datacenter/docs/library/04_市场与研究/中文行业报告集/202L 数据中心新/2024.2 国家工业信息安全发展研究中心•华南分中心星河东悦汇载体项目/造价类资料（全程免费，得来不易需要完成一些小任务）1/工程量清单EX/05193  A 国家工业信息安全发展研究中心·华南分中心星河东悦汇载体项目-装饰部分.xlsx.7z,62002,2024.2 国家工业信息安全发展研究中心•华南分中心星河东悦汇载体项目,土建结构专业造价或图纸,M10/M05,头部加密（包内文件名都读不出）
/Users/yidian/code/datacenter/docs/library/04_市场与研究/中文行业报告集/202L 数据中心新/2024.3 重庆移动忠县分公司生产调度用房建设项目 机房楼/造价类资料（全程免费，得来不易需要完成一些小任务）1/05357  B 工程量清单.pdf.7z,985489,2024.3 重庆移动忠县分公司生产调度用房建设项目 机房楼,工程量清单与计价表,M10,头部加密（包内文件名都读不出）
/Users/yidian/code/datacenter/docs/library/04_市场与研究/中文行业报告集/202L 数据中心新/2024.7 中国电信重庆公司科学城数据中心运维楼土建项目/造价类资料（全程免费，得来不易需要完成一些小任务）1/09298A 工程量清单.pdf.7z,638705,2024.7 中国电信重庆公司科学城数据中心运维楼土建项目,工程量清单与计价表,M10,头部加密（包内文件名都读不出）
/Users/yidian/code/datacenter/docs/library/04_市场与研究/中文行业报告集/202L 数据中心新/2024.8 中国电信云计算重庆基地项目（四期）土建/造价类资料（全程免费，得来不易需要完成一些小任务）1/05173  B 附件八最高限价及安全文明施工费说明.pdf.7z,36498,2024.8 中国电信云计算重庆基地项目（四期）土建,工程预算书/造价表,M10,头部加密（包内文件名都读不出）
/Users/yidian/code/datacenter/docs/library/04_市场与研究/中文行业报告集/202L 数据中心新/2024.8 中国电信云计算重庆基地项目（四期）土建/造价类资料（全程免费，得来不易需要完成一些小任务）1/05196  A 附件四主要设计技术要求 (1).pdf.7z,578178,2024.8 中国电信云计算重庆基地项目（四期）土建,工程预算书/造价表,M10,头部加密（包内文件名都读不出）
/Users/yidian/code/datacenter/docs/library/04_市场与研究/中文行业报告集/202L 数据中心新/2024.8 中国电信云计算重庆基地项目（四期）土建/造价类资料（全程免费，得来不易需要完成一些小任务）1/05244  A 附件一技术规范书-汇总0716.pdf.7z,170386,2024.8 中国电信云计算重庆基地项目（四期）土建,工程预算书/造价表,M10,头部加密（包内文件名都读不出）
/Users/yidian/code/datacenter/docs/library/04_市场与研究/中文行业报告集/202L 数据中心新/2024.8 中国电信云计算重庆基地项目（四期）土建/造价类资料（全程免费，得来不易需要完成一些小任务）1/05473B 工程量清单.pdf.7z,1351073,2024.8 中国电信云计算重庆基地项目（四期）土建,工程量清单与计价表,M10,头部加密（包内文件名都读不出）
/Users/yidian/code/datacenter/docs/library/04_市场与研究/中文行业报告集/202L 数据中心新/2025.3 全国一体化工业大数据山东云中心省会经济圈区域分中心项目1号楼、1a地下室、2-A号楼、2-B号/造价类资料（全程免费，得来不易需要完成一些小任务）1/全国一体化工业大数据山东云中心省会经济圈区域分中心项目1号楼、1a地下室、2-A号楼、2-B号楼总承包（续建）项目-清单/1#楼/安装工程/05418A 安装工程.xlsx.7z,36705,2025.3 全国一体化工业大数据山东云中心省会经济圈区域分中心项目1号楼、1a地下室、2-A号楼、2-B号,工程预算书/造价表,M10,头部加密（包内文件名都读不出）
/Users/yidian/code/datacenter/docs/library/04_市场与研究/中文行业报告集/202L 数据中心新/2025.3 全国一体化工业大数据山东云中心省会经济圈区域分中心项目1号楼、1a地下室、2-A号楼、2-B号/造价类资料（全程免费，得来不易需要完成一些小任务）1/全国一体化工业大数据山东云中心省会经济圈区域分中心项目1号楼、1a地下室、2-A号楼、2-B号楼总承包（续建）项目-清单/1#楼/装饰工程/05418A 装饰工程.xlsx.7z,20273,2025.3 全国一体化工业大数据山东云中心省会经济圈区域分中心项目1号楼、1a地下室、2-A号楼、2-B号,土建结构专业造价或图纸,M10/M05,头部加密（包内文件名都读不出）
/Users/yidian/code/datacenter/docs/library/04_市场与研究/中文行业报告集/202L 数据中心新/2025.3 全国一体化工业大数据山东云中心省会经济圈区域分中心项目1号楼、1a地下室、2-A号楼、2-B号/造价类资料（全程免费，得来不易需要完成一些小任务）1/全国一体化工业大数据山东云中心省会经济圈区域分中心项目1号楼、1a地下室、2-A号楼、2-B号楼总承包（续建）项目-清单/1a#地下室/安装工程/05418A 安装工程.xlsx.7z,38609,2025.3 全国一体化工业大数据山东云中心省会经济圈区域分中心项目1号楼、1a地下室、2-A号楼、2-B号,工程预算书/造价表,M10,头部加密（包内文件名都读不出）
/Users/yidian/code/datacenter/docs/library/04_市场与研究/中文行业报告集/202L 数据中心新/2025.3 全国一体化工业大数据山东云中心省会经济圈区域分中心项目1号楼、1a地下室、2-A号楼、2-B号/造价类资料（全程免费，得来不易需要完成一些小任务）1/全国一体化工业大数据山东云中心省会经济圈区域分中心项目1号楼、1a地下室、2-A号楼、2-B号楼总承包（续建）项目-清单/2-A#/安装工程/05167  A 安装工程.xlsx.7z,78833,2025.3 全国一体化工业大数据山东云中心省会经济圈区域分中心项目1号楼、1a地下室、2-A号楼、2-B号,工程预算书/造价表,M10,头部加密（包内文件名都读不出）
/Users/yidian/code/datacenter/docs/library/04_市场与研究/中文行业报告集/202L 数据中心新/2025.3 全国一体化工业大数据山东云中心省会经济圈区域分中心项目1号楼、1a地下室、2-A号楼、2-B号/造价类资料（全程免费，得来不易需要完成一些小任务）1/全国一体化工业大数据山东云中心省会经济圈区域分中心项目1号楼、1a地下室、2-A号楼、2-B号楼总承包（续建）项目-清单/2-A#/建筑工程/05147  A 建筑工程.xlsx.7z,33777,2025.3 全国一体化工业大数据山东云中心省会经济圈区域分中心项目1号楼、1a地下室、2-A号楼、2-B号,土建结构专业造价或图纸,M10/M05,头部加密（包内文件名都读不出）
/Users/yidian/code/datacenter/docs/library/04_市场与研究/中文行业报告集/202L 数据中心新/2025.3 全国一体化工业大数据山东云中心省会经济圈区域分中心项目1号楼、1a地下室、2-A号楼、2-B号/造价类资料（全程免费，得来不易需要完成一些小任务）1/全国一体化工业大数据山东云中心省会经济圈区域分中心项目1号楼、1a地下室、2-A号楼、2-B号楼总承包（续建）项目-清单/2-A#/装饰工程/05167  A 装饰工程.xlsx.7z,31377,2025.3 全国一体化工业大数据山东云中心省会经济圈区域分中心项目1号楼、1a地下室、2-A号楼、2-B号,土建结构专业造价或图纸,M10/M05,头部加密（包内文件名都读不出）
/Users/yidian/code/datacenter/docs/library/04_市场与研究/中文行业报告集/202L 数据中心新/2025.3 全国一体化工业大数据山东云中心省会经济圈区域分中心项目1号楼、1a地下室、2-A号楼、2-B号/造价类资料（全程免费，得来不易需要完成一些小任务）1/全国一体化工业大数据山东云中心省会经济圈区域分中心项目1号楼、1a地下室、2-A号楼、2-B号楼总承包（续建）项目-清单/2-A#/零星工程/05167  A 零星工程.xlsx.7z,24225,2025.3 全国一体化工业大数据山东云中心省会经济圈区域分中心项目1号楼、1a地下室、2-A号楼、2-B号,工程预算书/造价表,M10,头部加密（包内文件名都读不出）
/Users/yidian/code/datacenter/docs/library/04_市场与研究/中文行业报告集/202L 数据中心新/2025.3 全国一体化工业大数据山东云中心省会经济圈区域分中心项目1号楼、1a地下室、2-A号楼、2-B号/造价类资料（全程免费，得来不易需要完成一些小任务）1/全国一体化工业大数据山东云中心省会经济圈区域分中心项目1号楼、1a地下室、2-A号楼、2-B号楼总承包（续建）项目-清单/2-B#/安装工程/05396A 安装工程.xlsx.7z,77489,2025.3 全国一体化工业大数据山东云中心省会经济圈区域分中心项目1号楼、1a地下室、2-A号楼、2-B号,工程预算书/造价表,M10,头部加密（包内文件名都读不出）
/Users/yidian/code/datacenter/docs/library/04_市场与研究/中文行业报告集/202L 数据中心新/2025.3 全国一体化工业大数据山东云中心省会经济圈区域分中心项目1号楼、1a地下室、2-A号楼、2-B号/造价类资料（全程免费，得来不易需要完成一些小任务）1/全国一体化工业大数据山东云中心省会经济圈区域分中心项目1号楼、1a地下室、2-A号楼、2-B号楼总承包（续建）项目-清单/2-B#/建筑工程/05147  A 建筑工程.xlsx.7z,37393,2025.3 全国一体化工业大数据山东云中心省会经济圈区域分中心项目1号楼、1a地下室、2-A号楼、2-B号,土建结构专业造价或图纸,M10/M05,头部加密（包内文件名都读不出）
/Users/yidian/code/datacenter/docs/library/04_市场与研究/中文行业报告集/202L 数据中心新/2025.3 全国一体化工业大数据山东云中心省会经济圈区域分中心项目1号楼、1a地下室、2-A号楼、2-B号/造价类资料（全程免费，得来不易需要完成一些小任务）1/全国一体化工业大数据山东云中心省会经济圈区域分中心项目1号楼、1a地下室、2-A号楼、2-B号楼总承包（续建）项目-清单/2-B#/装饰工程/05396A 装饰工程.xlsx.7z,28417,2025.3 全国一体化工业大数据山东云中心省会经济圈区域分中心项目1号楼、1a地下室、2-A号楼、2-B号,土建结构专业造价或图纸,M10/M05,头部加密（包内文件名都读不出）
/Users/yidian/code/datacenter/docs/library/04_市场与研究/中文行业报告集/202L 数据中心新/2025.3 全国一体化工业大数据山东云中心省会经济圈区域分中心项目1号楼、1a地下室、2-A号楼、2-B号/造价类资料（全程免费，得来不易需要完成一些小任务）1/全国一体化工业大数据山东云中心省会经济圈区域分中心项目1号楼、1a地下室、2-A号楼、2-B号楼总承包（续建）项目-清单/蓄冷罐基础/建筑工程/05144  A 建筑工程.xlsx.7z,21825,2025.3 全国一体化工业大数据山东云中心省会经济圈区域分中心项目1号楼、1a地下室、2-A号楼、2-B号,土建结构专业造价或图纸,M10/M05,头部加密（包内文件名都读不出）
/Users/yidian/code/datacenter/docs/library/04_市场与研究/中文行业报告集/202L 数据中心新/2025.4 南安市供电公司备用调度指挥数据中心DF/造价类资料（全程免费，得来不易需要完成一些小任务）1/发网南安市供电公司备用调度指挥数据中心预算（发布1）/05030  B 2、【控制价】南安市供电公司备用调度指挥数据中心.xlsx.7z,669186,2025.4 南安市供电公司备用调度指挥数据中心DF,招标控制价（业主给出的价格上限）,M10,头部加密（包内文件名都读不出）
/Users/yidian/code/datacenter/docs/library/04_市场与研究/中文行业报告集/202L 数据中心新/2025.4 南安市供电公司备用调度指挥数据中心DF/造价类资料（全程免费，得来不易需要完成一些小任务）1/发网南安市供电公司备用调度指挥数据中心预算（发布1）/05235  A 【建筑工程招标控制价编制说明】南安市供电公司备用调度指挥数据中心.doc.7z,19874,2025.4 南安市供电公司备用调度指挥数据中心DF,招标控制价（业主给出的价格上限）,M10,头部加密（包内文件名都读不出）
/Users/yidian/code/datacenter/docs/library/04_市场与研究/中文行业报告集/202L 数据中心新/2025.4 南安市供电公司备用调度指挥数据中心DF/造价类资料（全程免费，得来不易需要完成一些小任务）1/发网南安市供电公司备用调度指挥数据中心预算（发布1）/05343  B 1、【清单】南安市供电公司备用调度指挥数据中心.xlsx.7z,382178,2025.4 南安市供电公司备用调度指挥数据中心DF,工程预算书/造价表,M10,头部加密（包内文件名都读不出）
/Users/yidian/code/datacenter/docs/library/04_市场与研究/中文行业报告集/202L 数据中心新/2025.4 南安市供电公司备用调度指挥数据中心DF/造价类资料（全程免费，得来不易需要完成一些小任务）1/发网南安市供电公司备用调度指挥数据中心预算（发布1）/05418A 3、主要材料和设备项目与价格表.xlsx.7z,23474,2025.4 南安市供电公司备用调度指挥数据中心DF,工程预算书/造价表,M10,头部加密（包内文件名都读不出）
/Users/yidian/code/datacenter/docs/library/04_市场与研究/中文行业报告集/202L 数据中心新/2025.7 成都华微高端集成电路研发及产业基地数据机房项目/造价类资料（全程免费，得来不易需要完成一些小任务）1/02255B 清单.pdf.7z,768177,2025.7 成都华微高端集成电路研发及产业基地数据机房项目,工程预算书/造价表,M10,头部加密（包内文件名都读不出）
