implementation,consumer,line,symbol,kind
src/inresearch/knowledge/registry.py,src/inresearch/delivery/acquisition_status.py,5,registry,static import or registered CLI target
src/inresearch/workflow/reader.py,src/inresearch/delivery/publish.py,12,Reader,static import or registered CLI target
src/inresearch/knowledge/registry.py,src/inresearch/delivery/reader_status.py,4,registry,static import or registered CLI target
src/inresearch/interfaces/reader.py,src/inresearch/interfaces/cli.py,14,registered CLI module,static import or registered CLI target
src/inresearch/adapters/ocr_worker.py,src/inresearch/interfaces/cli.py,19,registered CLI module,static import or registered CLI target
src/inresearch/knowledge/registry.py,src/inresearch/interfaces/cli.py,26,registered CLI module,static import or registered CLI target
src/inresearch/knowledge/registry.py,src/inresearch/interfaces/http.py,19,registry,static import or registered CLI target
src/inresearch/workflow/reader.py,src/inresearch/interfaces/reader.py,6,Reader,static import or registered CLI target
src/inresearch/knowledge/registry.py,src/inresearch/workflow/commands.py,11,registry,static import or registered CLI target
src/inresearch/storage/catalog.py,src/inresearch/workflow/reader.py,34,Catalog,static import or registered CLI target
src/inresearch/storage/catalog.py,src/inresearch/workflow/reader.py,34,SCHEMA,static import or registered CLI target
src/inresearch/workflow/reading_stages.py,src/inresearch/workflow/reader.py,35,ReadingStages,static import or registered CLI target
src/inresearch/delivery/reader_export.py,src/inresearch/workflow/reader.py,36,reader_export,static import or registered CLI target
src/inresearch/knowledge/registry.py,src/inresearch/workflow/reading_queue.py,11,registry,static import or registered CLI target
src/inresearch/knowledge/registry.py,src/inresearch/workflow/submissions.py,21,current_tasks,static import or registered CLI target
src/inresearch/knowledge/registry.py,src/inresearch/workflow/workorders.py,32,registry,static import or registered CLI target
src/inresearch/knowledge/registry.py,tests/unit/test_catalog_bridge.py,12,registry,static import or registered CLI target
src/inresearch/workflow/reader.py,tests/unit/test_continuous_reader.py,13,reader,static import or registered CLI target
src/inresearch/knowledge/registry.py,tests/unit/test_continuous_reader.py,109,evidence_errors,static import or registered CLI target
src/inresearch/workflow/reader.py,tests/unit/test_model_runtime.py,15,reader,static import or registered CLI target
src/inresearch/knowledge/registry.py,tests/unit/test_report_model.py,6,registry,static import or registered CLI target
src/inresearch/knowledge/registry.py,tests/unit/test_research.py,14,registry,static import or registered CLI target
catalog/reading use case: reader run,deploy/spark-reader/inresearch-reader.service,14,reader run,SQL or operational command reference
catalog/reading use case: catalog/catalog.sqlite,docs/local_reader/SPARK_OPERATIONS.md,16,catalog/catalog.sqlite,SQL or operational command reference
catalog/reading use case: reader retry,docs/local_reader/SPARK_OPERATIONS.md,142,reader retry,SQL or operational command reference
catalog/reading use case: catalog/catalog.sqlite,docs/local_reader/SPARK_OPERATIONS.md,184,catalog/catalog.sqlite,SQL or operational command reference
catalog/reading use case: catalog/catalog.sqlite,framework/06_acquisition.md,88,catalog/catalog.sqlite,SQL or operational command reference
catalog/reading use case: catalog/catalog.sqlite,src/inresearch/adapters/acquisition.py,5,catalog/catalog.sqlite,SQL or operational command reference
catalog/reading use case: catalog/catalog.sqlite,src/inresearch/adapters/ocr_worker.py,25,catalog/catalog.sqlite,SQL or operational command reference
catalog/reading use case: from documents,src/inresearch/adapters/ocr_worker.py,26,from documents,SQL or operational command reference
catalog/reading use case: FROM documents,src/inresearch/delivery/reader_export.py,22,FROM documents,SQL or operational command reference
catalog/reading use case: FROM documents,src/inresearch/delivery/reader_export.py,41,FROM documents,SQL or operational command reference
catalog/reading use case: FROM documents,src/inresearch/delivery/reader_export.py,97,FROM documents,SQL or operational command reference
catalog/reading use case: catalog/catalog.sqlite,src/inresearch/storage/moves.py,102,catalog/catalog.sqlite,SQL or operational command reference
catalog/reading use case: catalog/catalog.sqlite,src/inresearch/workflow/reader.py,88,catalog/catalog.sqlite,SQL or operational command reference
catalog/reading use case: UPDATE documents,src/inresearch/workflow/reader.py,107,UPDATE documents,SQL or operational command reference
catalog/reading use case: FROM documents,src/inresearch/workflow/reader.py,116,FROM documents,SQL or operational command reference
catalog/reading use case: FROM jobs,src/inresearch/workflow/reader.py,122,FROM jobs,SQL or operational command reference
catalog/reading use case: UPDATE documents,src/inresearch/workflow/reader.py,124,UPDATE documents,SQL or operational command reference
catalog/reading use case: FROM documents,src/inresearch/workflow/reader.py,173,FROM documents,SQL or operational command reference
catalog/reading use case: UPDATE documents,src/inresearch/workflow/reader.py,271,UPDATE documents,SQL or operational command reference
catalog/reading use case: UPDATE documents,src/inresearch/workflow/reader.py,295,UPDATE documents,SQL or operational command reference
catalog/reading use case: UPDATE documents,src/inresearch/workflow/reader.py,311,UPDATE documents,SQL or operational command reference
catalog/reading use case: UPDATE documents,src/inresearch/workflow/reader.py,393,UPDATE documents,SQL or operational command reference
catalog/reading use case: FROM jobs,src/inresearch/workflow/reader.py,401,FROM jobs,SQL or operational command reference
catalog/reading use case: UPDATE documents,src/inresearch/workflow/reader.py,405,UPDATE documents,SQL or operational command reference
catalog/reading use case: FROM jobs,src/inresearch/workflow/reader.py,407,FROM jobs,SQL or operational command reference
catalog/reading use case: UPDATE documents,src/inresearch/workflow/reader.py,416,UPDATE documents,SQL or operational command reference
catalog/reading use case: UPDATE documents,src/inresearch/workflow/reader.py,418,UPDATE documents,SQL or operational command reference
catalog/reading use case: UPDATE documents,src/inresearch/workflow/reader.py,421,UPDATE documents,SQL or operational command reference
catalog/reading use case: FROM jobs,src/inresearch/workflow/reader.py,425,FROM jobs,SQL or operational command reference
catalog/reading use case: UPDATE documents,src/inresearch/workflow/reader.py,426,UPDATE documents,SQL or operational command reference
catalog/reading use case: UPDATE documents,src/inresearch/workflow/reader.py,430,UPDATE documents,SQL or operational command reference
catalog/reading use case: FROM jobs,src/inresearch/workflow/reader.py,435,FROM jobs,SQL or operational command reference
catalog/reading use case: UPDATE documents,src/inresearch/workflow/reader.py,437,UPDATE documents,SQL or operational command reference
catalog/reading use case: UPDATE documents,src/inresearch/workflow/reader.py,469,UPDATE documents,SQL or operational command reference
catalog/reading use case: UPDATE documents,src/inresearch/workflow/reader.py,481,UPDATE documents,SQL or operational command reference
catalog/reading use case: FROM jobs,src/inresearch/workflow/reader.py,490,FROM jobs,SQL or operational command reference
catalog/reading use case: UPDATE documents,src/inresearch/workflow/reader.py,493,UPDATE documents,SQL or operational command reference
catalog/reading use case: FROM documents,src/inresearch/workflow/reader.py,498,FROM documents,SQL or operational command reference
catalog/reading use case: FROM jobs,src/inresearch/workflow/reader.py,499,FROM jobs,SQL or operational command reference
catalog/reading use case: FROM documents,src/inresearch/workflow/reader.py,500,FROM documents,SQL or operational command reference
catalog/reading use case: FROM jobs,src/inresearch/workflow/reader.py,501,FROM jobs,SQL or operational command reference
catalog/reading use case: FROM jobs,src/inresearch/workflow/reader.py,502,FROM jobs,SQL or operational command reference
catalog/reading use case: FROM documents,tests/unit/test_continuous_reader.py,84,FROM documents,SQL or operational command reference
catalog/reading use case: FROM documents,tests/unit/test_continuous_reader.py,140,FROM documents,SQL or operational command reference
catalog/reading use case: FROM documents,tests/unit/test_continuous_reader.py,143,FROM documents,SQL or operational command reference
catalog/reading use case: FROM documents,tests/unit/test_continuous_reader.py,162,FROM documents,SQL or operational command reference
catalog/reading use case: UPDATE documents,tests/unit/test_continuous_reader.py,274,UPDATE documents,SQL or operational command reference
catalog/reading use case: FROM documents,tests/unit/test_continuous_reader.py,286,FROM documents,SQL or operational command reference
catalog/reading use case: FROM documents,tests/unit/test_continuous_reader.py,326,FROM documents,SQL or operational command reference
catalog/reading use case: FROM jobs,tests/unit/test_continuous_reader.py,330,FROM jobs,SQL or operational command reference
catalog/reading use case: FROM documents,tests/unit/test_continuous_reader.py,334,FROM documents,SQL or operational command reference
catalog/reading use case: UPDATE documents,tests/unit/test_continuous_reader.py,356,UPDATE documents,SQL or operational command reference
catalog/reading use case: UPDATE documents,tests/unit/test_continuous_reader.py,371,UPDATE documents,SQL or operational command reference
catalog/reading use case: FROM jobs,tests/unit/test_continuous_reader.py,380,FROM jobs,SQL or operational command reference
catalog/reading use case: catalog/catalog.sqlite,tests/unit/test_continuous_reader.py,556,catalog/catalog.sqlite,SQL or operational command reference
catalog/reading use case: UPDATE documents,tests/unit/test_continuous_reader.py,625,UPDATE documents,SQL or operational command reference
catalog/reading use case: UPDATE documents,tests/unit/test_continuous_reader.py,626,UPDATE documents,SQL or operational command reference
catalog/reading use case: FROM documents,tests/unit/test_continuous_reader.py,712,FROM documents,SQL or operational command reference
catalog/reading use case: FROM jobs,tests/unit/test_continuous_reader.py,714,FROM jobs,SQL or operational command reference
catalog/reading use case: catalog/catalog.sqlite,tests/unit/test_file_moves.py,149,catalog/catalog.sqlite,SQL or operational command reference
