implementation,consumer,line,symbol,kind,migration_result
src/inresearch/knowledge/registry.py,tests/unit/test_catalog_bridge.py,12,registry,static import or registered CLI target,test fixture or assertion uses the shared contract; see mapped verification results
src/inresearch/knowledge/registry.py,tests/unit/test_report_model.py,6,registry,static import or registered CLI target,test fixture or assertion uses the shared contract; see mapped verification results
src/inresearch/storage/catalog.py,tests/unit/test_catalog_migration.py,11,Catalog,static import or registered CLI target,test fixture or assertion uses the shared contract; see mapped verification results
src/inresearch/workflow/reader.py,tests/unit/test_catalog_migration.py,12,Reader,static import or registered CLI target,test fixture or assertion uses the shared contract; see mapped verification results
src/inresearch/knowledge/registry.py,src/inresearch/workflow/reading_queue.py,11,registry,static import or registered CLI target,existing registry consumer retained; candidate metadata now includes reading revision; no adoption authority added
src/inresearch/delivery/reader_export.py,src/inresearch/workflow/reading_revisions.py,6,read_report,static import or registered CLI target,existing shared call site retained; internal implementation migrated to reading revisions
src/inresearch/knowledge/registry.py,src/inresearch/delivery/reader_status.py,4,registry,static import or registered CLI target,existing registry consumer retained; candidate metadata now includes reading revision; no adoption authority added
src/inresearch/delivery/reader_export.py,tests/unit/test_reading_revisions.py,11,reader_export,static import or registered CLI target,test fixture or assertion uses the shared contract; see mapped verification results
src/inresearch/workflow/reader.py,tests/unit/test_reading_revisions.py,14,Reader,static import or registered CLI target,test fixture or assertion uses the shared contract; see mapped verification results
src/inresearch/adapters/ocr_worker.py,tests/unit/test_reading_revisions.py,15,ocr_worker,static import or registered CLI target,test fixture or assertion uses the shared contract; see mapped verification results
src/inresearch/knowledge/registry.py,tests/unit/test_research.py,14,registry,static import or registered CLI target,test fixture or assertion uses the shared contract; see mapped verification results
src/inresearch/workflow/reader.py,src/inresearch/delivery/publish.py,12,Reader,static import or registered CLI target,existing shared call site retained; internal implementation migrated to reading revisions
src/inresearch/knowledge/registry.py,src/inresearch/workflow/workorders.py,32,registry,static import or registered CLI target,existing registry consumer retained; candidate metadata now includes reading revision; no adoption authority added
src/inresearch/knowledge/registry.py,src/inresearch/workflow/commands.py,11,registry,static import or registered CLI target,existing registry consumer retained; candidate metadata now includes reading revision; no adoption authority added
src/inresearch/interfaces/reader.py,src/inresearch/interfaces/cli.py,14,registered CLI module,static import or registered CLI target,existing shared call site retained; internal implementation migrated to reading revisions
src/inresearch/adapters/ocr_worker.py,src/inresearch/interfaces/cli.py,19,registered CLI module,static import or registered CLI target,existing shared call site retained; internal implementation migrated to reading revisions
src/inresearch/knowledge/registry.py,src/inresearch/interfaces/cli.py,26,registered CLI module,static import or registered CLI target,existing registry consumer retained; candidate metadata now includes reading revision; no adoption authority added
src/inresearch/workflow/reader.py,src/inresearch/interfaces/reader.py,6,Reader,static import or registered CLI target,existing shared call site retained; internal implementation migrated to reading revisions
src/inresearch/storage/catalog.py,src/inresearch/workflow/reader.py,34,Catalog,static import or registered CLI target,existing shared call site retained; internal implementation migrated to reading revisions
src/inresearch/workflow/reading_revisions.py,src/inresearch/workflow/reader.py,35,ReadingRevisions,static import or registered CLI target,existing shared call site retained; internal implementation migrated to reading revisions
src/inresearch/workflow/reading_stages.py,src/inresearch/workflow/reader.py,36,ReadingStages,static import or registered CLI target,existing shared call site retained; internal implementation migrated to reading revisions
src/inresearch/delivery/reader_export.py,src/inresearch/workflow/reader.py,37,reader_export,static import or registered CLI target,existing shared call site retained; internal implementation migrated to reading revisions
src/inresearch/knowledge/registry.py,src/inresearch/workflow/submissions.py,21,current_tasks,static import or registered CLI target,existing registry consumer retained; candidate metadata now includes reading revision; no adoption authority added
src/inresearch/knowledge/registry.py,src/inresearch/interfaces/http.py,19,registry,static import or registered CLI target,existing registry consumer retained; candidate metadata now includes reading revision; no adoption authority added
src/inresearch/knowledge/registry.py,src/inresearch/delivery/acquisition_status.py,5,registry,static import or registered CLI target,existing registry consumer retained; candidate metadata now includes reading revision; no adoption authority added
src/inresearch/workflow/reader.py,tests/unit/test_continuous_reader.py,13,reader,static import or registered CLI target,test fixture or assertion uses the shared contract; see mapped verification results
src/inresearch/knowledge/registry.py,tests/unit/test_continuous_reader.py,109,evidence_errors,static import or registered CLI target,test fixture or assertion uses the shared contract; see mapped verification results
src/inresearch/workflow/reader.py,tests/unit/test_model_runtime.py,15,reader,static import or registered CLI target,test fixture or assertion uses the shared contract; see mapped verification results
catalog/reading use case: catalog/catalog.sqlite,framework/06_acquisition.md,88,catalog/catalog.sqlite,SQL or operational command reference,catalog path retained; not a reading-result selector
catalog/reading use case: catalog/catalog.sqlite,tests/unit/test_file_moves.py,149,catalog/catalog.sqlite,SQL or operational command reference,test fixture or assertion uses the shared contract; see mapped verification results
catalog/reading use case: catalog/catalog.sqlite,src/inresearch/adapters/acquisition.py,5,catalog/catalog.sqlite,SQL or operational command reference,catalog path retained; not a reading-result selector
catalog/reading use case: activate-revision,README.md,24,activate-revision,SQL or operational command reference,"SQL consumer reviewed: identity/current pointer, explicit upgrade, or revision execution as shown in source"
catalog/reading use case: catalog/catalog.sqlite,src/inresearch/storage/moves.py,102,catalog/catalog.sqlite,SQL or operational command reference,catalog path retained; not a reading-result selector
catalog/reading use case: catalog/catalog.sqlite,tests/unit/test_catalog_migration.py,61,catalog/catalog.sqlite,SQL or operational command reference,test fixture or assertion uses the shared contract; see mapped verification results
catalog/reading use case: FROM jobs,tests/unit/test_catalog_migration.py,108,FROM jobs,SQL or operational command reference,test fixture or assertion uses the shared contract; see mapped verification results
catalog/reading use case: FROM jobs,tests/unit/test_catalog_migration.py,130,FROM jobs,SQL or operational command reference,test fixture or assertion uses the shared contract; see mapped verification results
catalog/reading use case: FROM jobs,tests/unit/test_catalog_migration.py,152,FROM jobs,SQL or operational command reference,test fixture or assertion uses the shared contract; see mapped verification results
catalog/reading use case: catalog/catalog.sqlite,src/inresearch/adapters/ocr_worker.py,25,catalog/catalog.sqlite,SQL or operational command reference,"query, claim, retry and failure release use one reading revision"
catalog/reading use case: execution_readings,src/inresearch/adapters/ocr_worker.py,26,execution_readings,SQL or operational command reference,"query, claim, retry and failure release use one reading revision"
catalog/reading use case: reader reread,framework/04_reading_scoring_standard.md,79,reader reread,SQL or operational command reference,"SQL consumer reviewed: identity/current pointer, explicit upgrade, or revision execution as shown in source"
catalog/reading use case: activate-revision,framework/04_reading_scoring_standard.md,81,activate-revision,SQL or operational command reference,"SQL consumer reviewed: identity/current pointer, explicit upgrade, or revision execution as shown in source"
catalog/reading use case: execution_readings,src/inresearch/workflow/reading_revisions.py,61,execution_readings,SQL or operational command reference,"SQL consumer reviewed: identity/current pointer, explicit upgrade, or revision execution as shown in source"
catalog/reading use case: execution_readings,src/inresearch/workflow/reading_revisions.py,72,execution_readings,SQL or operational command reference,"SQL consumer reviewed: identity/current pointer, explicit upgrade, or revision execution as shown in source"
catalog/reading use case: execution_readings,src/inresearch/workflow/reading_revisions.py,80,execution_readings,SQL or operational command reference,"SQL consumer reviewed: identity/current pointer, explicit upgrade, or revision execution as shown in source"
catalog/reading use case: UPDATE documents,src/inresearch/workflow/reading_revisions.py,92,UPDATE documents,SQL or operational command reference,"SQL consumer reviewed: identity/current pointer, explicit upgrade, or revision execution as shown in source"
catalog/reading use case: execution_readings,src/inresearch/workflow/reading_revisions.py,103,execution_readings,SQL or operational command reference,"SQL consumer reviewed: identity/current pointer, explicit upgrade, or revision execution as shown in source"
catalog/reading use case: FROM jobs,src/inresearch/workflow/reading_revisions.py,110,FROM jobs,SQL or operational command reference,"SQL consumer reviewed: identity/current pointer, explicit upgrade, or revision execution as shown in source"
catalog/reading use case: activate-revision,docs/local_reader/PROJECT_BRIEF.md,24,activate-revision,SQL or operational command reference,operational reference reviewed; Spark/M4 execution is not asserted
catalog/reading use case: FROM documents,tests/unit/test_reading_revisions.py,82,FROM documents,SQL or operational command reference,test fixture or assertion uses the shared contract; see mapped verification results
catalog/reading use case: FROM jobs,tests/unit/test_reading_revisions.py,103,FROM jobs,SQL or operational command reference,test fixture or assertion uses the shared contract; see mapped verification results
catalog/reading use case: catalog/catalog.sqlite,tests/unit/test_reading_revisions.py,224,catalog/catalog.sqlite,SQL or operational command reference,test fixture or assertion uses the shared contract; see mapped verification results
catalog/reading use case: current_readings,framework/09_software_contracts.md,21,current_readings,SQL or operational command reference,"SQL consumer reviewed: identity/current pointer, explicit upgrade, or revision execution as shown in source"
catalog/reading use case: current_readings,src/inresearch/delivery/reader_export.py,31,current_readings,SQL or operational command reference,"SQL consumer reviewed: identity/current pointer, explicit upgrade, or revision execution as shown in source"
catalog/reading use case: current_readings,src/inresearch/delivery/reader_export.py,50,current_readings,SQL or operational command reference,"SQL consumer reviewed: identity/current pointer, explicit upgrade, or revision execution as shown in source"
catalog/reading use case: FROM documents,src/inresearch/delivery/reader_export.py,108,FROM documents,SQL or operational command reference,"SQL consumer reviewed: identity/current pointer, explicit upgrade, or revision execution as shown in source"
catalog/reading use case: activate-revision,src/inresearch/interfaces/reader.py,45,activate-revision,SQL or operational command reference,"SQL consumer reviewed: identity/current pointer, explicit upgrade, or revision execution as shown in source"
catalog/reading use case: activate-revision,src/inresearch/interfaces/reader.py,85,activate-revision,SQL or operational command reference,"SQL consumer reviewed: identity/current pointer, explicit upgrade, or revision execution as shown in source"
catalog/reading use case: catalog/catalog.sqlite,src/inresearch/workflow/reader.py,91,catalog/catalog.sqlite,SQL or operational command reference,catalog path retained; not a reading-result selector
catalog/reading use case: FROM jobs,src/inresearch/workflow/reader.py,126,FROM jobs,SQL or operational command reference,"SQL consumer reviewed: identity/current pointer, explicit upgrade, or revision execution as shown in source"
catalog/reading use case: FROM documents,src/inresearch/workflow/reader.py,174,FROM documents,SQL or operational command reference,"SQL consumer reviewed: identity/current pointer, explicit upgrade, or revision execution as shown in source"
catalog/reading use case: FROM documents,src/inresearch/workflow/reader.py,188,FROM documents,SQL or operational command reference,"SQL consumer reviewed: identity/current pointer, explicit upgrade, or revision execution as shown in source"
catalog/reading use case: UPDATE documents,src/inresearch/workflow/reader.py,267,UPDATE documents,SQL or operational command reference,"SQL consumer reviewed: identity/current pointer, explicit upgrade, or revision execution as shown in source"
catalog/reading use case: UPDATE documents,src/inresearch/workflow/reader.py,307,UPDATE documents,SQL or operational command reference,"SQL consumer reviewed: identity/current pointer, explicit upgrade, or revision execution as shown in source"
catalog/reading use case: execution_readings,src/inresearch/workflow/reader.py,311,execution_readings,SQL or operational command reference,"SQL consumer reviewed: identity/current pointer, explicit upgrade, or revision execution as shown in source"
catalog/reading use case: FROM jobs,src/inresearch/workflow/reader.py,398,FROM jobs,SQL or operational command reference,"SQL consumer reviewed: identity/current pointer, explicit upgrade, or revision execution as shown in source"
catalog/reading use case: FROM jobs,src/inresearch/workflow/reader.py,404,FROM jobs,SQL or operational command reference,"SQL consumer reviewed: identity/current pointer, explicit upgrade, or revision execution as shown in source"
catalog/reading use case: FROM jobs,src/inresearch/workflow/reader.py,422,FROM jobs,SQL or operational command reference,"SQL consumer reviewed: identity/current pointer, explicit upgrade, or revision execution as shown in source"
catalog/reading use case: UPDATE documents,src/inresearch/workflow/reader.py,431,UPDATE documents,SQL or operational command reference,"SQL consumer reviewed: identity/current pointer, explicit upgrade, or revision execution as shown in source"
catalog/reading use case: FROM jobs,src/inresearch/workflow/reader.py,439,FROM jobs,SQL or operational command reference,"SQL consumer reviewed: identity/current pointer, explicit upgrade, or revision execution as shown in source"
catalog/reading use case: FROM jobs,src/inresearch/workflow/reader.py,496,FROM jobs,SQL or operational command reference,"SQL consumer reviewed: identity/current pointer, explicit upgrade, or revision execution as shown in source"
catalog/reading use case: current_readings,src/inresearch/workflow/reader.py,504,current_readings,SQL or operational command reference,"SQL consumer reviewed: identity/current pointer, explicit upgrade, or revision execution as shown in source"
catalog/reading use case: FROM jobs,src/inresearch/workflow/reader.py,505,FROM jobs,SQL or operational command reference,"SQL consumer reviewed: identity/current pointer, explicit upgrade, or revision execution as shown in source"
catalog/reading use case: execution_readings,src/inresearch/workflow/reader.py,506,execution_readings,SQL or operational command reference,"SQL consumer reviewed: identity/current pointer, explicit upgrade, or revision execution as shown in source"
catalog/reading use case: FROM jobs,src/inresearch/workflow/reader.py,507,FROM jobs,SQL or operational command reference,"SQL consumer reviewed: identity/current pointer, explicit upgrade, or revision execution as shown in source"
catalog/reading use case: FROM jobs,src/inresearch/workflow/reader.py,508,FROM jobs,SQL or operational command reference,"SQL consumer reviewed: identity/current pointer, explicit upgrade, or revision execution as shown in source"
catalog/reading use case: current_readings,tests/unit/test_continuous_reader.py,84,current_readings,SQL or operational command reference,test fixture or assertion uses the shared contract; see mapped verification results
catalog/reading use case: FROM documents,tests/unit/test_continuous_reader.py,140,FROM documents,SQL or operational command reference,test fixture or assertion uses the shared contract; see mapped verification results
catalog/reading use case: FROM documents,tests/unit/test_continuous_reader.py,143,FROM documents,SQL or operational command reference,test fixture or assertion uses the shared contract; see mapped verification results
catalog/reading use case: FROM documents,tests/unit/test_continuous_reader.py,162,FROM documents,SQL or operational command reference,test fixture or assertion uses the shared contract; see mapped verification results
catalog/reading use case: current_readings,tests/unit/test_continuous_reader.py,286,current_readings,SQL or operational command reference,test fixture or assertion uses the shared contract; see mapped verification results
catalog/reading use case: current_readings,tests/unit/test_continuous_reader.py,326,current_readings,SQL or operational command reference,test fixture or assertion uses the shared contract; see mapped verification results
catalog/reading use case: FROM jobs,tests/unit/test_continuous_reader.py,330,FROM jobs,SQL or operational command reference,test fixture or assertion uses the shared contract; see mapped verification results
catalog/reading use case: current_readings,tests/unit/test_continuous_reader.py,334,current_readings,SQL or operational command reference,test fixture or assertion uses the shared contract; see mapped verification results
catalog/reading use case: FROM jobs,tests/unit/test_continuous_reader.py,380,FROM jobs,SQL or operational command reference,test fixture or assertion uses the shared contract; see mapped verification results
catalog/reading use case: catalog/catalog.sqlite,tests/unit/test_continuous_reader.py,556,catalog/catalog.sqlite,SQL or operational command reference,test fixture or assertion uses the shared contract; see mapped verification results
catalog/reading use case: current_readings,tests/unit/test_continuous_reader.py,712,current_readings,SQL or operational command reference,test fixture or assertion uses the shared contract; see mapped verification results
catalog/reading use case: FROM jobs,tests/unit/test_continuous_reader.py,714,FROM jobs,SQL or operational command reference,test fixture or assertion uses the shared contract; see mapped verification results
catalog/reading use case: execution_readings,src/inresearch/storage/catalog.py,70,execution_readings,SQL or operational command reference,"SQL consumer reviewed: identity/current pointer, explicit upgrade, or revision execution as shown in source"
catalog/reading use case: current_readings,src/inresearch/storage/catalog.py,71,current_readings,SQL or operational command reference,"SQL consumer reviewed: identity/current pointer, explicit upgrade, or revision execution as shown in source"
catalog/reading use case: FROM documents,src/inresearch/storage/catalog.py,143,FROM documents,SQL or operational command reference,"SQL consumer reviewed: identity/current pointer, explicit upgrade, or revision execution as shown in source"
catalog/reading use case: FROM jobs,src/inresearch/storage/catalog.py,161,FROM jobs,SQL or operational command reference,"SQL consumer reviewed: identity/current pointer, explicit upgrade, or revision execution as shown in source"
catalog/reading use case: FROM jobs,src/inresearch/storage/catalog.py,164,FROM jobs,SQL or operational command reference,"SQL consumer reviewed: identity/current pointer, explicit upgrade, or revision execution as shown in source"
catalog/reading use case: current_readings,src/inresearch/storage/catalog.py,182,current_readings,SQL or operational command reference,"SQL consumer reviewed: identity/current pointer, explicit upgrade, or revision execution as shown in source"
catalog/reading use case: execution_readings,src/inresearch/storage/catalog.py,184,execution_readings,SQL or operational command reference,"SQL consumer reviewed: identity/current pointer, explicit upgrade, or revision execution as shown in source"
catalog/reading use case: reader run,deploy/spark-reader/inresearch-reader.service,14,reader run,SQL or operational command reference,operational reference reviewed; Spark/M4 execution is not asserted
catalog/reading use case: catalog/catalog.sqlite,docs/local_reader/SPARK_OPERATIONS.md,16,catalog/catalog.sqlite,SQL or operational command reference,operational reference reviewed; Spark/M4 execution is not asserted
catalog/reading use case: reader retry,docs/local_reader/SPARK_OPERATIONS.md,142,reader retry,SQL or operational command reference,operational reference reviewed; Spark/M4 execution is not asserted
catalog/reading use case: reader reread,docs/local_reader/SPARK_OPERATIONS.md,159,reader reread,SQL or operational command reference,operational reference reviewed; Spark/M4 execution is not asserted
catalog/reading use case: activate-revision,docs/local_reader/SPARK_OPERATIONS.md,161,activate-revision,SQL or operational command reference,operational reference reviewed; Spark/M4 execution is not asserted
catalog/reading use case: catalog/catalog.sqlite,docs/local_reader/SPARK_OPERATIONS.md,200,catalog/catalog.sqlite,SQL or operational command reference,operational reference reviewed; Spark/M4 execution is not asserted
