implementation,consumers,migration_result
Catalog.initialize / legacy migration,Reader.initialize; CatalogMigrationTests,old execution columns removed; backup and foreign-key checked transactional upgrade; no remote database changed
Catalog.reading / current_readings,Reader.doc; ReadingRevisions.request/list; Reader.status; reader_export.export/export_snapshot; reader fixtures,one current pointer; unreviewed replacement is excluded
execution_readings,Catalog.reading; ReadingRevisions.inspect/list/activate/reject; Reader._queue_receipts/status; ocr_worker.remote_candidates,job/review consumers explicitly select a revision; OCR no longer queries removed state columns
Catalog.insert_run/enqueue/transaction/read_snapshot,Catalog._migrate_legacy; Reader; ReadingRevisions; migration/revision tests,one job identity and transaction implementation; historical job IDs retained with revision uniqueness
ReadingRevisions.create/request/inspect/list/activate/reject,Reader._register; interfaces.reader; ReadingRevisionTests; CatalogMigrationTests; real CLI fixture,all readers use frozen recipes; review requires baseline+report SHA; rejection/history cannot replace current
ReadingStages.artifact_path/validate_report/seal/verify_seal,ReadingStages internal stage pipeline; Reader.artifact_path/_link_target/process; ReadingRevisions.create/inspect/activate; continuous/revision/migration tests,old paths retained for migrated records; all new runs have separate artifacts/extracted roots
Reader public run/scan/doc/retry/status/export/export_snapshot/backup/rollback,interfaces.reader; delivery.publish; test_continuous_reader; test_model_runtime; test_reading_revisions; test_catalog_migration; registered reader CLI and service callers,CLI name retained; retry remains retry; source/archive view behavior preserved
reader_export.read_report/export/export_snapshot/backup,Reader; ReadingRevisions.inspect; ReadingRevisionTests; inherited continuous reader backup/export tests,shared report hash reader; SQL snapshot selects one current; directory manifest names immutable version files
registry.candidate_snapshot,commands.receive_snapshot; registry.build_snapshot; research tests; command/HTTP tests,revision/source metadata survives normalization; candidate-only permissions unchanged
ocr_worker.remote_candidates/claim/process/main,registered ocr-worker CLI; main internal calls; revision OCR failure regression,query/claim/retry/release all carry the same revision; actual M4/Spark execution unverified
