company_id,company_en,sheet,product_line,model,bom_part,doc_type,source_url,referrer_page,lang,version,pub_date,status,doc_id,note
intel,Intel,3-算力芯片与核心器件,x86服务器CPU,Xeon 6,cpu,DS,,https://intel.com,,,,todo,,
intel,Intel,3-算力芯片与核心器件,x86服务器CPU,line,cpu,BR,,https://intel.com,,,,todo,,
intel,Intel,3-算力芯片与核心器件,x86服务器CPU,line,cpu,WEB,,https://intel.com,,,,todo,,
amd,AMD,3-算力芯片与核心器件,x86服务器CPU,EPYC,cpu,DS,,https://amd.com,,,,todo,,
amd,AMD,3-算力芯片与核心器件,x86服务器CPU,9004,cpu,DS,,https://amd.com,,,,todo,,
amd,AMD,3-算力芯片与核心器件,x86服务器CPU,8004,cpu,DS,,https://amd.com,,,,todo,,
amd,AMD,3-算力芯片与核心器件,x86服务器CPU,line,cpu,BR,,https://amd.com,,,,todo,,
amd,AMD,3-算力芯片与核心器件,x86服务器CPU,line,cpu,WEB,,https://amd.com,,,,todo,,
nvidia,NVIDIA,3-算力芯片与核心器件,Arm服务器CPU,Grace CPU Superchip,cpu,DS,,https://nvidia.com,,,,todo,,
nvidia,NVIDIA,3-算力芯片与核心器件,Arm服务器CPU,GB200,cpu,DS,,https://nvidia.com,,,,todo,,
nvidia,NVIDIA,3-算力芯片与核心器件,Arm服务器CPU,GB300,cpu,DS,,https://nvidia.com,,,,todo,,
nvidia,NVIDIA,3-算力芯片与核心器件,Arm服务器CPU,line,cpu,BR,,https://nvidia.com,,,,todo,,
nvidia,NVIDIA,3-算力芯片与核心器件,Arm服务器CPU,line,cpu,WEB,,https://nvidia.com,,,,todo,,
ampere-computing,Ampere Computing,3-算力芯片与核心器件,Arm服务器CPU,AmpereOne,cpu,DS,,https://amperecomputing.com,,,,todo,,
ampere-computing,Ampere Computing,3-算力芯片与核心器件,Arm服务器CPU,Altra Max,cpu,DS,,https://amperecomputing.com,,,,todo,,
ampere-computing,Ampere Computing,3-算力芯片与核心器件,Arm服务器CPU,line,cpu,BR,,https://amperecomputing.com,,,,todo,,
ampere-computing,Ampere Computing,3-算力芯片与核心器件,Arm服务器CPU,line,cpu,WEB,,https://amperecomputing.com,,,,todo,,
arm,Arm,3-算力芯片与核心器件,Arm IP与CSS,Neoverse,cpu,DS,,https://arm.com,,,,todo,,
arm,Arm,3-算力芯片与核心器件,Arm IP与CSS,N3,cpu,DS,,https://arm.com,,,,todo,,
arm,Arm,3-算力芯片与核心器件,Arm IP与CSS,CSS N3,cpu,DS,,https://arm.com,,,,todo,,
arm,Arm,3-算力芯片与核心器件,Arm IP与CSS,line,cpu,BR,,https://arm.com,,,,todo,,
arm,Arm,3-算力芯片与核心器件,Arm IP与CSS,line,cpu,WEB,,https://arm.com,,,,todo,,
huawei-kunpeng,Huawei Kunpeng,3-算力芯片与核心器件,国产CPU（Arm）,鲲鹏920 / 920S,cpu,DS,,https://hikunpeng.com,,,,todo,,
huawei-kunpeng,Huawei Kunpeng,3-算力芯片与核心器件,国产CPU（Arm）,line,cpu,BR,,https://hikunpeng.com,,,,todo,,
huawei-kunpeng,Huawei Kunpeng,3-算力芯片与核心器件,国产CPU（Arm）,line,cpu,WEB,,https://hikunpeng.com,,,,todo,,
hygon,Hygon,3-算力芯片与核心器件,国产CPU（x86授权）,C86,cpu,DS,,https://hygon.cn,,,,todo,,
hygon,Hygon,3-算力芯片与核心器件,国产CPU（x86授权）,5000,cpu,DS,,https://hygon.cn,,,,todo,,
hygon,Hygon,3-算力芯片与核心器件,国产CPU（x86授权）,line,cpu,BR,,https://hygon.cn,,,,todo,,
hygon,Hygon,3-算力芯片与核心器件,国产CPU（x86授权）,line,cpu,WEB,,https://hygon.cn,,,,todo,,
phytium,Phytium,3-算力芯片与核心器件,国产CPU（Arm）,腾云S2500 / S5000C,cpu,DS,,https://phytium.com.cn,,,,todo,,
phytium,Phytium,3-算力芯片与核心器件,国产CPU（Arm）,line,cpu,BR,,https://phytium.com.cn,,,,todo,,
phytium,Phytium,3-算力芯片与核心器件,国产CPU（Arm）,line,cpu,WEB,,https://phytium.com.cn,,,,todo,,
loongson,Loongson,3-算力芯片与核心器件,国产CPU（自主指令）,3C6000,cpu,DS,,https://loongson.cn,,,,todo,,
loongson,Loongson,3-算力芯片与核心器件,国产CPU（自主指令）,3D5000,cpu,DS,,https://loongson.cn,,,,todo,,
loongson,Loongson,3-算力芯片与核心器件,国产CPU（自主指令）,line,cpu,BR,,https://loongson.cn,,,,todo,,
loongson,Loongson,3-算力芯片与核心器件,国产CPU（自主指令）,line,cpu,WEB,,https://loongson.cn,,,,todo,,
zhaoxin,Zhaoxin,3-算力芯片与核心器件,国产CPU（x86授权）,开胜KH-40000系列,cpu,DS,,https://zhaoxin.com,,,,todo,,
zhaoxin,Zhaoxin,3-算力芯片与核心器件,国产CPU（x86授权）,line,cpu,BR,,https://zhaoxin.com,,,,todo,,
zhaoxin,Zhaoxin,3-算力芯片与核心器件,国产CPU（x86授权）,line,cpu,WEB,,https://zhaoxin.com,,,,todo,,
nvidia,NVIDIA,3-算力芯片与核心器件,训练/推理GPU,H100,gpu,DS,,https://nvidia.com,,,,todo,,
nvidia,NVIDIA,3-算力芯片与核心器件,训练/推理GPU,H200,gpu,DS,,https://nvidia.com,,,,todo,,
nvidia,NVIDIA,3-算力芯片与核心器件,训练/推理GPU,B200,gpu,DS,,https://nvidia.com,,,,todo,,
nvidia,NVIDIA,3-算力芯片与核心器件,训练/推理GPU,B300,gpu,DS,,https://nvidia.com,,,,todo,,
nvidia,NVIDIA,3-算力芯片与核心器件,训练/推理GPU,GB200 NVL72,gpu,DS,,https://nvidia.com,,,,todo,,
nvidia,NVIDIA,3-算力芯片与核心器件,训练/推理GPU,GB300,gpu,DS,,https://nvidia.com,,,,todo,,
nvidia,NVIDIA,3-算力芯片与核心器件,训练/推理GPU,L40S,gpu,DS,,https://nvidia.com,,,,todo,,
nvidia,NVIDIA,3-算力芯片与核心器件,训练/推理GPU,RTX PRO 6000 Blackwell SE,gpu,DS,,https://nvidia.com,,,,todo,,
nvidia,NVIDIA,3-算力芯片与核心器件,训练/推理GPU,line,gpu,BR,,https://nvidia.com,,,,todo,,
nvidia,NVIDIA,3-算力芯片与核心器件,训练/推理GPU,line,gpu,WEB,,https://nvidia.com,,,,todo,,
amd-instinct,AMD Instinct,3-算力芯片与核心器件,训练/推理GPU,MI300X,gpu,DS,,https://amd.com,,,,todo,,
amd-instinct,AMD Instinct,3-算力芯片与核心器件,训练/推理GPU,MI325X,gpu,DS,,https://amd.com,,,,todo,,
amd-instinct,AMD Instinct,3-算力芯片与核心器件,训练/推理GPU,MI355X,gpu,DS,,https://amd.com,,,,todo,,
amd-instinct,AMD Instinct,3-算力芯片与核心器件,训练/推理GPU,MI300A,gpu,DS,,https://amd.com,,,,todo,,
amd-instinct,AMD Instinct,3-算力芯片与核心器件,训练/推理GPU,line,gpu,BR,,https://amd.com,,,,todo,,
amd-instinct,AMD Instinct,3-算力芯片与核心器件,训练/推理GPU,line,gpu,WEB,,https://amd.com,,,,todo,,
intel-gaudi,Intel Gaudi,3-算力芯片与核心器件,训练/推理加速卡,Gaudi 3,gpu,DS,,https://intel.com,,,,todo,,
intel-gaudi,Intel Gaudi,3-算力芯片与核心器件,训练/推理加速卡,line,gpu,BR,,https://intel.com,,,,todo,,
intel-gaudi,Intel Gaudi,3-算力芯片与核心器件,训练/推理加速卡,line,gpu,WEB,,https://intel.com,,,,todo,,
huawei-ascend,Huawei Ascend,3-算力芯片与核心器件,国产AI芯片,昇腾910B/910C,gpu,DS,,https://hiascend.com,,,,todo,,
huawei-ascend,Huawei Ascend,3-算力芯片与核心器件,国产AI芯片,Atlas 300I Duo,gpu,DS,,https://hiascend.com,,,,todo,,
huawei-ascend,Huawei Ascend,3-算力芯片与核心器件,国产AI芯片,Atlas 900 A3 SuperPoD,gpu,DS,,https://hiascend.com,,,,todo,,
huawei-ascend,Huawei Ascend,3-算力芯片与核心器件,国产AI芯片,line,gpu,BR,,https://hiascend.com,,,,todo,,
huawei-ascend,Huawei Ascend,3-算力芯片与核心器件,国产AI芯片,line,gpu,WEB,,https://hiascend.com,,,,todo,,
cambricon,Cambricon,3-算力芯片与核心器件,国产AI芯片,思元590 / 思元370,gpu,DS,,https://cambricon.com,,,,todo,,
cambricon,Cambricon,3-算力芯片与核心器件,国产AI芯片,line,gpu,BR,,https://cambricon.com,,,,todo,,
cambricon,Cambricon,3-算力芯片与核心器件,国产AI芯片,line,gpu,WEB,,https://cambricon.com,,,,todo,,
hygon-dcu,Hygon DCU,3-算力芯片与核心器件,国产GPU（GPGPU）,line,gpu,BR,,https://hygon.cn,,,,todo,,
hygon-dcu,Hygon DCU,3-算力芯片与核心器件,国产GPU（GPGPU）,line,gpu,WEB,,https://hygon.cn,,,,todo,,
biren,Biren,3-算力芯片与核心器件,国产GPU,BR100,gpu,DS,,https://birentech.com,,,,todo,,
biren,Biren,3-算力芯片与核心器件,国产GPU,BR104,gpu,DS,,https://birentech.com,,,,todo,,
biren,Biren,3-算力芯片与核心器件,国产GPU,line,gpu,BR,,https://birentech.com,,,,todo,,
biren,Biren,3-算力芯片与核心器件,国产GPU,line,gpu,WEB,,https://birentech.com,,,,todo,,
moore-threads,Moore Threads,3-算力芯片与核心器件,国产GPU,MTT,gpu,DS,,https://mthreads.com,,,,todo,,
moore-threads,Moore Threads,3-算力芯片与核心器件,国产GPU,S5000,gpu,DS,,https://mthreads.com,,,,todo,,
moore-threads,Moore Threads,3-算力芯片与核心器件,国产GPU,KUAE,gpu,DS,,https://mthreads.com,,,,todo,,
moore-threads,Moore Threads,3-算力芯片与核心器件,国产GPU,line,gpu,BR,,https://mthreads.com,,,,todo,,
moore-threads,Moore Threads,3-算力芯片与核心器件,国产GPU,line,gpu,WEB,,https://mthreads.com,,,,todo,,
metax,MetaX,3-算力芯片与核心器件,国产GPU,曦云C500/C600系列,gpu,DS,,https://metax-tech.com,,,,todo,,
metax,MetaX,3-算力芯片与核心器件,国产GPU,line,gpu,BR,,https://metax-tech.com,,,,todo,,
metax,MetaX,3-算力芯片与核心器件,国产GPU,line,gpu,WEB,,https://metax-tech.com,,,,todo,,
iluvatar-corex,Iluvatar CoreX,3-算力芯片与核心器件,国产GPU,天垓150,gpu,DS,,https://iluvatar.com,,,,todo,,
iluvatar-corex,Iluvatar CoreX,3-算力芯片与核心器件,国产GPU,line,gpu,BR,,https://iluvatar.com,,,,todo,,
iluvatar-corex,Iluvatar CoreX,3-算力芯片与核心器件,国产GPU,line,gpu,WEB,,https://iluvatar.com,,,,todo,,
enflame,Enflame,3-算力芯片与核心器件,国产AI芯片,云燧T2x/ i2x,gpu,DS,,https://enflame-tech.com,,,,todo,,
enflame,Enflame,3-算力芯片与核心器件,国产AI芯片,line,gpu,BR,,https://enflame-tech.com,,,,todo,,
enflame,Enflame,3-算力芯片与核心器件,国产AI芯片,line,gpu,WEB,,https://enflame-tech.com,,,,todo,,
cerebras-groq-sambanova-tenstorrent,Cerebras / Groq / SambaNova / Tenstorrent,3-算力芯片与核心器件,海外新兴AI芯片,WSE-3,gpu,DS,,https://cerebras.ai,,,,todo,,
cerebras-groq-sambanova-tenstorrent,Cerebras / Groq / SambaNova / Tenstorrent,3-算力芯片与核心器件,海外新兴AI芯片,CS-3,gpu,DS,,https://cerebras.ai,,,,todo,,
cerebras-groq-sambanova-tenstorrent,Cerebras / Groq / SambaNova / Tenstorrent,3-算力芯片与核心器件,海外新兴AI芯片,LPU,gpu,DS,,https://cerebras.ai,,,,todo,,
cerebras-groq-sambanova-tenstorrent,Cerebras / Groq / SambaNova / Tenstorrent,3-算力芯片与核心器件,海外新兴AI芯片,SN40L,gpu,DS,,https://cerebras.ai,,,,todo,,
cerebras-groq-sambanova-tenstorrent,Cerebras / Groq / SambaNova / Tenstorrent,3-算力芯片与核心器件,海外新兴AI芯片,Blackhole,gpu,DS,,https://cerebras.ai,,,,todo,,
cerebras-groq-sambanova-tenstorrent,Cerebras / Groq / SambaNova / Tenstorrent,3-算力芯片与核心器件,海外新兴AI芯片,line,gpu,BR,,https://cerebras.ai,,,,todo,,
cerebras-groq-sambanova-tenstorrent,Cerebras / Groq / SambaNova / Tenstorrent,3-算力芯片与核心器件,海外新兴AI芯片,line,gpu,WEB,,https://cerebras.ai,,,,todo,,
google-tpu-aws-trainium-ms-maia-meta-mtia,Google TPU / AWS Trainium / MS Maia / Meta MTIA,3-算力芯片与核心器件,云厂商自研加速器,TPU,gpu,DS,,https://cloud.google.com,,,,todo,,
google-tpu-aws-trainium-ms-maia-meta-mtia,Google TPU / AWS Trainium / MS Maia / Meta MTIA,3-算力芯片与核心器件,云厂商自研加速器,v7,gpu,DS,,https://cloud.google.com,,,,todo,,
google-tpu-aws-trainium-ms-maia-meta-mtia,Google TPU / AWS Trainium / MS Maia / Meta MTIA,3-算力芯片与核心器件,云厂商自研加速器,Trainium2,gpu,DS,,https://cloud.google.com,,,,todo,,
google-tpu-aws-trainium-ms-maia-meta-mtia,Google TPU / AWS Trainium / MS Maia / Meta MTIA,3-算力芯片与核心器件,云厂商自研加速器,Maia 100,gpu,DS,,https://cloud.google.com,,,,todo,,
google-tpu-aws-trainium-ms-maia-meta-mtia,Google TPU / AWS Trainium / MS Maia / Meta MTIA,3-算力芯片与核心器件,云厂商自研加速器,MTIA v2,gpu,DS,,https://cloud.google.com,,,,todo,,
google-tpu-aws-trainium-ms-maia-meta-mtia,Google TPU / AWS Trainium / MS Maia / Meta MTIA,3-算力芯片与核心器件,云厂商自研加速器,line,gpu,BR,,https://cloud.google.com,,,,todo,,
google-tpu-aws-trainium-ms-maia-meta-mtia,Google TPU / AWS Trainium / MS Maia / Meta MTIA,3-算力芯片与核心器件,云厂商自研加速器,line,gpu,WEB,,https://cloud.google.com,,,,todo,,
amd-xilinx-alveo-altera-agilex,AMD-Xilinx Alveo / Altera Agilex,3-算力芯片与核心器件,数据中心FPGA,Alveo,fpga,DS,,https://amd.com,,,,todo,,
amd-xilinx-alveo-altera-agilex,AMD-Xilinx Alveo / Altera Agilex,3-算力芯片与核心器件,数据中心FPGA,U55C,fpga,DS,,https://amd.com,,,,todo,,
amd-xilinx-alveo-altera-agilex,AMD-Xilinx Alveo / Altera Agilex,3-算力芯片与核心器件,数据中心FPGA,Agilex 7 M,fpga,DS,,https://amd.com,,,,todo,,
amd-xilinx-alveo-altera-agilex,AMD-Xilinx Alveo / Altera Agilex,3-算力芯片与核心器件,数据中心FPGA,line,fpga,BR,,https://amd.com,,,,todo,,
amd-xilinx-alveo-altera-agilex,AMD-Xilinx Alveo / Altera Agilex,3-算力芯片与核心器件,数据中心FPGA,line,fpga,WEB,,https://amd.com,,,,todo,,
broadcom,Broadcom,3-算力芯片与核心器件,PCIe/CXL互联,PEX89000,interconnect-chip,DS,,https://broadcom.com,,,,todo,,
broadcom,Broadcom,3-算力芯片与核心器件,PCIe/CXL互联,retimer,interconnect-chip,DS,,https://broadcom.com,,,,todo,,
broadcom,Broadcom,3-算力芯片与核心器件,PCIe/CXL互联,定制AI ASIC业务,interconnect-chip,DS,,https://broadcom.com,,,,todo,,
broadcom,Broadcom,3-算力芯片与核心器件,PCIe/CXL互联,line,interconnect-chip,BR,,https://broadcom.com,,,,todo,,
broadcom,Broadcom,3-算力芯片与核心器件,PCIe/CXL互联,line,interconnect-chip,WEB,,https://broadcom.com,,,,todo,,
montage,Montage,3-算力芯片与核心器件,PCIe/CXL互联,DDR5,interconnect-chip,DS,,https://montage-tech.com,,,,todo,,
montage,Montage,3-算力芯片与核心器件,PCIe/CXL互联,MRCD,interconnect-chip,DS,,https://montage-tech.com,,,,todo,,
montage,Montage,3-算力芯片与核心器件,PCIe/CXL互联,MDB,interconnect-chip,DS,,https://montage-tech.com,,,,todo,,
montage,Montage,3-算力芯片与核心器件,PCIe/CXL互联,CKD,interconnect-chip,DS,,https://montage-tech.com,,,,todo,,
montage,Montage,3-算力芯片与核心器件,PCIe/CXL互联,PCIe Retimer,interconnect-chip,DS,,https://montage-tech.com,,,,todo,,
montage,Montage,3-算力芯片与核心器件,PCIe/CXL互联,MXC,interconnect-chip,DS,,https://montage-tech.com,,,,todo,,
montage,Montage,3-算力芯片与核心器件,PCIe/CXL互联,line,interconnect-chip,BR,,https://montage-tech.com,,,,todo,,
montage,Montage,3-算力芯片与核心器件,PCIe/CXL互联,line,interconnect-chip,WEB,,https://montage-tech.com,,,,todo,,
astera-labs,Astera Labs,3-算力芯片与核心器件,PCIe/CXL互联,Aries Retimer,interconnect-chip,DS,,https://asteralabs.com,,,,todo,,
astera-labs,Astera Labs,3-算力芯片与核心器件,PCIe/CXL互联,Taurus AEC,interconnect-chip,DS,,https://asteralabs.com,,,,todo,,
astera-labs,Astera Labs,3-算力芯片与核心器件,PCIe/CXL互联,Leo CXL,interconnect-chip,DS,,https://asteralabs.com,,,,todo,,
astera-labs,Astera Labs,3-算力芯片与核心器件,PCIe/CXL互联,Scorpio PCIe Fabric Switch,interconnect-chip,DS,,https://asteralabs.com,,,,todo,,
astera-labs,Astera Labs,3-算力芯片与核心器件,PCIe/CXL互联,line,interconnect-chip,BR,,https://asteralabs.com,,,,todo,,
astera-labs,Astera Labs,3-算力芯片与核心器件,PCIe/CXL互联,line,interconnect-chip,WEB,,https://asteralabs.com,,,,todo,,
rambus-microchip-marvell,Rambus / Microchip(Flashtec·Switchtec) / Marvell(Bravera),3-算力芯片与核心器件,内存接口/主控,RCD,interconnect-chip,DS,,https://rambus.com,,,,todo,,
rambus-microchip-marvell,Rambus / Microchip(Flashtec·Switchtec) / Marvell(Bravera),3-算力芯片与核心器件,内存接口/主控,NVMe,interconnect-chip,DS,,https://rambus.com,,,,todo,,
rambus-microchip-marvell,Rambus / Microchip(Flashtec·Switchtec) / Marvell(Bravera),3-算力芯片与核心器件,内存接口/主控,PCIe Switch,interconnect-chip,DS,,https://rambus.com,,,,todo,,
rambus-microchip-marvell,Rambus / Microchip(Flashtec·Switchtec) / Marvell(Bravera),3-算力芯片与核心器件,内存接口/主控,line,interconnect-chip,BR,,https://rambus.com,,,,todo,,
rambus-microchip-marvell,Rambus / Microchip(Flashtec·Switchtec) / Marvell(Bravera),3-算力芯片与核心器件,内存接口/主控,line,interconnect-chip,WEB,,https://rambus.com,,,,todo,,
aspeed,ASPEED,3-算力芯片与核心器件,BMC管理芯片,AST2600,interconnect-chip,DS,,https://aspeedtech.com,,,,todo,,
aspeed,ASPEED,3-算力芯片与核心器件,BMC管理芯片,AST2700,interconnect-chip,DS,,https://aspeedtech.com,,,,todo,,
aspeed,ASPEED,3-算力芯片与核心器件,BMC管理芯片,line,interconnect-chip,BR,,https://aspeedtech.com,,,,todo,,
aspeed,ASPEED,3-算力芯片与核心器件,BMC管理芯片,line,interconnect-chip,WEB,,https://aspeedtech.com,,,,todo,,
infineon-mps-renesas-adi-ti,Infineon / MPS / Renesas / ADI / TI,3-算力芯片与核心器件,服务器供电芯片,VRM/,interconnect-chip,DS,,https://infineon.com,,,,todo,,
infineon-mps-renesas-adi-ti,Infineon / MPS / Renesas / ADI / TI,3-算力芯片与核心器件,服务器供电芯片,PowerStage,interconnect-chip,DS,,https://infineon.com,,,,todo,,
infineon-mps-renesas-adi-ti,Infineon / MPS / Renesas / ADI / TI,3-算力芯片与核心器件,服务器供电芯片,line,interconnect-chip,BR,,https://infineon.com,,,,todo,,
infineon-mps-renesas-adi-ti,Infineon / MPS / Renesas / ADI / TI,3-算力芯片与核心器件,服务器供电芯片,line,interconnect-chip,WEB,,https://infineon.com,,,,todo,,
dell-technologies,Dell Technologies,4-服务器与整机,通用/AI服务器,PowerEdge,server,DS,,https://dell.com,,,,todo,,
dell-technologies,Dell Technologies,4-服务器与整机,通用/AI服务器,R770,server,DS,,https://dell.com,,,,todo,,
dell-technologies,Dell Technologies,4-服务器与整机,通用/AI服务器,XE9680,server,DS,,https://dell.com,,,,todo,,
dell-technologies,Dell Technologies,4-服务器与整机,通用/AI服务器,XE9780,server,DS,,https://dell.com,,,,todo,,
dell-technologies,Dell Technologies,4-服务器与整机,通用/AI服务器,XE7745,server,DS,,https://dell.com,,,,todo,,
dell-technologies,Dell Technologies,4-服务器与整机,通用/AI服务器,XR,server,DS,,https://dell.com,,,,todo,,
dell-technologies,Dell Technologies,4-服务器与整机,通用/AI服务器,line,server,BR,,https://dell.com,,,,todo,,
dell-technologies,Dell Technologies,4-服务器与整机,通用/AI服务器,line,server,WEB,,https://dell.com,,,,todo,,
hpe,HPE,4-服务器与整机,通用/AI服务器,ProLiant Gen12,server,DS,,https://hpe.com,,,,todo,,
hpe,HPE,4-服务器与整机,通用/AI服务器,DL384,server,DS,,https://hpe.com,,,,todo,,
hpe,HPE,4-服务器与整机,通用/AI服务器,XD685,server,DS,,https://hpe.com,,,,todo,,
hpe,HPE,4-服务器与整机,通用/AI服务器,Cray,server,DS,,https://hpe.com,,,,todo,,
hpe,HPE,4-服务器与整机,通用/AI服务器,XD,server,DS,,https://hpe.com,,,,todo,,
hpe,HPE,4-服务器与整机,通用/AI服务器,line,server,BR,,https://hpe.com,,,,todo,,
hpe,HPE,4-服务器与整机,通用/AI服务器,line,server,WEB,,https://hpe.com,,,,todo,,
lenovo,Lenovo,4-服务器与整机,通用/AI服务器,ThinkSystem SR650 V4,server,DS,,https://lenovo.com,,,,todo,,
lenovo,Lenovo,4-服务器与整机,通用/AI服务器,SR680a V3,server,DS,,https://lenovo.com,,,,todo,,
lenovo,Lenovo,4-服务器与整机,通用/AI服务器,SR780a,server,DS,,https://lenovo.com,,,,todo,,
lenovo,Lenovo,4-服务器与整机,通用/AI服务器,Neptune,server,DS,,https://lenovo.com,,,,todo,,
lenovo,Lenovo,4-服务器与整机,通用/AI服务器,line,server,BR,,https://lenovo.com,,,,todo,,
lenovo,Lenovo,4-服务器与整机,通用/AI服务器,line,server,WEB,,https://lenovo.com,,,,todo,,
supermicro,Supermicro,4-服务器与整机,AI/GPU服务器,GPU SuperServer,server,DS,,https://supermicro.com,,,,todo,,
supermicro,Supermicro,4-服务器与整机,AI/GPU服务器,GB200 NVL72,server,DS,,https://supermicro.com,,,,todo,,
supermicro,Supermicro,4-服务器与整机,AI/GPU服务器,BigTwin,server,DS,,https://supermicro.com,,,,todo,,
supermicro,Supermicro,4-服务器与整机,AI/GPU服务器,Hyper,server,DS,,https://supermicro.com,,,,todo,,
supermicro,Supermicro,4-服务器与整机,AI/GPU服务器,line,server,BR,,https://supermicro.com,,,,todo,,
supermicro,Supermicro,4-服务器与整机,AI/GPU服务器,line,server,WEB,,https://supermicro.com,,,,todo,,
inspur,Inspur (IEIT Systems),4-服务器与整机,通用/AI服务器,NF5280M7,server,DS,,https://ieisystem.com,,,,todo,,
inspur,Inspur (IEIT Systems),4-服务器与整机,通用/AI服务器,NF5688G7,server,DS,,https://ieisystem.com,,,,todo,,
inspur,Inspur (IEIT Systems),4-服务器与整机,通用/AI服务器,整机柜ORS,server,DS,,https://ieisystem.com,,,,todo,,
inspur,Inspur (IEIT Systems),4-服务器与整机,通用/AI服务器,line,server,BR,,https://ieisystem.com,,,,todo,,
inspur,Inspur (IEIT Systems),4-服务器与整机,通用/AI服务器,line,server,WEB,,https://ieisystem.com,,,,todo,,
h3c,H3C,4-服务器与整机,通用/AI服务器,UniServer R4900 G7,server,DS,,https://h3c.com,,,,todo,,
h3c,H3C,4-服务器与整机,通用/AI服务器,R5500 G6,server,DS,,https://h3c.com,,,,todo,,
h3c,H3C,4-服务器与整机,通用/AI服务器,UniPoD,server,DS,,https://h3c.com,,,,todo,,
h3c,H3C,4-服务器与整机,通用/AI服务器,line,server,BR,,https://h3c.com,,,,todo,,
h3c,H3C,4-服务器与整机,通用/AI服务器,line,server,WEB,,https://h3c.com,,,,todo,,
xfusion,xFusion,4-服务器与整机,通用/AI服务器,FusionServer 2288H V7,server,DS,,https://xfusion.com,,,,todo,,
xfusion,xFusion,4-服务器与整机,通用/AI服务器,FusionPoD for AI,server,DS,,https://xfusion.com,,,,todo,,
xfusion,xFusion,4-服务器与整机,通用/AI服务器,G8600,server,DS,,https://xfusion.com,,,,todo,,
xfusion,xFusion,4-服务器与整机,通用/AI服务器,line,server,BR,,https://xfusion.com,,,,todo,,
xfusion,xFusion,4-服务器与整机,通用/AI服务器,line,server,WEB,,https://xfusion.com,,,,todo,,
nettrix,Nettrix,4-服务器与整机,AI/定制服务器,X660 G55,server,DS,,https://nettrix.com.cn,,,,todo,,
nettrix,Nettrix,4-服务器与整机,AI/定制服务器,B5000,server,DS,,https://nettrix.com.cn,,,,todo,,
nettrix,Nettrix,4-服务器与整机,AI/定制服务器,line,server,BR,,https://nettrix.com.cn,,,,todo,,
nettrix,Nettrix,4-服务器与整机,AI/定制服务器,line,server,WEB,,https://nettrix.com.cn,,,,todo,,
sugon,Sugon,4-服务器与整机,通用/AI服务器,I620,server,DS,,https://sugon.com,,,,todo,,
sugon,Sugon,4-服务器与整机,通用/AI服务器,I840,server,DS,,https://sugon.com,,,,todo,,
sugon,Sugon,4-服务器与整机,通用/AI服务器,line,server,BR,,https://sugon.com,,,,todo,,
sugon,Sugon,4-服务器与整机,通用/AI服务器,line,server,WEB,,https://sugon.com,,,,todo,,
huawei-atlas,Huawei Atlas,4-服务器与整机,AI训练集群,Atlas 800T A2,server,DS,,https://huawei.com,,,,todo,,
huawei-atlas,Huawei Atlas,4-服务器与整机,AI训练集群,Atlas 900 A3 SuperPoD,server,DS,,https://huawei.com,,,,todo,,
huawei-atlas,Huawei Atlas,4-服务器与整机,AI训练集群,TaiShan 200,server,DS,,https://huawei.com,,,,todo,,
huawei-atlas,Huawei Atlas,4-服务器与整机,AI训练集群,line,server,BR,,https://huawei.com,,,,todo,,
huawei-atlas,Huawei Atlas,4-服务器与整机,AI训练集群,line,server,WEB,,https://huawei.com,,,,todo,,
zte,ZTE,4-服务器与整机,通用服务器,R5300 G5,server,DS,,https://zte.com.cn,,,,todo,,
zte,ZTE,4-服务器与整机,通用服务器,R6500 G5,server,DS,,https://zte.com.cn,,,,todo,,
zte,ZTE,4-服务器与整机,通用服务器,line,server,BR,,https://zte.com.cn,,,,todo,,
zte,ZTE,4-服务器与整机,通用服务器,line,server,WEB,,https://zte.com.cn,,,,todo,,
fiberhome,FiberHome,4-服务器与整机,通用服务器,FitServer,server,DS,,https://fiberhome.com,,,,todo,,
fiberhome,FiberHome,4-服务器与整机,通用服务器,line,server,BR,,https://fiberhome.com,,,,todo,,
fiberhome,FiberHome,4-服务器与整机,通用服务器,line,server,WEB,,https://fiberhome.com,,,,todo,,
gigabyte,GIGABYTE,4-服务器与整机,GPU服务器/准系统,G593-SD0,server,DS,,https://gigabyte.com,,,,todo,,
gigabyte,GIGABYTE,4-服务器与整机,GPU服务器/准系统,R283,server,DS,,https://gigabyte.com,,,,todo,,
gigabyte,GIGABYTE,4-服务器与整机,GPU服务器/准系统,line,server,BR,,https://gigabyte.com,,,,todo,,
gigabyte,GIGABYTE,4-服务器与整机,GPU服务器/准系统,line,server,WEB,,https://gigabyte.com,,,,todo,,
asus,ASUS,4-服务器与整机,GPU服务器/工作站,ESC N8A-E12,server,DS,,https://servers.asus.com,,,,todo,,
asus,ASUS,4-服务器与整机,GPU服务器/工作站,RS720,server,DS,,https://servers.asus.com,,,,todo,,
asus,ASUS,4-服务器与整机,GPU服务器/工作站,Pro WS,server,DS,,https://servers.asus.com,,,,todo,,
asus,ASUS,4-服务器与整机,GPU服务器/工作站,line,server,BR,,https://servers.asus.com,,,,todo,,
asus,ASUS,4-服务器与整机,GPU服务器/工作站,line,server,WEB,,https://servers.asus.com,,,,todo,,
foxconn-industrial-internet,Foxconn Industrial Internet,4-服务器与整机,AI服务器/整机柜代工,GB200,server,DS,,https://fii-foxconn.com,,,,todo,,
foxconn-industrial-internet,Foxconn Industrial Internet,4-服务器与整机,AI服务器/整机柜代工,GB300,server,DS,,https://fii-foxconn.com,,,,todo,,
foxconn-industrial-internet,Foxconn Industrial Internet,4-服务器与整机,AI服务器/整机柜代工,DGX,server,DS,,https://fii-foxconn.com,,,,todo,,
foxconn-industrial-internet,Foxconn Industrial Internet,4-服务器与整机,AI服务器/整机柜代工,line,server,BR,,https://fii-foxconn.com,,,,todo,,
foxconn-industrial-internet,Foxconn Industrial Internet,4-服务器与整机,AI服务器/整机柜代工,line,server,WEB,,https://fii-foxconn.com,,,,todo,,
quanta-qct,Quanta / QCT,4-服务器与整机,云服务器/整机柜,QuantaGrid D75E,server,DS,,https://qct.io,,,,todo,,
quanta-qct,Quanta / QCT,4-服务器与整机,云服务器/整机柜,S74G,server,DS,,https://qct.io,,,,todo,,
quanta-qct,Quanta / QCT,4-服务器与整机,云服务器/整机柜,OCP,server,DS,,https://qct.io,,,,todo,,
quanta-qct,Quanta / QCT,4-服务器与整机,云服务器/整机柜,line,server,BR,,https://qct.io,,,,todo,,
quanta-qct,Quanta / QCT,4-服务器与整机,云服务器/整机柜,line,server,WEB,,https://qct.io,,,,todo,,
wiwynn,Wiwynn,4-服务器与整机,云服务器/整机柜,ES200,server,DS,,https://wiwynn.com,,,,todo,,
wiwynn,Wiwynn,4-服务器与整机,云服务器/整机柜,GB200,server,DS,,https://wiwynn.com,,,,todo,,
wiwynn,Wiwynn,4-服务器与整机,云服务器/整机柜,OCP ORv3,server,DS,,https://wiwynn.com,,,,todo,,
wiwynn,Wiwynn,4-服务器与整机,云服务器/整机柜,line,server,BR,,https://wiwynn.com,,,,todo,,
wiwynn,Wiwynn,4-服务器与整机,云服务器/整机柜,line,server,WEB,,https://wiwynn.com,,,,todo,,
inventec-pegatron-mitac-compal,Inventec英业达 / Pegatron和硕 / MiTAC神达(含TYAN) / Compal仁宝,4-服务器与整机,服务器代工,TYAN,server,DS,,https://各家官网,,,,todo,,
inventec-pegatron-mitac-compal,Inventec英业达 / Pegatron和硕 / MiTAC神达(含TYAN) / Compal仁宝,4-服务器与整机,服务器代工,line,server,BR,,https://各家官网,,,,todo,,
inventec-pegatron-mitac-compal,Inventec英业达 / Pegatron和硕 / MiTAC神达(含TYAN) / Compal仁宝,4-服务器与整机,服务器代工,line,server,WEB,,https://各家官网,,,,todo,,
open-compute-project,Open Compute Project,4-服务器与整机,开放计算规范,Open Rack v3,rack-frame,DS,,https://opencompute.org,,,,todo,,
open-compute-project,Open Compute Project,4-服务器与整机,开放计算规范,DC-MHS,rack-frame,DS,,https://opencompute.org,,,,todo,,
open-compute-project,Open Compute Project,4-服务器与整机,开放计算规范,OAM,rack-frame,DS,,https://opencompute.org,,,,todo,,
open-compute-project,Open Compute Project,4-服务器与整机,开放计算规范,UBB,rack-frame,DS,,https://opencompute.org,,,,todo,,
open-compute-project,Open Compute Project,4-服务器与整机,开放计算规范,line,rack-frame,BR,,https://opencompute.org,,,,todo,,
open-compute-project,Open Compute Project,4-服务器与整机,开放计算规范,line,rack-frame,WEB,,https://opencompute.org,,,,todo,,
cn-kunpeng-feiteng-server-group,长城 / 宝德 / 神州鲲泰 / 湘江鲲鹏 / 超越申泰 / 黄河,4-服务器与整机,鲲鹏/飞腾生态整机,line,server,BR,,https://各家官网,,,,todo,,
cn-kunpeng-feiteng-server-group,长城 / 宝德 / 神州鲲泰 / 湘江鲲鹏 / 超越申泰 / 黄河,4-服务器与整机,鲲鹏/飞腾生态整机,line,server,WEB,,https://各家官网,,,,todo,,
samsung,Samsung,5-存储介质与部件,DRAM原厂,DDR5 RDIMM,dram,DS,,https://semiconductor.samsung.com,,,,todo,,
samsung,Samsung,5-存储介质与部件,DRAM原厂,MRDIMM,dram,DS,,https://semiconductor.samsung.com,,,,todo,,
samsung,Samsung,5-存储介质与部件,DRAM原厂,HBM3E,dram,DS,,https://semiconductor.samsung.com,,,,todo,,
samsung,Samsung,5-存储介质与部件,DRAM原厂,HBM4,dram,DS,,https://semiconductor.samsung.com,,,,todo,,
samsung,Samsung,5-存储介质与部件,DRAM原厂,LPDDR5X,dram,DS,,https://semiconductor.samsung.com,,,,todo,,
samsung,Samsung,5-存储介质与部件,DRAM原厂,line,dram,BR,,https://semiconductor.samsung.com,,,,todo,,
samsung,Samsung,5-存储介质与部件,DRAM原厂,line,dram,WEB,,https://semiconductor.samsung.com,,,,todo,,
sk-hynix,SK hynix,5-存储介质与部件,DRAM原厂,DDR5 RDIMM,dram,DS,,https://skhynix.com,,,,todo,,
sk-hynix,SK hynix,5-存储介质与部件,DRAM原厂,MRDIMM,dram,DS,,https://skhynix.com,,,,todo,,
sk-hynix,SK hynix,5-存储介质与部件,DRAM原厂,HBM3E,dram,DS,,https://skhynix.com,,,,todo,,
sk-hynix,SK hynix,5-存储介质与部件,DRAM原厂,HBM4,dram,DS,,https://skhynix.com,,,,todo,,
sk-hynix,SK hynix,5-存储介质与部件,DRAM原厂,CXL CMM,dram,DS,,https://skhynix.com,,,,todo,,
sk-hynix,SK hynix,5-存储介质与部件,DRAM原厂,line,dram,BR,,https://skhynix.com,,,,todo,,
sk-hynix,SK hynix,5-存储介质与部件,DRAM原厂,line,dram,WEB,,https://skhynix.com,,,,todo,,
micron,Micron,5-存储介质与部件,DRAM原厂,DDR5 RDIMM,dram,DS,,https://micron.com,,,,todo,,
micron,Micron,5-存储介质与部件,DRAM原厂,MRDIMM 256GB,dram,DS,,https://micron.com,,,,todo,,
micron,Micron,5-存储介质与部件,DRAM原厂,HBM3E,dram,DS,,https://micron.com,,,,todo,,
micron,Micron,5-存储介质与部件,DRAM原厂,LPDDR5X,dram,DS,,https://micron.com,,,,todo,,
micron,Micron,5-存储介质与部件,DRAM原厂,line,dram,BR,,https://micron.com,,,,todo,,
micron,Micron,5-存储介质与部件,DRAM原厂,line,dram,WEB,,https://micron.com,,,,todo,,
cxmt,CXMT,5-存储介质与部件,国产DRAM,DDR5,dram,DS,,https://cxmt.com,,,,todo,,
cxmt,CXMT,5-存储介质与部件,国产DRAM,DDR4,dram,DS,,https://cxmt.com,,,,todo,,
cxmt,CXMT,5-存储介质与部件,国产DRAM,LPDDR5,dram,DS,,https://cxmt.com,,,,todo,,
cxmt,CXMT,5-存储介质与部件,国产DRAM,line,dram,BR,,https://cxmt.com,,,,todo,,
cxmt,CXMT,5-存储介质与部件,国产DRAM,line,dram,WEB,,https://cxmt.com,,,,todo,,
samsung,Samsung,5-存储介质与部件,企业级SSD,PM9A3,ssd,DS,,https://semiconductor.samsung.com,,,,todo,,
samsung,Samsung,5-存储介质与部件,企业级SSD,PM1743,ssd,DS,,https://semiconductor.samsung.com,,,,todo,,
samsung,Samsung,5-存储介质与部件,企业级SSD,BM1743,ssd,DS,,https://semiconductor.samsung.com,,,,todo,,
samsung,Samsung,5-存储介质与部件,企业级SSD,PM1653,ssd,DS,,https://semiconductor.samsung.com,,,,todo,,
samsung,Samsung,5-存储介质与部件,企业级SSD,line,ssd,BR,,https://semiconductor.samsung.com,,,,todo,,
samsung,Samsung,5-存储介质与部件,企业级SSD,line,ssd,WEB,,https://semiconductor.samsung.com,,,,todo,,
kioxia,Kioxia,5-存储介质与部件,企业级SSD,CM7-R,ssd,DS,,https://kioxia.com,,,,todo,,
kioxia,Kioxia,5-存储介质与部件,企业级SSD,CD8P,ssd,DS,,https://kioxia.com,,,,todo,,
kioxia,Kioxia,5-存储介质与部件,企业级SSD,LC9,ssd,DS,,https://kioxia.com,,,,todo,,
kioxia,Kioxia,5-存储介质与部件,企业级SSD,BiCS8,ssd,DS,,https://kioxia.com,,,,todo,,
kioxia,Kioxia,5-存储介质与部件,企业级SSD,line,ssd,BR,,https://kioxia.com,,,,todo,,
kioxia,Kioxia,5-存储介质与部件,企业级SSD,line,ssd,WEB,,https://kioxia.com,,,,todo,,
solidigm,Solidigm (SK hynix),5-存储介质与部件,企业级SSD,D5-P5336,ssd,DS,,https://solidigm.com,,,,todo,,
solidigm,Solidigm (SK hynix),5-存储介质与部件,企业级SSD,D7-PS1010,ssd,DS,,https://solidigm.com,,,,todo,,
solidigm,Solidigm (SK hynix),5-存储介质与部件,企业级SSD,PS1030,ssd,DS,,https://solidigm.com,,,,todo,,
solidigm,Solidigm (SK hynix),5-存储介质与部件,企业级SSD,line,ssd,BR,,https://solidigm.com,,,,todo,,
solidigm,Solidigm (SK hynix),5-存储介质与部件,企业级SSD,line,ssd,WEB,,https://solidigm.com,,,,todo,,
micron,Micron,5-存储介质与部件,企业级SSD,9550,ssd,DS,,https://micron.com,,,,todo,,
micron,Micron,5-存储介质与部件,企业级SSD,6550 ION,ssd,DS,,https://micron.com,,,,todo,,
micron,Micron,5-存储介质与部件,企业级SSD,7500,ssd,DS,,https://micron.com,,,,todo,,
micron,Micron,5-存储介质与部件,企业级SSD,line,ssd,BR,,https://micron.com,,,,todo,,
micron,Micron,5-存储介质与部件,企业级SSD,line,ssd,WEB,,https://micron.com,,,,todo,,
sandisk,SanDisk,5-存储介质与部件,NAND与SSD,DC SN861,ssd,DS,,https://sandisk.com,,,,todo,,
sandisk,SanDisk,5-存储介质与部件,NAND与SSD,UltraQLC,ssd,DS,,https://sandisk.com,,,,todo,,
sandisk,SanDisk,5-存储介质与部件,NAND与SSD,line,ssd,BR,,https://sandisk.com,,,,todo,,
sandisk,SanDisk,5-存储介质与部件,NAND与SSD,line,ssd,WEB,,https://sandisk.com,,,,todo,,
ymtc,YMTC,5-存储介质与部件,国产NAND/eSSD,Xtacking 4.0 NAND,ssd,DS,,https://ymtc.com,,,,todo,,
ymtc,YMTC,5-存储介质与部件,国产NAND/eSSD,企业级PE系列eSSD,ssd,DS,,https://ymtc.com,,,,todo,,
ymtc,YMTC,5-存储介质与部件,国产NAND/eSSD,line,ssd,BR,,https://ymtc.com,,,,todo,,
ymtc,YMTC,5-存储介质与部件,国产NAND/eSSD,line,ssd,WEB,,https://ymtc.com,,,,todo,,
seagate,Seagate,5-存储介质与部件,近线HDD,Exos,hdd,DS,,https://seagate.com,,,,todo,,
seagate,Seagate,5-存储介质与部件,近线HDD,X26,hdd,DS,,https://seagate.com,,,,todo,,
seagate,Seagate,5-存储介质与部件,近线HDD,Exos M,hdd,DS,,https://seagate.com,,,,todo,,
seagate,Seagate,5-存储介质与部件,近线HDD,MACH.2,hdd,DS,,https://seagate.com,,,,todo,,
seagate,Seagate,5-存储介质与部件,近线HDD,Corvault,hdd,DS,,https://seagate.com,,,,todo,,
seagate,Seagate,5-存储介质与部件,近线HDD,line,hdd,BR,,https://seagate.com,,,,todo,,
seagate,Seagate,5-存储介质与部件,近线HDD,line,hdd,WEB,,https://seagate.com,,,,todo,,
western-digital,Western Digital,5-存储介质与部件,近线HDD,Ultrastar,hdd,DS,,https://westerndigital.com,,,,todo,,
western-digital,Western Digital,5-存储介质与部件,近线HDD,HC590,hdd,DS,,https://westerndigital.com,,,,todo,,
western-digital,Western Digital,5-存储介质与部件,近线HDD,HC680,hdd,DS,,https://westerndigital.com,,,,todo,,
western-digital,Western Digital,5-存储介质与部件,近线HDD,OptiNAND,hdd,DS,,https://westerndigital.com,,,,todo,,
western-digital,Western Digital,5-存储介质与部件,近线HDD,line,hdd,BR,,https://westerndigital.com,,,,todo,,
western-digital,Western Digital,5-存储介质与部件,近线HDD,line,hdd,WEB,,https://westerndigital.com,,,,todo,,
toshiba-electronic-devices,Toshiba Electronic Devices,5-存储介质与部件,近线HDD,MG10F,hdd,DS,,https://toshiba-storage.com,,,,todo,,
toshiba-electronic-devices,Toshiba Electronic Devices,5-存储介质与部件,近线HDD,MG11,hdd,DS,,https://toshiba-storage.com,,,,todo,,
toshiba-electronic-devices,Toshiba Electronic Devices,5-存储介质与部件,近线HDD,line,hdd,BR,,https://toshiba-storage.com,,,,todo,,
toshiba-electronic-devices,Toshiba Electronic Devices,5-存储介质与部件,近线HDD,line,hdd,WEB,,https://toshiba-storage.com,,,,todo,,
unionmemory,UnionMemory,5-存储介质与部件,国产企业级SSD,UH812a,ssd,DS,,https://unionmem.com,,,,todo,,
unionmemory,UnionMemory,5-存储介质与部件,国产企业级SSD,UH832a,ssd,DS,,https://unionmem.com,,,,todo,,
unionmemory,UnionMemory,5-存储介质与部件,国产企业级SSD,UH711a,ssd,DS,,https://unionmem.com,,,,todo,,
unionmemory,UnionMemory,5-存储介质与部件,国产企业级SSD,line,ssd,BR,,https://unionmem.com,,,,todo,,
unionmemory,UnionMemory,5-存储介质与部件,国产企业级SSD,line,ssd,WEB,,https://unionmem.com,,,,todo,,
dapustor,DapuStor,5-存储介质与部件,国产企业级SSD,H5100,ssd,DS,,https://dapustor.com,,,,todo,,
dapustor,DapuStor,5-存储介质与部件,国产企业级SSD,Roealsen R5,ssd,DS,,https://dapustor.com,,,,todo,,
dapustor,DapuStor,5-存储介质与部件,国产企业级SSD,KV SSD,ssd,DS,,https://dapustor.com,,,,todo,,
dapustor,DapuStor,5-存储介质与部件,国产企业级SSD,line,ssd,BR,,https://dapustor.com,,,,todo,,
dapustor,DapuStor,5-存储介质与部件,国产企业级SSD,line,ssd,WEB,,https://dapustor.com,,,,todo,,
longsys,Longsys,5-存储介质与部件,存储模组厂,ORCA,ssd,DS,,https://longsys.com,,,,todo,,
longsys,Longsys,5-存储介质与部件,存储模组厂,FORESEE,ssd,DS,,https://longsys.com,,,,todo,,
longsys,Longsys,5-存储介质与部件,存储模组厂,RDIMM,ssd,DS,,https://longsys.com,,,,todo,,
longsys,Longsys,5-存储介质与部件,存储模组厂,line,ssd,BR,,https://longsys.com,,,,todo,,
longsys,Longsys,5-存储介质与部件,存储模组厂,line,ssd,WEB,,https://longsys.com,,,,todo,,
biwin,Biwin,5-存储介质与部件,存储模组厂,企业级SSD/嵌入式存储,ssd,DS,,https://biwin.com.cn,,,,todo,,
biwin,Biwin,5-存储介质与部件,存储模组厂,line,ssd,BR,,https://biwin.com.cn,,,,todo,,
biwin,Biwin,5-存储介质与部件,存储模组厂,line,ssd,WEB,,https://biwin.com.cn,,,,todo,,
kingston,Kingston,5-存储介质与部件,第三方模组/内存,DC3000ME,ssd,DS,,https://kingston.com,,,,todo,,
kingston,Kingston,5-存储介质与部件,第三方模组/内存,Server Premier,ssd,DS,,https://kingston.com,,,,todo,,
kingston,Kingston,5-存储介质与部件,第三方模组/内存,line,ssd,BR,,https://kingston.com,,,,todo,,
kingston,Kingston,5-存储介质与部件,第三方模组/内存,line,ssd,WEB,,https://kingston.com,,,,todo,,
smi-phison-maxio-innogrit,慧荣SMI / 群联Phison / 联芸Maxio / 英韧InnoGrit / 得一微,5-存储介质与部件,SSD主控芯片,SM8366,ssd,DS,,https://siliconmotion.com,,,,todo,,
smi-phison-maxio-innogrit,慧荣SMI / 群联Phison / 联芸Maxio / 英韧InnoGrit / 得一微,5-存储介质与部件,SSD主控芯片,Pascari X200,ssd,DS,,https://siliconmotion.com,,,,todo,,
smi-phison-maxio-innogrit,慧荣SMI / 群联Phison / 联芸Maxio / 英韧InnoGrit / 得一微,5-存储介质与部件,SSD主控芯片,line,ssd,BR,,https://siliconmotion.com,,,,todo,,
smi-phison-maxio-innogrit,慧荣SMI / 群联Phison / 联芸Maxio / 英韧InnoGrit / 得一微,5-存储介质与部件,SSD主控芯片,line,ssd,WEB,,https://siliconmotion.com,,,,todo,,
samsung-cmm-micron-cz120-mxc-smart-modular,Samsung CMM / Micron CZ120 / 澜起MXC / SMART Modular,5-存储介质与部件,CXL内存扩展,CMM-D,dram,DS,,https://各家官网,,,,todo,,
samsung-cmm-micron-cz120-mxc-smart-modular,Samsung CMM / Micron CZ120 / 澜起MXC / SMART Modular,5-存储介质与部件,CXL内存扩展,CMM-B,dram,DS,,https://各家官网,,,,todo,,
samsung-cmm-micron-cz120-mxc-smart-modular,Samsung CMM / Micron CZ120 / 澜起MXC / SMART Modular,5-存储介质与部件,CXL内存扩展,CZ120 256GB,dram,DS,,https://各家官网,,,,todo,,
samsung-cmm-micron-cz120-mxc-smart-modular,Samsung CMM / Micron CZ120 / 澜起MXC / SMART Modular,5-存储介质与部件,CXL内存扩展,line,dram,BR,,https://各家官网,,,,todo,,
samsung-cmm-micron-cz120-mxc-smart-modular,Samsung CMM / Micron CZ120 / 澜起MXC / SMART Modular,5-存储介质与部件,CXL内存扩展,line,dram,WEB,,https://各家官网,,,,todo,,
huawei-oceanstor,Huawei OceanStor,6-存储系统与数据管理,全闪/混闪阵列,OceanStor V7,storage-array,DS,,https://e.huawei.com,,,,todo,,
huawei-oceanstor,Huawei OceanStor,6-存储系统与数据管理,全闪/混闪阵列,6000,storage-array,DS,,https://e.huawei.com,,,,todo,,
huawei-oceanstor,Huawei OceanStor,6-存储系统与数据管理,全闪/混闪阵列,OceanStor,storage-array,DS,,https://e.huawei.com,,,,todo,,
huawei-oceanstor,Huawei OceanStor,6-存储系统与数据管理,全闪/混闪阵列,OceanProtect X9000,storage-array,DS,,https://e.huawei.com,,,,todo,,
huawei-oceanstor,Huawei OceanStor,6-存储系统与数据管理,全闪/混闪阵列,line,storage-array,BR,,https://e.huawei.com,,,,todo,,
huawei-oceanstor,Huawei OceanStor,6-存储系统与数据管理,全闪/混闪阵列,line,storage-array,WEB,,https://e.huawei.com,,,,todo,,
dell,Dell,6-存储系统与数据管理,全闪/混闪阵列,PowerStore,storage-array,DS,,https://dell.com,,,,todo,,
dell,Dell,6-存储系统与数据管理,全闪/混闪阵列,5200,storage-array,DS,,https://dell.com,,,,todo,,
dell,Dell,6-存储系统与数据管理,全闪/混闪阵列,PowerMax 8500,storage-array,DS,,https://dell.com,,,,todo,,
dell,Dell,6-存储系统与数据管理,全闪/混闪阵列,PowerScale F910,storage-array,DS,,https://dell.com,,,,todo,,
dell,Dell,6-存储系统与数据管理,全闪/混闪阵列,PowerProtect DD9910,storage-array,DS,,https://dell.com,,,,todo,,
dell,Dell,6-存储系统与数据管理,全闪/混闪阵列,line,storage-array,BR,,https://dell.com,,,,todo,,
dell,Dell,6-存储系统与数据管理,全闪/混闪阵列,line,storage-array,WEB,,https://dell.com,,,,todo,,
netapp,NetApp,6-存储系统与数据管理,全闪阵列/云数据,AFF,storage-array,DS,,https://netapp.com,,,,todo,,
netapp,NetApp,6-存储系统与数据管理,全闪阵列/云数据,A1K,storage-array,DS,,https://netapp.com,,,,todo,,
netapp,NetApp,6-存储系统与数据管理,全闪阵列/云数据,FAS,storage-array,DS,,https://netapp.com,,,,todo,,
netapp,NetApp,6-存储系统与数据管理,全闪阵列/云数据,StorageGRID,storage-array,DS,,https://netapp.com,,,,todo,,
netapp,NetApp,6-存储系统与数据管理,全闪阵列/云数据,line,storage-array,BR,,https://netapp.com,,,,todo,,
netapp,NetApp,6-存储系统与数据管理,全闪阵列/云数据,line,storage-array,WEB,,https://netapp.com,,,,todo,,
pure-storage,Pure Storage,6-存储系统与数据管理,全闪阵列,FlashArray,storage-array,DS,,https://purestorage.com,,,,todo,,
pure-storage,Pure Storage,6-存储系统与数据管理,全闪阵列,XL,storage-array,DS,,https://purestorage.com,,,,todo,,
pure-storage,Pure Storage,6-存储系统与数据管理,全闪阵列,ST,storage-array,DS,,https://purestorage.com,,,,todo,,
pure-storage,Pure Storage,6-存储系统与数据管理,全闪阵列,FlashBlade,storage-array,DS,,https://purestorage.com,,,,todo,,
pure-storage,Pure Storage,6-存储系统与数据管理,全闪阵列,Evergreen,storage-array,DS,,https://purestorage.com,,,,todo,,
pure-storage,Pure Storage,6-存储系统与数据管理,全闪阵列,One,storage-array,DS,,https://purestorage.com,,,,todo,,
pure-storage,Pure Storage,6-存储系统与数据管理,全闪阵列,line,storage-array,BR,,https://purestorage.com,,,,todo,,
pure-storage,Pure Storage,6-存储系统与数据管理,全闪阵列,line,storage-array,WEB,,https://purestorage.com,,,,todo,,
hpe,HPE,6-存储系统与数据管理,全闪阵列,Alletra Storage MP B10000,storage-array,DS,,https://hpe.com,,,,todo,,
hpe,HPE,6-存储系统与数据管理,全闪阵列,X10000,storage-array,DS,,https://hpe.com,,,,todo,,
hpe,HPE,6-存储系统与数据管理,全闪阵列,StoreOnce,storage-array,DS,,https://hpe.com,,,,todo,,
hpe,HPE,6-存储系统与数据管理,全闪阵列,line,storage-array,BR,,https://hpe.com,,,,todo,,
hpe,HPE,6-存储系统与数据管理,全闪阵列,line,storage-array,WEB,,https://hpe.com,,,,todo,,
ibm,IBM,6-存储系统与数据管理,全闪/磁带,FlashSystem 9500,storage-array,DS,,https://ibm.com,,,,todo,,
ibm,IBM,6-存储系统与数据管理,全闪/磁带,Storage Scale System 6000,storage-array,DS,,https://ibm.com,,,,todo,,
ibm,IBM,6-存储系统与数据管理,全闪/磁带,TS4500,storage-array,DS,,https://ibm.com,,,,todo,,
ibm,IBM,6-存储系统与数据管理,全闪/磁带,Diamondback,storage-array,DS,,https://ibm.com,,,,todo,,
ibm,IBM,6-存储系统与数据管理,全闪/磁带,line,storage-array,BR,,https://ibm.com,,,,todo,,
ibm,IBM,6-存储系统与数据管理,全闪/磁带,line,storage-array,WEB,,https://ibm.com,,,,todo,,
hitachi-vantara,Hitachi Vantara,6-存储系统与数据管理,全闪阵列,VSP,storage-array,DS,,https://hitachivantara.com,,,,todo,,
hitachi-vantara,Hitachi Vantara,6-存储系统与数据管理,全闪阵列,File,storage-array,DS,,https://hitachivantara.com,,,,todo,,
hitachi-vantara,Hitachi Vantara,6-存储系统与数据管理,全闪阵列,line,storage-array,BR,,https://hitachivantara.com,,,,todo,,
hitachi-vantara,Hitachi Vantara,6-存储系统与数据管理,全闪阵列,line,storage-array,WEB,,https://hitachivantara.com,,,,todo,,
ieit-storage,IEIT Storage,6-存储系统与数据管理,全闪/分布式,HF,storage-array,DS,,https://ieisystem.com,,,,todo,,
ieit-storage,IEIT Storage,6-存储系统与数据管理,全闪/分布式,AS13000G7,storage-array,DS,,https://ieisystem.com,,,,todo,,
ieit-storage,IEIT Storage,6-存储系统与数据管理,全闪/分布式,line,storage-array,BR,,https://ieisystem.com,,,,todo,,
ieit-storage,IEIT Storage,6-存储系统与数据管理,全闪/分布式,line,storage-array,WEB,,https://ieisystem.com,,,,todo,,
h3c-unistor,H3C UniStor,6-存储系统与数据管理,全闪/分布式,UniStor X,storage-array,DS,,https://h3c.com,,,,todo,,
h3c-unistor,H3C UniStor,6-存储系统与数据管理,全闪/分布式,ONEStor,storage-array,DS,,https://h3c.com,,,,todo,,
h3c-unistor,H3C UniStor,6-存储系统与数据管理,全闪/分布式,line,storage-array,BR,,https://h3c.com,,,,todo,,
h3c-unistor,H3C UniStor,6-存储系统与数据管理,全闪/分布式,line,storage-array,WEB,,https://h3c.com,,,,todo,,
sugon-parastor,Sugon ParaStor,6-存储系统与数据管理,并行/分布式,ParaStor F9000,storage-array,DS,,https://sugon.com,,,,todo,,
sugon-parastor,Sugon ParaStor,6-存储系统与数据管理,并行/分布式,line,storage-array,BR,,https://sugon.com,,,,todo,,
sugon-parastor,Sugon ParaStor,6-存储系统与数据管理,并行/分布式,line,storage-array,WEB,,https://sugon.com,,,,todo,,
macrosan,MacroSAN,6-存储系统与数据管理,SAN阵列,MS7000,storage-array,DS,,https://macrosan.com,,,,todo,,
macrosan,MacroSAN,6-存储系统与数据管理,SAN阵列,MS5500,storage-array,DS,,https://macrosan.com,,,,todo,,
macrosan,MacroSAN,6-存储系统与数据管理,SAN阵列,line,storage-array,BR,,https://macrosan.com,,,,todo,,
macrosan,MacroSAN,6-存储系统与数据管理,SAN阵列,line,storage-array,WEB,,https://macrosan.com,,,,todo,,
xsky,XSKY,6-存储系统与数据管理,块/文件/对象SDS,星飞XSpeed全闪分布式,storage-array,DS,,https://xsky.com,,,,todo,,
xsky,XSKY,6-存储系统与数据管理,块/文件/对象SDS,XEDP,storage-array,DS,,https://xsky.com,,,,todo,,
xsky,XSKY,6-存储系统与数据管理,块/文件/对象SDS,line,storage-array,BR,,https://xsky.com,,,,todo,,
xsky,XSKY,6-存储系统与数据管理,块/文件/对象SDS,line,storage-array,WEB,,https://xsky.com,,,,todo,,
sandstone,SandStone,6-存储系统与数据管理,对象/超融合,MOS,storage-array,DS,,https://szsandstone.com,,,,todo,,
sandstone,SandStone,6-存储系统与数据管理,对象/超融合,USP,storage-array,DS,,https://szsandstone.com,,,,todo,,
sandstone,SandStone,6-存储系统与数据管理,对象/超融合,line,storage-array,BR,,https://szsandstone.com,,,,todo,,
sandstone,SandStone,6-存储系统与数据管理,对象/超融合,line,storage-array,WEB,,https://szsandstone.com,,,,todo,,
yanrong,YanRong,6-存储系统与数据管理,高性能文件存储,YRCloudFile,storage-array,DS,,https://yanrongyun.com,,,,todo,,
yanrong,YanRong,6-存储系统与数据管理,高性能文件存储,F9000X,storage-array,DS,,https://yanrongyun.com,,,,todo,,
yanrong,YanRong,6-存储系统与数据管理,高性能文件存储,line,storage-array,BR,,https://yanrongyun.com,,,,todo,,
yanrong,YanRong,6-存储系统与数据管理,高性能文件存储,line,storage-array,WEB,,https://yanrongyun.com,,,,todo,,
ddn,DDN,6-存储系统与数据管理,并行文件存储,EXAScaler AI400X3,storage-array,DS,,https://ddn.com,,,,todo,,
ddn,DDN,6-存储系统与数据管理,并行文件存储,Infinia 2.0,storage-array,DS,,https://ddn.com,,,,todo,,
ddn,DDN,6-存储系统与数据管理,并行文件存储,line,storage-array,BR,,https://ddn.com,,,,todo,,
ddn,DDN,6-存储系统与数据管理,并行文件存储,line,storage-array,WEB,,https://ddn.com,,,,todo,,
vast-data,VAST Data,6-存储系统与数据管理,全闪数据平台,VAST Data Platform,storage-array,DS,,https://vastdata.com,,,,todo,,
vast-data,VAST Data,6-存储系统与数据管理,全闪数据平台,line,storage-array,BR,,https://vastdata.com,,,,todo,,
vast-data,VAST Data,6-存储系统与数据管理,全闪数据平台,line,storage-array,WEB,,https://vastdata.com,,,,todo,,
weka,WEKA,6-存储系统与数据管理,并行文件存储,WEKApod,storage-array,DS,,https://weka.io,,,,todo,,
weka,WEKA,6-存储系统与数据管理,并行文件存储,WekaFS,storage-array,DS,,https://weka.io,,,,todo,,
weka,WEKA,6-存储系统与数据管理,并行文件存储,line,storage-array,BR,,https://weka.io,,,,todo,,
weka,WEKA,6-存储系统与数据管理,并行文件存储,line,storage-array,WEB,,https://weka.io,,,,todo,,
hammerspace,Hammerspace,6-存储系统与数据管理,数据编排,Global Data Platform,storage-array,DS,,https://hammerspace.com,,,,todo,,
hammerspace,Hammerspace,6-存储系统与数据管理,数据编排,line,storage-array,BR,,https://hammerspace.com,,,,todo,,
hammerspace,Hammerspace,6-存储系统与数据管理,数据编排,line,storage-array,WEB,,https://hammerspace.com,,,,todo,,
cohesity-veritas-commvault-aishu,Cohesity-Veritas / Commvault / 爱数AISHU / 鼎甲,6-存储系统与数据管理,备份软件/一体机,NetBackup Flex,storage-array,DS,,https://各家官网,,,,todo,,
cohesity-veritas-commvault-aishu,Cohesity-Veritas / Commvault / 爱数AISHU / 鼎甲,6-存储系统与数据管理,备份软件/一体机,HyperScale X,storage-array,DS,,https://各家官网,,,,todo,,
cohesity-veritas-commvault-aishu,Cohesity-Veritas / Commvault / 爱数AISHU / 鼎甲,6-存储系统与数据管理,备份软件/一体机,AnyBackup,storage-array,DS,,https://各家官网,,,,todo,,
cohesity-veritas-commvault-aishu,Cohesity-Veritas / Commvault / 爱数AISHU / 鼎甲,6-存储系统与数据管理,备份软件/一体机,line,storage-array,BR,,https://各家官网,,,,todo,,
cohesity-veritas-commvault-aishu,Cohesity-Veritas / Commvault / 爱数AISHU / 鼎甲,6-存储系统与数据管理,备份软件/一体机,line,storage-array,WEB,,https://各家官网,,,,todo,,
ibm-quantum-spectralogic,IBM / Quantum / SpectraLogic,6-存储系统与数据管理,磁带库,TS4500,storage-array,DS,,https://各家官网,,,,todo,,
ibm-quantum-spectralogic,IBM / Quantum / SpectraLogic,6-存储系统与数据管理,磁带库,Scalar i6000,storage-array,DS,,https://各家官网,,,,todo,,
ibm-quantum-spectralogic,IBM / Quantum / SpectraLogic,6-存储系统与数据管理,磁带库,TFinity,storage-array,DS,,https://各家官网,,,,todo,,
ibm-quantum-spectralogic,IBM / Quantum / SpectraLogic,6-存储系统与数据管理,磁带库,LTO-9,storage-array,DS,,https://各家官网,,,,todo,,
ibm-quantum-spectralogic,IBM / Quantum / SpectraLogic,6-存储系统与数据管理,磁带库,10,storage-array,DS,,https://各家官网,,,,todo,,
ibm-quantum-spectralogic,IBM / Quantum / SpectraLogic,6-存储系统与数据管理,磁带库,line,storage-array,BR,,https://各家官网,,,,todo,,
ibm-quantum-spectralogic,IBM / Quantum / SpectraLogic,6-存储系统与数据管理,磁带库,line,storage-array,WEB,,https://各家官网,,,,todo,,
minio-cloudian-ceph,MinIO(AIStor) / Cloudian / Ceph生态,6-存储系统与数据管理,S3兼容对象存储,AIStor,storage-array,DS,,https://min.io,,,,todo,,
minio-cloudian-ceph,MinIO(AIStor) / Cloudian / Ceph生态,6-存储系统与数据管理,S3兼容对象存储,HyperStore,storage-array,DS,,https://min.io,,,,todo,,
minio-cloudian-ceph,MinIO(AIStor) / Cloudian / Ceph生态,6-存储系统与数据管理,S3兼容对象存储,line,storage-array,BR,,https://min.io,,,,todo,,
minio-cloudian-ceph,MinIO(AIStor) / Cloudian / Ceph生态,6-存储系统与数据管理,S3兼容对象存储,line,storage-array,WEB,,https://min.io,,,,todo,,
broadcom,Broadcom,7-网络与光互联,数据中心交换芯片,Tomahawk 6,switch-asic,DS,,https://broadcom.com,,,,todo,,
broadcom,Broadcom,7-网络与光互联,数据中心交换芯片,Tomahawk,switch-asic,DS,,https://broadcom.com,,,,todo,,
broadcom,Broadcom,7-网络与光互联,数据中心交换芯片,Jericho3-AI,switch-asic,DS,,https://broadcom.com,,,,todo,,
broadcom,Broadcom,7-网络与光互联,数据中心交换芯片,Ramon,switch-asic,DS,,https://broadcom.com,,,,todo,,
broadcom,Broadcom,7-网络与光互联,数据中心交换芯片,Thor2 400G,switch-asic,DS,,https://broadcom.com,,,,todo,,
broadcom,Broadcom,7-网络与光互联,数据中心交换芯片,Bailly CPO,switch-asic,DS,,https://broadcom.com,,,,todo,,
broadcom,Broadcom,7-网络与光互联,数据中心交换芯片,line,switch-asic,BR,,https://broadcom.com,,,,todo,,
broadcom,Broadcom,7-网络与光互联,数据中心交换芯片,line,switch-asic,WEB,,https://broadcom.com,,,,todo,,
marvell,Marvell,7-网络与光互联,数据中心交换芯片,Teralynx 10,switch-asic,DS,,https://marvell.com,,,,todo,,
marvell,Marvell,7-网络与光互联,数据中心交换芯片,定制ASIC,switch-asic,DS,,https://marvell.com,,,,todo,,
marvell,Marvell,7-网络与光互联,数据中心交换芯片,Alaska PHY,switch-asic,DS,,https://marvell.com,,,,todo,,
marvell,Marvell,7-网络与光互联,数据中心交换芯片,光DSP,switch-asic,DS,,https://marvell.com,,,,todo,,
marvell,Marvell,7-网络与光互联,数据中心交换芯片,line,switch-asic,BR,,https://marvell.com,,,,todo,,
marvell,Marvell,7-网络与光互联,数据中心交换芯片,line,switch-asic,WEB,,https://marvell.com,,,,todo,,
centec,Centec,7-网络与光互联,国产交换芯片,TsingMa.MX,switch-asic,DS,,https://centec.com,,,,todo,,
centec,Centec,7-网络与光互联,国产交换芯片,line,switch-asic,BR,,https://centec.com,,,,todo,,
centec,Centec,7-网络与光互联,国产交换芯片,line,switch-asic,WEB,,https://centec.com,,,,todo,,
nvidia-networking,NVIDIA Networking,7-网络与光互联,IB/以太AI网络,Quantum-2 QM9700,network-switch,DS,,https://nvidia.com,,,,todo,,
nvidia-networking,NVIDIA Networking,7-网络与光互联,IB/以太AI网络,Quantum-X800,network-switch,DS,,https://nvidia.com,,,,todo,,
nvidia-networking,NVIDIA Networking,7-网络与光互联,IB/以太AI网络,Spectrum-4 SN5600,network-switch,DS,,https://nvidia.com,,,,todo,,
nvidia-networking,NVIDIA Networking,7-网络与光互联,IB/以太AI网络,Spectrum-X,network-switch,DS,,https://nvidia.com,,,,todo,,
nvidia-networking,NVIDIA Networking,7-网络与光互联,IB/以太AI网络,LinkX,network-switch,DS,,https://nvidia.com,,,,todo,,
nvidia-networking,NVIDIA Networking,7-网络与光互联,IB/以太AI网络,line,network-switch,BR,,https://nvidia.com,,,,todo,,
nvidia-networking,NVIDIA Networking,7-网络与光互联,IB/以太AI网络,line,network-switch,WEB,,https://nvidia.com,,,,todo,,
arista-networks,Arista Networks,7-网络与光互联,数据中心以太网,7060X6,network-switch,DS,,https://arista.com,,,,todo,,
arista-networks,Arista Networks,7-网络与光互联,数据中心以太网,7800R4 AI Spine,network-switch,DS,,https://arista.com,,,,todo,,
arista-networks,Arista Networks,7-网络与光互联,数据中心以太网,7280R3,network-switch,DS,,https://arista.com,,,,todo,,
arista-networks,Arista Networks,7-网络与光互联,数据中心以太网,EOS,network-switch,DS,,https://arista.com,,,,todo,,
arista-networks,Arista Networks,7-网络与光互联,数据中心以太网,CloudVision,network-switch,DS,,https://arista.com,,,,todo,,
arista-networks,Arista Networks,7-网络与光互联,数据中心以太网,line,network-switch,BR,,https://arista.com,,,,todo,,
arista-networks,Arista Networks,7-网络与光互联,数据中心以太网,line,network-switch,WEB,,https://arista.com,,,,todo,,
cisco,Cisco,7-网络与光互联,数据中心以太网,Nexus 9364E-SG2,network-switch,DS,,https://cisco.com,,,,todo,,
cisco,Cisco,7-网络与光互联,数据中心以太网,8122,network-switch,DS,,https://cisco.com,,,,todo,,
cisco,Cisco,7-网络与光互联,数据中心以太网,Nexus Dashboard,network-switch,DS,,https://cisco.com,,,,todo,,
cisco,Cisco,7-网络与光互联,数据中心以太网,line,network-switch,BR,,https://cisco.com,,,,todo,,
cisco,Cisco,7-网络与光互联,数据中心以太网,line,network-switch,WEB,,https://cisco.com,,,,todo,,
juniper,Juniper (HPE),7-网络与光互联,数据中心以太网,QFX5240-64OD,network-switch,DS,,https://juniper.net,,,,todo,,
juniper,Juniper (HPE),7-网络与光互联,数据中心以太网,PTX,network-switch,DS,,https://juniper.net,,,,todo,,
juniper,Juniper (HPE),7-网络与光互联,数据中心以太网,Apstra,network-switch,DS,,https://juniper.net,,,,todo,,
juniper,Juniper (HPE),7-网络与光互联,数据中心以太网,line,network-switch,BR,,https://juniper.net,,,,todo,,
juniper,Juniper (HPE),7-网络与光互联,数据中心以太网,line,network-switch,WEB,,https://juniper.net,,,,todo,,
huawei-cloudengine,Huawei CloudEngine,7-网络与光互联,数据中心以太网,CloudEngine XH16800,network-switch,DS,,https://e.huawei.com,,,,todo,,
huawei-cloudengine,Huawei CloudEngine,7-网络与光互联,数据中心以太网,CE9860,network-switch,DS,,https://e.huawei.com,,,,todo,,
huawei-cloudengine,Huawei CloudEngine,7-网络与光互联,数据中心以太网,CE8850,network-switch,DS,,https://e.huawei.com,,,,todo,,
huawei-cloudengine,Huawei CloudEngine,7-网络与光互联,数据中心以太网,iMaster NCE,network-switch,DS,,https://e.huawei.com,,,,todo,,
huawei-cloudengine,Huawei CloudEngine,7-网络与光互联,数据中心以太网,line,network-switch,BR,,https://e.huawei.com,,,,todo,,
huawei-cloudengine,Huawei CloudEngine,7-网络与光互联,数据中心以太网,line,network-switch,WEB,,https://e.huawei.com,,,,todo,,
h3c,H3C,7-网络与光互联,数据中心以太网,S12500AI,network-switch,DS,,https://h3c.com,,,,todo,,
h3c,H3C,7-网络与光互联,数据中心以太网,S9827,network-switch,DS,,https://h3c.com,,,,todo,,
h3c,H3C,7-网络与光互联,数据中心以太网,SeerFabric,network-switch,DS,,https://h3c.com,,,,todo,,
h3c,H3C,7-网络与光互联,数据中心以太网,line,network-switch,BR,,https://h3c.com,,,,todo,,
h3c,H3C,7-网络与光互联,数据中心以太网,line,network-switch,WEB,,https://h3c.com,,,,todo,,
ruijie,Ruijie,7-网络与光互联,无损以太/AI网络,RG-S6980-64QC,network-switch,DS,,https://ruijie.com.cn,,,,todo,,
ruijie,Ruijie,7-网络与光互联,无损以太/AI网络,AI-FlexiForce,network-switch,DS,,https://ruijie.com.cn,,,,todo,,
ruijie,Ruijie,7-网络与光互联,无损以太/AI网络,line,network-switch,BR,,https://ruijie.com.cn,,,,todo,,
ruijie,Ruijie,7-网络与光互联,无损以太/AI网络,line,network-switch,WEB,,https://ruijie.com.cn,,,,todo,,
zte,ZTE,7-网络与光互联,数据中心以太网,ZXR10 9900,network-switch,DS,,https://zte.com.cn,,,,todo,,
zte,ZTE,7-网络与光互联,数据中心以太网,line,network-switch,BR,,https://zte.com.cn,,,,todo,,
zte,ZTE,7-网络与光互联,数据中心以太网,line,network-switch,WEB,,https://zte.com.cn,,,,todo,,
celestica-edgecore-ufispace,Celestica / Edgecore(Accton) / UfiSpace,7-网络与光互联,白盒/开放网络,DS4000,network-switch,DS,,https://celestica.com,,,,todo,,
celestica-edgecore-ufispace,Celestica / Edgecore(Accton) / UfiSpace,7-网络与光互联,白盒/开放网络,DS5000,network-switch,DS,,https://celestica.com,,,,todo,,
celestica-edgecore-ufispace,Celestica / Edgecore(Accton) / UfiSpace,7-网络与光互联,白盒/开放网络,AIS800,network-switch,DS,,https://celestica.com,,,,todo,,
celestica-edgecore-ufispace,Celestica / Edgecore(Accton) / UfiSpace,7-网络与光互联,白盒/开放网络,SONiC,network-switch,DS,,https://celestica.com,,,,todo,,
celestica-edgecore-ufispace,Celestica / Edgecore(Accton) / UfiSpace,7-网络与光互联,白盒/开放网络,line,network-switch,BR,,https://celestica.com,,,,todo,,
celestica-edgecore-ufispace,Celestica / Edgecore(Accton) / UfiSpace,7-网络与光互联,白盒/开放网络,line,network-switch,WEB,,https://celestica.com,,,,todo,,
nvidia,NVIDIA,7-网络与光互联,SuperNIC/DPU,ConnectX-7,nic,DS,,https://nvidia.com,,,,todo,,
nvidia,NVIDIA,7-网络与光互联,SuperNIC/DPU,ConnectX-8,nic,DS,,https://nvidia.com,,,,todo,,
nvidia,NVIDIA,7-网络与光互联,SuperNIC/DPU,BlueField-3,nic,DS,,https://nvidia.com,,,,todo,,
nvidia,NVIDIA,7-网络与光互联,SuperNIC/DPU,line,nic,BR,,https://nvidia.com,,,,todo,,
nvidia,NVIDIA,7-网络与光互联,SuperNIC/DPU,line,nic,WEB,,https://nvidia.com,,,,todo,,
amd-pensando,AMD Pensando,7-网络与光互联,AI网卡/DPU,Pollara 400,nic,DS,,https://amd.com,,,,todo,,
amd-pensando,AMD Pensando,7-网络与光互联,AI网卡/DPU,Salina DPU,nic,DS,,https://amd.com,,,,todo,,
amd-pensando,AMD Pensando,7-网络与光互联,AI网卡/DPU,line,nic,BR,,https://amd.com,,,,todo,,
amd-pensando,AMD Pensando,7-网络与光互联,AI网卡/DPU,line,nic,WEB,,https://amd.com,,,,todo,,
intel-ethernet,Intel Ethernet,7-网络与光互联,标准网卡,E810,nic,DS,,https://intel.com,,,,todo,,
intel-ethernet,Intel Ethernet,7-网络与光互联,标准网卡,E830,nic,DS,,https://intel.com,,,,todo,,
intel-ethernet,Intel Ethernet,7-网络与光互联,标准网卡,IPU E2100,nic,DS,,https://intel.com,,,,todo,,
intel-ethernet,Intel Ethernet,7-网络与光互联,标准网卡,line,nic,BR,,https://intel.com,,,,todo,,
intel-ethernet,Intel Ethernet,7-网络与光互联,标准网卡,line,nic,WEB,,https://intel.com,,,,todo,,
cn-dpu-group,中科驭数 / 云豹智能 / 大禹智芯,7-网络与光互联,国产DPU,K2 Pro,nic,DS,,https://yusur.tech,,,,todo,,
cn-dpu-group,中科驭数 / 云豹智能 / 大禹智芯,7-网络与光互联,国产DPU,line,nic,BR,,https://yusur.tech,,,,todo,,
cn-dpu-group,中科驭数 / 云豹智能 / 大禹智芯,7-网络与光互联,国产DPU,line,nic,WEB,,https://yusur.tech,,,,todo,,
innolight,Innolight,7-网络与光互联,800G/1.6T光模块,800G,optics,DS,,https://innolight.com,,,,todo,,
innolight,Innolight,7-网络与光互联,800G/1.6T光模块,2×FR4,optics,DS,,https://innolight.com,,,,todo,,
innolight,Innolight,7-网络与光互联,800G/1.6T光模块,1.6T OSFP-XD,optics,DS,,https://innolight.com,,,,todo,,
innolight,Innolight,7-网络与光互联,800G/1.6T光模块,LPO,optics,DS,,https://innolight.com,,,,todo,,
innolight,Innolight,7-网络与光互联,800G/1.6T光模块,line,optics,BR,,https://innolight.com,,,,todo,,
innolight,Innolight,7-网络与光互联,800G/1.6T光模块,line,optics,WEB,,https://innolight.com,,,,todo,,
eoptolink,Eoptolink,7-网络与光互联,800G/1.6T光模块,800G,optics,DS,,https://eoptolink.com,,,,todo,,
eoptolink,Eoptolink,7-网络与光互联,800G/1.6T光模块,1.6T,optics,DS,,https://eoptolink.com,,,,todo,,
eoptolink,Eoptolink,7-网络与光互联,800G/1.6T光模块,LPO,optics,DS,,https://eoptolink.com,,,,todo,,
eoptolink,Eoptolink,7-网络与光互联,800G/1.6T光模块,LRO,optics,DS,,https://eoptolink.com,,,,todo,,
eoptolink,Eoptolink,7-网络与光互联,800G/1.6T光模块,line,optics,BR,,https://eoptolink.com,,,,todo,,
eoptolink,Eoptolink,7-网络与光互联,800G/1.6T光模块,line,optics,WEB,,https://eoptolink.com,,,,todo,,
coherent,Coherent,7-网络与光互联,光模块与器件,800G Datacom,optics,DS,,https://coherent.com,,,,todo,,
coherent,Coherent,7-网络与光互联,光模块与器件,1.6T,optics,DS,,https://coherent.com,,,,todo,,
coherent,Coherent,7-网络与光互联,光模块与器件,VCSEL,optics,DS,,https://coherent.com,,,,todo,,
coherent,Coherent,7-网络与光互联,光模块与器件,EML,optics,DS,,https://coherent.com,,,,todo,,
coherent,Coherent,7-网络与光互联,光模块与器件,800ZR,optics,DS,,https://coherent.com,,,,todo,,
coherent,Coherent,7-网络与光互联,光模块与器件,line,optics,BR,,https://coherent.com,,,,todo,,
coherent,Coherent,7-网络与光互联,光模块与器件,line,optics,WEB,,https://coherent.com,,,,todo,,
accelink,Accelink,7-网络与光互联,光模块,400G,optics,DS,,https://accelink.com,,,,todo,,
accelink,Accelink,7-网络与光互联,光模块,800G,optics,DS,,https://accelink.com,,,,todo,,
accelink,Accelink,7-网络与光互联,光模块,line,optics,BR,,https://accelink.com,,,,todo,,
accelink,Accelink,7-网络与光互联,光模块,line,optics,WEB,,https://accelink.com,,,,todo,,
hg-genuine,HG Genuine,7-网络与光互联,光模块,800G,optics,DS,,https://hggenuine.com,,,,todo,,
hg-genuine,HG Genuine,7-网络与光互联,光模块,line,optics,BR,,https://hggenuine.com,,,,todo,,
hg-genuine,HG Genuine,7-网络与光互联,光模块,line,optics,WEB,,https://hggenuine.com,,,,todo,,
cn-optics-group,索尔思 / 海信宽带 / 剑桥科技 / 铭普,7-网络与光互联,其他光模块厂,400G,optics,DS,,https://各家官网,,,,todo,,
cn-optics-group,索尔思 / 海信宽带 / 剑桥科技 / 铭普,7-网络与光互联,其他光模块厂,800G,optics,DS,,https://各家官网,,,,todo,,
cn-optics-group,索尔思 / 海信宽带 / 剑桥科技 / 铭普,7-网络与光互联,其他光模块厂,line,optics,BR,,https://各家官网,,,,todo,,
cn-optics-group,索尔思 / 海信宽带 / 剑桥科技 / 铭普,7-网络与光互联,其他光模块厂,line,optics,WEB,,https://各家官网,,,,todo,,
tfc-optics,TFC Optics,7-网络与光互联,无源器件与光引擎,FAU,optics,DS,,https://tfcoptics.com,,,,todo,,
tfc-optics,TFC Optics,7-网络与光互联,无源器件与光引擎,CPO,optics,DS,,https://tfcoptics.com,,,,todo,,
tfc-optics,TFC Optics,7-网络与光互联,无源器件与光引擎,line,optics,BR,,https://tfcoptics.com,,,,todo,,
tfc-optics,TFC Optics,7-网络与光互联,无源器件与光引擎,line,optics,WEB,,https://tfcoptics.com,,,,todo,,
lumentum,Lumentum / 源杰科技,7-网络与光互联,激光器芯片,EML,optics,DS,,https://lumentum.com,,,,todo,,
lumentum,Lumentum / 源杰科技,7-网络与光互联,激光器芯片,CW,optics,DS,,https://lumentum.com,,,,todo,,
lumentum,Lumentum / 源杰科技,7-网络与光互联,激光器芯片,100G PAM4 EML,optics,DS,,https://lumentum.com,,,,todo,,
lumentum,Lumentum / 源杰科技,7-网络与光互联,激光器芯片,line,optics,BR,,https://lumentum.com,,,,todo,,
lumentum,Lumentum / 源杰科技,7-网络与光互联,激光器芯片,line,optics,WEB,,https://lumentum.com,,,,todo,,
credo,Credo,7-网络与光互联,AEC有源电缆,HiWire AEC,copper-interconnect,DS,,https://credosemi.com,,,,todo,,
credo,Credo,7-网络与光互联,AEC有源电缆,PCIe AEC,copper-interconnect,DS,,https://credosemi.com,,,,todo,,
credo,Credo,7-网络与光互联,AEC有源电缆,光DSP,copper-interconnect,DS,,https://credosemi.com,,,,todo,,
credo,Credo,7-网络与光互联,AEC有源电缆,line,copper-interconnect,BR,,https://credosemi.com,,,,todo,,
credo,Credo,7-网络与光互联,AEC有源电缆,line,copper-interconnect,WEB,,https://credosemi.com,,,,todo,,
amphenol-luxshare-molex-te-connectivity,安费诺Amphenol / 立讯精密Luxshare / Molex / TE Connectivity,7-网络与光互联,DAC/连接器/背板,OverPass,copper-interconnect,DS,,https://amphenol-cs.com,,,,todo,,
amphenol-luxshare-molex-te-connectivity,安费诺Amphenol / 立讯精密Luxshare / Molex / TE Connectivity,7-网络与光互联,DAC/连接器/背板,ExaMAX,copper-interconnect,DS,,https://amphenol-cs.com,,,,todo,,
amphenol-luxshare-molex-te-connectivity,安费诺Amphenol / 立讯精密Luxshare / Molex / TE Connectivity,7-网络与光互联,DAC/连接器/背板,224G,copper-interconnect,DS,,https://amphenol-cs.com,,,,todo,,
amphenol-luxshare-molex-te-connectivity,安费诺Amphenol / 立讯精密Luxshare / Molex / TE Connectivity,7-网络与光互联,DAC/连接器/背板,OSFP,copper-interconnect,DS,,https://amphenol-cs.com,,,,todo,,
amphenol-luxshare-molex-te-connectivity,安费诺Amphenol / 立讯精密Luxshare / Molex / TE Connectivity,7-网络与光互联,DAC/连接器/背板,ACC,copper-interconnect,DS,,https://amphenol-cs.com,,,,todo,,
amphenol-luxshare-molex-te-connectivity,安费诺Amphenol / 立讯精密Luxshare / Molex / TE Connectivity,7-网络与光互联,DAC/连接器/背板,NVL,copper-interconnect,DS,,https://amphenol-cs.com,,,,todo,,
amphenol-luxshare-molex-te-connectivity,安费诺Amphenol / 立讯精密Luxshare / Molex / TE Connectivity,7-网络与光互联,DAC/连接器/背板,line,copper-interconnect,BR,,https://amphenol-cs.com,,,,todo,,
amphenol-luxshare-molex-te-connectivity,安费诺Amphenol / 立讯精密Luxshare / Molex / TE Connectivity,7-网络与光互联,DAC/连接器/背板,line,copper-interconnect,WEB,,https://amphenol-cs.com,,,,todo,,
vertiv,Vertiv,8-供配电,大功率UPS/HVDC,Liebert EXL S1,ups,DS,,https://vertiv.com,,,,todo,,
vertiv,Vertiv,8-供配电,大功率UPS/HVDC,APM2,ups,DS,,https://vertiv.com,,,,todo,,
vertiv,Vertiv,8-供配电,大功率UPS/HVDC,Trinergy,ups,DS,,https://vertiv.com,,,,todo,,
vertiv,Vertiv,8-供配电,大功率UPS/HVDC,NetSure HVDC,ups,DS,,https://vertiv.com,,,,todo,,
vertiv,Vertiv,8-供配电,大功率UPS/HVDC,PowerDirect Rack,ups,DS,,https://vertiv.com,,,,todo,,
vertiv,Vertiv,8-供配电,大功率UPS/HVDC,DynaFlex BESS,ups,DS,,https://vertiv.com,,,,todo,,
vertiv,Vertiv,8-供配电,大功率UPS/HVDC,line,ups,BR,,https://vertiv.com,,,,todo,,
vertiv,Vertiv,8-供配电,大功率UPS/HVDC,line,ups,WEB,,https://vertiv.com,,,,todo,,
schneider-electric-apc,Schneider Electric / APC,8-供配电,大功率UPS/微模块,Galaxy,modular-dc,DS,,https://se.com,,,,todo,,
schneider-electric-apc,Schneider Electric / APC,8-供配电,大功率UPS/微模块,VL,modular-dc,DS,,https://se.com,,,,todo,,
schneider-electric-apc,Schneider Electric / APC,8-供配电,大功率UPS/微模块,EcoStruxure Pod,modular-dc,DS,,https://se.com,,,,todo,,
schneider-electric-apc,Schneider Electric / APC,8-供配电,大功率UPS/微模块,NetShelter rPDU Advanced,modular-dc,DS,,https://se.com,,,,todo,,
schneider-electric-apc,Schneider Electric / APC,8-供配电,大功率UPS/微模块,EPMS,modular-dc,DS,,https://se.com,,,,todo,,
schneider-electric-apc,Schneider Electric / APC,8-供配电,大功率UPS/微模块,line,modular-dc,BR,,https://se.com,,,,todo,,
schneider-electric-apc,Schneider Electric / APC,8-供配电,大功率UPS/微模块,line,modular-dc,WEB,,https://se.com,,,,todo,,
eaton,Eaton,8-供配电,大功率UPS,Power Xpert 9395XR,ups,DS,,https://eaton.com,,,,todo,,
eaton,Eaton,8-供配电,大功率UPS,93PM G2,ups,DS,,https://eaton.com,,,,todo,,
eaton,Eaton,8-供配电,大功率UPS,Rack PDU G4,ups,DS,,https://eaton.com,,,,todo,,
eaton,Eaton,8-供配电,大功率UPS,xStorage,ups,DS,,https://eaton.com,,,,todo,,
eaton,Eaton,8-供配电,大功率UPS,line,ups,BR,,https://eaton.com,,,,todo,,
eaton,Eaton,8-供配电,大功率UPS,line,ups,WEB,,https://eaton.com,,,,todo,,
abb,ABB,8-供配电,中压UPS/配电,HiPerGuard,ups,DS,,https://abb.com,,,,todo,,
abb,ABB,8-供配电,中压UPS/配电,MegaFlex DPA,ups,DS,,https://abb.com,,,,todo,,
abb,ABB,8-供配电,中压UPS/配电,line,ups,BR,,https://abb.com,,,,todo,,
abb,ABB,8-供配电,中压UPS/配电,line,ups,WEB,,https://abb.com,,,,todo,,
siemens,Siemens,8-供配电,配电与低压柜,Sivacon,ups,DS,,https://siemens.com,,,,todo,,
siemens,Siemens,8-供配电,配电与低压柜,Sentron,ups,DS,,https://siemens.com,,,,todo,,
siemens,Siemens,8-供配电,配电与低压柜,中压GIS,ups,DS,,https://siemens.com,,,,todo,,
siemens,Siemens,8-供配电,配电与低压柜,line,ups,BR,,https://siemens.com,,,,todo,,
siemens,Siemens,8-供配电,配电与低压柜,line,ups,WEB,,https://siemens.com,,,,todo,,
delta-electronics,Delta Electronics,8-供配电,UPS/HVDC/ORv3电源,Modulon DPH G2,ups,DS,,https://deltaww.com,,,,todo,,
delta-electronics,Delta Electronics,8-供配电,UPS/HVDC/ORv3电源,HVDC,ups,DS,,https://deltaww.com,,,,todo,,
delta-electronics,Delta Electronics,8-供配电,UPS/HVDC/ORv3电源,ORv3 Power Shelf,ups,DS,,https://deltaww.com,,,,todo,,
delta-electronics,Delta Electronics,8-供配电,UPS/HVDC/ORv3电源,line,ups,BR,,https://deltaww.com,,,,todo,,
delta-electronics,Delta Electronics,8-供配电,UPS/HVDC/ORv3电源,line,ups,WEB,,https://deltaww.com,,,,todo,,
huawei-digital-power,Huawei Digital Power,8-供配电,全链路电力/锂电,FusionPower9000,ups,DS,,https://digitalpower.huawei.com,,,,todo,,
huawei-digital-power,Huawei Digital Power,8-供配电,全链路电力/锂电,PowerPOD 3.0,ups,DS,,https://digitalpower.huawei.com,,,,todo,,
huawei-digital-power,Huawei Digital Power,8-供配电,全链路电力/锂电,SmartLi,ups,DS,,https://digitalpower.huawei.com,,,,todo,,
huawei-digital-power,Huawei Digital Power,8-供配电,全链路电力/锂电,FusionModule,ups,DS,,https://digitalpower.huawei.com,,,,todo,,
huawei-digital-power,Huawei Digital Power,8-供配电,全链路电力/锂电,line,ups,BR,,https://digitalpower.huawei.com,,,,todo,,
huawei-digital-power,Huawei Digital Power,8-供配电,全链路电力/锂电,line,ups,WEB,,https://digitalpower.huawei.com,,,,todo,,
kehua,Kehua,8-供配电,UPS/微模块,精卫系列UPS,modular-dc,DS,,https://kehua.com,,,,todo,,
kehua,Kehua,8-供配电,UPS/微模块,WiseMDC,modular-dc,DS,,https://kehua.com,,,,todo,,
kehua,Kehua,8-供配电,UPS/微模块,HVDC,modular-dc,DS,,https://kehua.com,,,,todo,,
kehua,Kehua,8-供配电,UPS/微模块,line,modular-dc,BR,,https://kehua.com,,,,todo,,
kehua,Kehua,8-供配电,UPS/微模块,line,modular-dc,WEB,,https://kehua.com,,,,todo,,
kstar,Kstar,8-供配电,UPS/微模块,UPS,modular-dc,DS,,https://kstar.com,,,,todo,,
kstar,Kstar,8-供配电,UPS/微模块,HVDC,modular-dc,DS,,https://kstar.com,,,,todo,,
kstar,Kstar,8-供配电,UPS/微模块,line,modular-dc,BR,,https://kstar.com,,,,todo,,
kstar,Kstar,8-供配电,UPS/微模块,line,modular-dc,WEB,,https://kstar.com,,,,todo,,
zhongheng-electric,Zhongheng Electric,8-供配电,HVDC/巴拿马电源,240V HVDC,power-dist,DS,,https://zhonghen.com,,,,todo,,
zhongheng-electric,Zhongheng Electric,8-供配电,HVDC/巴拿马电源,336V,power-dist,DS,,https://zhonghen.com,,,,todo,,
zhongheng-electric,Zhongheng Electric,8-供配电,HVDC/巴拿马电源,line,power-dist,BR,,https://zhonghen.com,,,,todo,,
zhongheng-electric,Zhongheng Electric,8-供配电,HVDC/巴拿马电源,line,power-dist,WEB,,https://zhonghen.com,,,,todo,,
east,EAST,8-供配电,UPS,EA,ups,DS,,https://eastups.com,,,,todo,,
east,EAST,8-供配电,UPS,line,ups,BR,,https://eastups.com,,,,todo,,
east,EAST,8-供配电,UPS,line,ups,WEB,,https://eastups.com,,,,todo,,
liteon-advanced-energy,台达 / 光宝LiteOn / 群光电能 / Advanced Energy / 麦格米特 / 欧陆通,8-供配电,PSU/电源架,CRPS,power-shelf,DS,,https://各家官网,,,,todo,,
liteon-advanced-energy,台达 / 光宝LiteOn / 群光电能 / Advanced Energy / 麦格米特 / 欧陆通,8-供配电,PSU/电源架,ORv3 Power Shelf,power-shelf,DS,,https://各家官网,,,,todo,,
liteon-advanced-energy,台达 / 光宝LiteOn / 群光电能 / Advanced Energy / 麦格米特 / 欧陆通,8-供配电,PSU/电源架,GPU,power-shelf,DS,,https://各家官网,,,,todo,,
liteon-advanced-energy,台达 / 光宝LiteOn / 群光电能 / Advanced Energy / 麦格米特 / 欧陆通,8-供配电,PSU/电源架,line,power-shelf,BR,,https://各家官网,,,,todo,,
liteon-advanced-energy,台达 / 光宝LiteOn / 群光电能 / Advanced Energy / 麦格米特 / 欧陆通,8-供配电,PSU/电源架,line,power-shelf,WEB,,https://各家官网,,,,todo,,
smartli-vertiv,华为SmartLi / Vertiv / 宁德时代 / 双登 / 南都电源,8-供配电,机架BBU/锂电柜,SmartLi,power-shelf,DS,,https://各家官网,,,,todo,,
smartli-vertiv,华为SmartLi / Vertiv / 宁德时代 / 双登 / 南都电源,8-供配电,机架BBU/锂电柜,DynaFlex,power-shelf,DS,,https://各家官网,,,,todo,,
smartli-vertiv,华为SmartLi / Vertiv / 宁德时代 / 双登 / 南都电源,8-供配电,机架BBU/锂电柜,ORv3 BBU,power-shelf,DS,,https://各家官网,,,,todo,,
smartli-vertiv,华为SmartLi / Vertiv / 宁德时代 / 双登 / 南都电源,8-供配电,机架BBU/锂电柜,line,power-shelf,BR,,https://各家官网,,,,todo,,
smartli-vertiv,华为SmartLi / Vertiv / 宁德时代 / 双登 / 南都电源,8-供配电,机架BBU/锂电柜,line,power-shelf,WEB,,https://各家官网,,,,todo,,
caterpillar,Caterpillar,8-供配电,大功率柴发,C175-20,backup-power,DS,,https://cat.com,,,,todo,,
caterpillar,Caterpillar,8-供配电,大功率柴发,3516E,backup-power,DS,,https://cat.com,,,,todo,,
caterpillar,Caterpillar,8-供配电,大功率柴发,line,backup-power,BR,,https://cat.com,,,,todo,,
caterpillar,Caterpillar,8-供配电,大功率柴发,line,backup-power,WEB,,https://cat.com,,,,todo,,
cummins,Cummins,8-供配电,大功率柴发,QSK95,backup-power,DS,,https://cummins.com,,,,todo,,
cummins,Cummins,8-供配电,大功率柴发,Centum,backup-power,DS,,https://cummins.com,,,,todo,,
cummins,Cummins,8-供配电,大功率柴发,line,backup-power,BR,,https://cummins.com,,,,todo,,
cummins,Cummins,8-供配电,大功率柴发,line,backup-power,WEB,,https://cummins.com,,,,todo,,
rolls-royce-mtu-kohler,Rolls-Royce mtu / Kohler / 三菱重工,8-供配电,大功率柴发,mtu Series 4000,backup-power,DS,,https://mtu-solutions.com,,,,todo,,
rolls-royce-mtu-kohler,Rolls-Royce mtu / Kohler / 三菱重工,8-供配电,大功率柴发,line,backup-power,BR,,https://mtu-solutions.com,,,,todo,,
rolls-royce-mtu-kohler,Rolls-Royce mtu / Kohler / 三菱重工,8-供配电,大功率柴发,line,backup-power,WEB,,https://mtu-solutions.com,,,,todo,,
cn-genset-group,潍柴 / 玉柴 / 科泰电源,8-供配电,国产柴发,潍柴博杜安M33等,backup-power,DS,,https://各家官网,,,,todo,,
cn-genset-group,潍柴 / 玉柴 / 科泰电源,8-供配电,国产柴发,line,backup-power,BR,,https://各家官网,,,,todo,,
cn-genset-group,潍柴 / 玉柴 / 科泰电源,8-供配电,国产柴发,line,backup-power,WEB,,https://各家官网,,,,todo,,
cn-dry-transformer-group,金盘科技 / 特锐德 / 白云电器,8-供配电,干变/预制电力模块,line,substation,BR,,https://各家官网,,,,todo,,
cn-dry-transformer-group,金盘科技 / 特锐德 / 白云电器,8-供配电,干变/预制电力模块,line,substation,WEB,,https://各家官网,,,,todo,,
ge-vernova-siemens-energy-mitsubishi-power,GE Vernova / Siemens Energy / Mitsubishi Power,8-供配电,燃气轮机,LM2500XPRESS,prime-power,DS,,https://gevernova.com,,,,todo,,
ge-vernova-siemens-energy-mitsubishi-power,GE Vernova / Siemens Energy / Mitsubishi Power,8-供配电,燃气轮机,7HA,prime-power,DS,,https://gevernova.com,,,,todo,,
ge-vernova-siemens-energy-mitsubishi-power,GE Vernova / Siemens Energy / Mitsubishi Power,8-供配电,燃气轮机,SGT-800,prime-power,DS,,https://gevernova.com,,,,todo,,
ge-vernova-siemens-energy-mitsubishi-power,GE Vernova / Siemens Energy / Mitsubishi Power,8-供配电,燃气轮机,M501,prime-power,DS,,https://gevernova.com,,,,todo,,
ge-vernova-siemens-energy-mitsubishi-power,GE Vernova / Siemens Energy / Mitsubishi Power,8-供配电,燃气轮机,line,prime-power,BR,,https://gevernova.com,,,,todo,,
ge-vernova-siemens-energy-mitsubishi-power,GE Vernova / Siemens Energy / Mitsubishi Power,8-供配电,燃气轮机,line,prime-power,WEB,,https://gevernova.com,,,,todo,,
bloom-energy,Bloom Energy,8-供配电,燃料电池,Bloom,prime-power,DS,,https://bloomenergy.com,,,,todo,,
bloom-energy,Bloom Energy,8-供配电,燃料电池,line,prime-power,BR,,https://bloomenergy.com,,,,todo,,
bloom-energy,Bloom Energy,8-供配电,燃料电池,line,prime-power,WEB,,https://bloomenergy.com,,,,todo,,
hitachi-energy-siemens-energy-hyosung-ge-vernova,Hitachi Energy日立能源 / Siemens Energy / Hyosung晓星 / GE Vernova,8-供配电,大型电力变压器,line,substation,BR,,https://hitachienergy.com,,,,todo,,
hitachi-energy-siemens-energy-hyosung-ge-vernova,Hitachi Energy日立能源 / Siemens Energy / Hyosung晓星 / GE Vernova,8-供配电,大型电力变压器,line,substation,WEB,,https://hitachienergy.com,,,,todo,,
tesla-energy-catl-fluence,Tesla Energy / 阳光电源 / CATL / Fluence,8-供配电,BESS,Megapack,bess,DS,,https://各家官网,,,,todo,,
tesla-energy-catl-fluence,Tesla Energy / 阳光电源 / CATL / Fluence,8-供配电,BESS,PowerTitan,bess,DS,,https://各家官网,,,,todo,,
tesla-energy-catl-fluence,Tesla Energy / 阳光电源 / CATL / Fluence,8-供配电,BESS,EnerC,bess,DS,,https://各家官网,,,,todo,,
tesla-energy-catl-fluence,Tesla Energy / 阳光电源 / CATL / Fluence,8-供配电,BESS,line,bess,BR,,https://各家官网,,,,todo,,
tesla-energy-catl-fluence,Tesla Energy / 阳光电源 / CATL / Fluence,8-供配电,BESS,line,bess,WEB,,https://各家官网,,,,todo,,
vertiv,Vertiv,9-散热与液冷,CDU/全链条温控,Liebert XDU,cdu,DS,,https://vertiv.com,,,,todo,,
vertiv,Vertiv,9-散热与液冷,CDU/全链条温控,CoolChip CDU,cdu,DS,,https://vertiv.com,,,,todo,,
vertiv,Vertiv,9-散热与液冷,CDU/全链条温控,CoolLoop,cdu,DS,,https://vertiv.com,,,,todo,,
vertiv,Vertiv,9-散热与液冷,CDU/全链条温控,CRAH/,cdu,DS,,https://vertiv.com,,,,todo,,
vertiv,Vertiv,9-散热与液冷,CDU/全链条温控,line,cdu,BR,,https://vertiv.com,,,,todo,,
vertiv,Vertiv,9-散热与液冷,CDU/全链条温控,line,cdu,WEB,,https://vertiv.com,,,,todo,,
coolit-systems,CoolIT Systems,9-散热与液冷,冷板DLC/CDU,CHx,cdu,DS,,https://coolitsystems.com,,,,todo,,
coolit-systems,CoolIT Systems,9-散热与液冷,冷板DLC/CDU,OMNI,cdu,DS,,https://coolitsystems.com,,,,todo,,
coolit-systems,CoolIT Systems,9-散热与液冷,冷板DLC/CDU,Rack DLC,cdu,DS,,https://coolitsystems.com,,,,todo,,
coolit-systems,CoolIT Systems,9-散热与液冷,冷板DLC/CDU,line,cdu,BR,,https://coolitsystems.com,,,,todo,,
coolit-systems,CoolIT Systems,9-散热与液冷,冷板DLC/CDU,line,cdu,WEB,,https://coolitsystems.com,,,,todo,,
motivair-by-schneider,Motivair by Schneider,9-散热与液冷,CDU/后门空调,MCDU,cdu,DS,,https://motivaircorp.com,,,,todo,,
motivair-by-schneider,Motivair by Schneider,9-散热与液冷,CDU/后门空调,Dynamic,cdu,DS,,https://motivaircorp.com,,,,todo,,
motivair-by-schneider,Motivair by Schneider,9-散热与液冷,CDU/后门空调,ChilledDoor,cdu,DS,,https://motivaircorp.com,,,,todo,,
motivair-by-schneider,Motivair by Schneider,9-散热与液冷,CDU/后门空调,line,cdu,BR,,https://motivaircorp.com,,,,todo,,
motivair-by-schneider,Motivair by Schneider,9-散热与液冷,CDU/后门空调,line,cdu,WEB,,https://motivaircorp.com,,,,todo,,
boyd,Boyd,9-散热与液冷,冷板/CDU/热管理,CDU,cdu,DS,,https://boydcorp.com,,,,todo,,
boyd,Boyd,9-散热与液冷,冷板/CDU/热管理,line,cdu,BR,,https://boydcorp.com,,,,todo,,
boyd,Boyd,9-散热与液冷,冷板/CDU/热管理,line,cdu,WEB,,https://boydcorp.com,,,,todo,,
nvent,nVent,9-散热与液冷,后门/机柜级液冷,RackChiller,cdu,DS,,https://nvent.com,,,,todo,,
nvent,nVent,9-散热与液冷,后门/机柜级液冷,CDU,cdu,DS,,https://nvent.com,,,,todo,,
nvent,nVent,9-散热与液冷,后门/机柜级液冷,manifold,cdu,DS,,https://nvent.com,,,,todo,,
nvent,nVent,9-散热与液冷,后门/机柜级液冷,line,cdu,BR,,https://nvent.com,,,,todo,,
nvent,nVent,9-散热与液冷,后门/机柜级液冷,line,cdu,WEB,,https://nvent.com,,,,todo,,
liquidstack-submer-grc,LiquidStack / Submer / GRC,9-散热与液冷,浸没式液冷,DataTank,immersion,DS,,https://liquidstack.com,,,,todo,,
liquidstack-submer-grc,LiquidStack / Submer / GRC,9-散热与液冷,浸没式液冷,SmartPod,immersion,DS,,https://liquidstack.com,,,,todo,,
liquidstack-submer-grc,LiquidStack / Submer / GRC,9-散热与液冷,浸没式液冷,ICEraQ,immersion,DS,,https://liquidstack.com,,,,todo,,
liquidstack-submer-grc,LiquidStack / Submer / GRC,9-散热与液冷,浸没式液冷,line,immersion,BR,,https://liquidstack.com,,,,todo,,
liquidstack-submer-grc,LiquidStack / Submer / GRC,9-散热与液冷,浸没式液冷,line,immersion,WEB,,https://liquidstack.com,,,,todo,,
zutacore-accelsius,ZutaCore / Accelsius,9-散热与液冷,两相直触冷板,HyperCool,coldplate,DS,,https://zutacore.com,,,,todo,,
zutacore-accelsius,ZutaCore / Accelsius,9-散热与液冷,两相直触冷板,NeuCool,coldplate,DS,,https://zutacore.com,,,,todo,,
zutacore-accelsius,ZutaCore / Accelsius,9-散热与液冷,两相直触冷板,line,coldplate,BR,,https://zutacore.com,,,,todo,,
zutacore-accelsius,ZutaCore / Accelsius,9-散热与液冷,两相直触冷板,line,coldplate,WEB,,https://zutacore.com,,,,todo,,
envicool,Envicool,9-散热与液冷,全链条液冷/机房温控,Coolinside,cdu,DS,,https://envicool.com,,,,todo,,
envicool,Envicool,9-散热与液冷,全链条液冷/机房温控,XRow,cdu,DS,,https://envicool.com,,,,todo,,
envicool,Envicool,9-散热与液冷,全链条液冷/机房温控,line,cdu,BR,,https://envicool.com,,,,todo,,
envicool,Envicool,9-散热与液冷,全链条液冷/机房温控,line,cdu,WEB,,https://envicool.com,,,,todo,,
shenling,Shenling,9-散热与液冷,液冷与专用空调,液冷CDU,cdu,DS,,https://shenling.com,,,,todo,,
shenling,Shenling,9-散热与液冷,液冷与专用空调,line,cdu,BR,,https://shenling.com,,,,todo,,
shenling,Shenling,9-散热与液冷,液冷与专用空调,line,cdu,WEB,,https://shenling.com,,,,todo,,
goaland,Goaland,9-散热与液冷,冷板/浸没CDU,冷板式CDU,cdu,DS,,https://goaland.com.cn,,,,todo,,
goaland,Goaland,9-散热与液冷,冷板/浸没CDU,line,cdu,BR,,https://goaland.com.cn,,,,todo,,
goaland,Goaland,9-散热与液冷,冷板/浸没CDU,line,cdu,WEB,,https://goaland.com.cn,,,,todo,,
sugon-dcu,Sugon DCU,9-散热与液冷,浸没相变/冷板整机,C8000,immersion,DS,,https://sugon-dcu.com,,,,todo,,
sugon-dcu,Sugon DCU,9-散热与液冷,浸没相变/冷板整机,line,immersion,BR,,https://sugon-dcu.com,,,,todo,,
sugon-dcu,Sugon DCU,9-散热与液冷,浸没相变/冷板整机,line,immersion,WEB,,https://sugon-dcu.com,,,,todo,,
cn-cooling-group,同飞股份 / 佳力图 / 依米康 / 海悟,9-散热与液冷,其他国产温控,CDU,cdu,DS,,https://各家官网,,,,todo,,
cn-cooling-group,同飞股份 / 佳力图 / 依米康 / 海悟,9-散热与液冷,其他国产温控,line,cdu,BR,,https://各家官网,,,,todo,,
cn-cooling-group,同飞股份 / 佳力图 / 依米康 / 海悟,9-散热与液冷,其他国产温控,line,cdu,WEB,,https://各家官网,,,,todo,,
stulz,Stulz,9-散热与液冷,机房空调,CyberAir 3PRO,room-cooling,DS,,https://stulz.com,,,,todo,,
stulz,Stulz,9-散热与液冷,机房空调,CyberRow,room-cooling,DS,,https://stulz.com,,,,todo,,
stulz,Stulz,9-散热与液冷,机房空调,CyberCool,room-cooling,DS,,https://stulz.com,,,,todo,,
stulz,Stulz,9-散热与液冷,机房空调,line,room-cooling,BR,,https://stulz.com,,,,todo,,
stulz,Stulz,9-散热与液冷,机房空调,line,room-cooling,WEB,,https://stulz.com,,,,todo,,
munters,Munters,9-散热与液冷,间接蒸发冷却,SyCool Split,room-cooling,DS,,https://munters.com,,,,todo,,
munters,Munters,9-散热与液冷,间接蒸发冷却,Oasis,room-cooling,DS,,https://munters.com,,,,todo,,
munters,Munters,9-散热与液冷,间接蒸发冷却,line,room-cooling,BR,,https://munters.com,,,,todo,,
munters,Munters,9-散热与液冷,间接蒸发冷却,line,room-cooling,WEB,,https://munters.com,,,,todo,,
staubli-cpc-parker-danfoss,史陶比尔Staubli / CPC / Parker / Danfoss / 中航光电,9-散热与液冷,快换接头/manifold,UQD,manifold,DS,,https://staubli.com,,,,todo,,
staubli-cpc-parker-danfoss,史陶比尔Staubli / CPC / Parker / Danfoss / 中航光电,9-散热与液冷,快换接头/manifold,UQDB,manifold,DS,,https://staubli.com,,,,todo,,
staubli-cpc-parker-danfoss,史陶比尔Staubli / CPC / Parker / Danfoss / 中航光电,9-散热与液冷,快换接头/manifold,机柜manifold,manifold,DS,,https://staubli.com,,,,todo,,
staubli-cpc-parker-danfoss,史陶比尔Staubli / CPC / Parker / Danfoss / 中航光电,9-散热与液冷,快换接头/manifold,line,manifold,BR,,https://staubli.com,,,,todo,,
staubli-cpc-parker-danfoss,史陶比尔Staubli / CPC / Parker / Danfoss / 中航光电,9-散热与液冷,快换接头/manifold,line,manifold,WEB,,https://staubli.com,,,,todo,,
chemours,Chemours / 壳牌 / 埃克森美孚 / 中石化润滑油,9-散热与液冷,冷却液/工质,Opteon,coolant,DS,,https://各家官网,,,,todo,,
chemours,Chemours / 壳牌 / 埃克森美孚 / 中石化润滑油,9-散热与液冷,冷却液/工质,PG25,coolant,DS,,https://各家官网,,,,todo,,
chemours,Chemours / 壳牌 / 埃克森美孚 / 中石化润滑油,9-散热与液冷,冷却液/工质,line,coolant,BR,,https://各家官网,,,,todo,,
chemours,Chemours / 壳牌 / 埃克森美孚 / 中石化润滑油,9-散热与液冷,冷却液/工质,line,coolant,WEB,,https://各家官网,,,,todo,,
nidec-ebm-papst-avc-auras,台达 / Nidec / ebm-papst / 奇鋐AVC / 双鸿Auras,9-散热与液冷,风扇/散热模组/VC,3D VC,fan-vc,DS,,https://各家官网,,,,todo,,
nidec-ebm-papst-avc-auras,台达 / Nidec / ebm-papst / 奇鋐AVC / 双鸿Auras,9-散热与液冷,风扇/散热模组/VC,line,fan-vc,BR,,https://各家官网,,,,todo,,
nidec-ebm-papst-avc-auras,台达 / Nidec / ebm-papst / 奇鋐AVC / 双鸿Auras,9-散热与液冷,风扇/散热模组/VC,line,fan-vc,WEB,,https://各家官网,,,,todo,,
johnson-controls-trane-carrier-modine,Johnson Controls江森自控(York) / Trane特灵 / Carrier开利 / Modine(Airedale),9-散热与液冷,冷水机组/干冷器,line,heat-reject,BR,,https://johnsoncontrols.com,,,,todo,,
johnson-controls-trane-carrier-modine,Johnson Controls江森自控(York) / Trane特灵 / Carrier开利 / Modine(Airedale),9-散热与液冷,冷水机组/干冷器,line,heat-reject,WEB,,https://johnsoncontrols.com,,,,todo,,
ecolab-veolia,Ecolab(Nalco) / Veolia,9-散热与液冷,冷却水处理,line,water,BR,,https://ecolab.com,,,,todo,,
ecolab-veolia,Ecolab(Nalco) / Veolia,9-散热与液冷,冷却水处理,line,water,WEB,,https://ecolab.com,,,,todo,,
rittal,Rittal,10-机柜布线与物理设施,机柜/机柜系统,VX IT,rack-frame,DS,,https://rittal.com,,,,todo,,
rittal,Rittal,10-机柜布线与物理设施,机柜/机柜系统,RiMatrix,rack-frame,DS,,https://rittal.com,,,,todo,,
rittal,Rittal,10-机柜布线与物理设施,机柜/机柜系统,line,rack-frame,BR,,https://rittal.com,,,,todo,,
rittal,Rittal,10-机柜布线与物理设施,机柜/机柜系统,line,rack-frame,WEB,,https://rittal.com,,,,todo,,
legrand,Legrand,10-机柜布线与物理设施,机柜/PDU/母线,Minkels,rack-frame,DS,,https://legrand.com,,,,todo,,
legrand,Legrand,10-机柜布线与物理设施,机柜/PDU/母线,Starline,rack-frame,DS,,https://legrand.com,,,,todo,,
legrand,Legrand,10-机柜布线与物理设施,机柜/PDU/母线,Raritan,rack-frame,DS,,https://legrand.com,,,,todo,,
legrand,Legrand,10-机柜布线与物理设施,机柜/PDU/母线,ServerTech,rack-frame,DS,,https://legrand.com,,,,todo,,
legrand,Legrand,10-机柜布线与物理设施,机柜/PDU/母线,line,rack-frame,BR,,https://legrand.com,,,,todo,,
legrand,Legrand,10-机柜布线与物理设施,机柜/PDU/母线,line,rack-frame,WEB,,https://legrand.com,,,,todo,,
panduit,Panduit,10-机柜布线与物理设施,机柜与配线,FlexFusion,rack-frame,DS,,https://panduit.com,,,,todo,,
panduit,Panduit,10-机柜布线与物理设施,机柜与配线,智能PDU,rack-frame,DS,,https://panduit.com,,,,todo,,
panduit,Panduit,10-机柜布线与物理设施,机柜与配线,line,rack-frame,BR,,https://panduit.com,,,,todo,,
panduit,Panduit,10-机柜布线与物理设施,机柜与配线,line,rack-frame,WEB,,https://panduit.com,,,,todo,,
fusionmodule-smartaisle-ecostruxure-pod-wisemdc,华为FusionModule / 维谛SmartAisle / 施耐德EcoStruxure Pod / 科华WiseMDC,10-机柜布线与物理设施,微模块/机柜,line,modular-dc,BR,,https://见供配电表,,,,todo,,
fusionmodule-smartaisle-ecostruxure-pod-wisemdc,华为FusionModule / 维谛SmartAisle / 施耐德EcoStruxure Pod / 科华WiseMDC,10-机柜布线与物理设施,微模块/机柜,line,modular-dc,WEB,,https://见供配电表,,,,todo,,
cn-rack-group,图腾 / 一舟 / 威腾电气,10-机柜布线与物理设施,国产机柜,标准19寸机柜,rack-frame,DS,,https://各家官网,,,,todo,,
cn-rack-group,图腾 / 一舟 / 威腾电气,10-机柜布线与物理设施,国产机柜,line,rack-frame,BR,,https://各家官网,,,,todo,,
cn-rack-group,图腾 / 一舟 / 威腾电气,10-机柜布线与物理设施,国产机柜,line,rack-frame,WEB,,https://各家官网,,,,todo,,
corning,Corning,10-机柜布线与物理设施,数据中心光布线,EDGE8 Rapid Connect,cabling,DS,,https://corning.com,,,,todo,,
corning,Corning,10-机柜布线与物理设施,数据中心光布线,EDGE,cabling,DS,,https://corning.com,,,,todo,,
corning,Corning,10-机柜布线与物理设施,数据中心光布线,RocketRibbon,cabling,DS,,https://corning.com,,,,todo,,
corning,Corning,10-机柜布线与物理设施,数据中心光布线,MMC,cabling,DS,,https://corning.com,,,,todo,,
corning,Corning,10-机柜布线与物理设施,数据中心光布线,line,cabling,BR,,https://corning.com,,,,todo,,
corning,Corning,10-机柜布线与物理设施,数据中心光布线,line,cabling,WEB,,https://corning.com,,,,todo,,
commscope,CommScope,10-机柜布线与物理设施,综合布线,SYSTIMAX 2.0,cabling,DS,,https://commscope.com,,,,todo,,
commscope,CommScope,10-机柜布线与物理设施,综合布线,Propel,cabling,DS,,https://commscope.com,,,,todo,,
commscope,CommScope,10-机柜布线与物理设施,综合布线,line,cabling,BR,,https://commscope.com,,,,todo,,
commscope,CommScope,10-机柜布线与物理设施,综合布线,line,cabling,WEB,,https://commscope.com,,,,todo,,
yofc,长飞YOFC / 亨通 / 中天 / 烽火线缆,10-机柜布线与物理设施,国产光纤光缆,MPO,cabling,DS,,https://各家官网,,,,todo,,
yofc,长飞YOFC / 亨通 / 中天 / 烽火线缆,10-机柜布线与物理设施,国产光纤光缆,多模OM4/OM5,cabling,DS,,https://各家官网,,,,todo,,
yofc,长飞YOFC / 亨通 / 中天 / 烽火线缆,10-机柜布线与物理设施,国产光纤光缆,line,cabling,BR,,https://各家官网,,,,todo,,
yofc,长飞YOFC / 亨通 / 中天 / 烽火线缆,10-机柜布线与物理设施,国产光纤光缆,line,cabling,WEB,,https://各家官网,,,,todo,,
vesda,气体灭火（七氟丙烷/全氟己酮）+ VESDA极早期探测(Honeywell Xtralis),10-机柜布线与物理设施,机房消防,line,fire,BR,,https://各家官网,,,,todo,,
vesda,气体灭火（七氟丙烷/全氟己酮）+ VESDA极早期探测(Honeywell Xtralis),10-机柜布线与物理设施,机房消防,line,fire,WEB,,https://各家官网,,,,todo,,
cn-security-group,海康威视 / 大华,10-机柜布线与物理设施,视频与门禁,line,fire,BR,,https://hikvision.com,,,,todo,,
cn-security-group,海康威视 / 大华,10-机柜布线与物理设施,视频与门禁,line,fire,WEB,,https://hikvision.com,,,,todo,,
schneider-ecostruxure-it,Schneider EcoStruxure IT,11-DCIM与运维配套,DCIM平台,EcoStruxure IT,dcim,DS,,https://se.com,,,,todo,,
schneider-ecostruxure-it,Schneider EcoStruxure IT,11-DCIM与运维配套,DCIM平台,line,dcim,BR,,https://se.com,,,,todo,,
schneider-ecostruxure-it,Schneider EcoStruxure IT,11-DCIM与运维配套,DCIM平台,line,dcim,WEB,,https://se.com,,,,todo,,
vertiv-environet,Vertiv Environet,11-DCIM与运维配套,DCIM平台,Environet Alto,dcim,DS,,https://vertiv.com,,,,todo,,
vertiv-environet,Vertiv Environet,11-DCIM与运维配套,DCIM平台,line,dcim,BR,,https://vertiv.com,,,,todo,,
vertiv-environet,Vertiv Environet,11-DCIM与运维配套,DCIM平台,line,dcim,WEB,,https://vertiv.com,,,,todo,,
sunbird-dctrack-nlyte,Sunbird dcTrack / Nlyte,11-DCIM与运维配套,DCIM平台（海外）,dcTrack,dcim,DS,,https://sunbirddcim.com,,,,todo,,
sunbird-dctrack-nlyte,Sunbird dcTrack / Nlyte,11-DCIM与运维配套,DCIM平台（海外）,Nlyte,dcim,DS,,https://sunbirddcim.com,,,,todo,,
sunbird-dctrack-nlyte,Sunbird dcTrack / Nlyte,11-DCIM与运维配套,DCIM平台（海外）,line,dcim,BR,,https://sunbirddcim.com,,,,todo,,
sunbird-dctrack-nlyte,Sunbird dcTrack / Nlyte,11-DCIM与运维配套,DCIM平台（海外）,line,dcim,WEB,,https://sunbirddcim.com,,,,todo,,
neteco,华为NetEco / 共济科技 / 迈世 / 大榕树,11-DCIM与运维配套,国产DCIM/动环,NetEco,dcim,DS,,https://各家官网,,,,todo,,
neteco,华为NetEco / 共济科技 / 迈世 / 大榕树,11-DCIM与运维配套,国产DCIM/动环,line,dcim,BR,,https://各家官网,,,,todo,,
neteco,华为NetEco / 共济科技 / 迈世 / 大榕树,11-DCIM与运维配套,国产DCIM/动环,line,dcim,WEB,,https://各家官网,,,,todo,,
vertiv-avocent-legrand-raritan,Vertiv Avocent / Legrand Raritan,11-DCIM与运维配套,KVM/串口/带外,Avocent ADX,dcim,DS,,https://vertiv.com,,,,todo,,
vertiv-avocent-legrand-raritan,Vertiv Avocent / Legrand Raritan,11-DCIM与运维配套,KVM/串口/带外,Dominion KX IV,dcim,DS,,https://vertiv.com,,,,todo,,
vertiv-avocent-legrand-raritan,Vertiv Avocent / Legrand Raritan,11-DCIM与运维配套,KVM/串口/带外,line,dcim,BR,,https://vertiv.com,,,,todo,,
vertiv-avocent-legrand-raritan,Vertiv Avocent / Legrand Raritan,11-DCIM与运维配套,KVM/串口/带外,line,dcim,WEB,,https://vertiv.com,,,,todo,,
ttk-rle-nvent,TTK / RLE / nVent / 国产（周立功等）,11-DCIM与运维配套,漏液检测,line,leak-detection,BR,,https://各家官网,,,,todo,,
ttk-rle-nvent,TTK / RLE / nVent / 国产（周立功等）,11-DCIM与运维配套,漏液检测,line,leak-detection,WEB,,https://各家官网,,,,todo,,
cn-inspection-robot-group,国自机器人 / 优必选等,11-DCIM与运维配套,巡检机器人,line,dcim,BR,,https://各家官网,,,,todo,,
cn-inspection-robot-group,国自机器人 / 优必选等,11-DCIM与运维配套,巡检机器人,line,dcim,WEB,,https://各家官网,,,,todo,,
