public_implementation,all_internal_consumers,migration_result,retained_boundary
scene-view.visibleBounds,scene-view.mountSceneView; compare.html; part-inspector.js; scene_framing.cjs,world-space visible mesh boundary; hidden ancestors excluded,does not infer physical relationships or evidence
scene-view.fitPerspective,scene-view.mountSceneView; compare.html; part-inspector.js; scene_framing.cjs,one narrower-FOV/sphere distance and clipping rule,authored domain positions retained outside automatic fit
scene-view.createViewport,scene-view.mountSceneView; compare.html; part-inspector.js; scene_framing.cjs,actual CSS dimensions and idempotent resize; observation disposed,render buffers remain owned by supplied renderer/composer
scene-view.mountSceneView,bom3d.html; rack3d.html; scene_framing.cjs,initial/explicit fit; controls.start and flyTo take ownership; pagehide cleanup,not all overlay occlusion or authored domain composition
mountSceneModels.objects,bom3d.html; rack3d.html; scene_framing.cjs,read-only current root list; old roots exit on replacement/dispose,existing ready/reload/dispose consumers in model_assets.cjs preserved
createPartInspector.show/tick/hide/dispose,part-dossier.js; bom3d.html; rack3d.html; part_dossier.cjs; scene_framing.cjs,"one preview resets pivot, fits actual aspect; pagehide releases owned resources",source geometry/textures remain borrowed; existing dossier contract retained
run_browser default/core/model_assets,validate.yml; framework/05_interface_system.md; local validation commands,new scene_framing included in default/core; model_assets remains three bounded scenarios,CI timeout and original assertions preserved
DeepRead.cohort,DeepRead.barren_cohorts; DeepRead.eligible; interfaces.deep_read.cmd_queue; BarrenCohortTests via those callers,inherited unchanged from PR 180; exact organization/year/type grouping used only for queue priority,not a content identity or proof of full reading; heuristic quality remains unverified
DeepRead.is_cohort,DeepRead.barren_cohorts; BarrenCohortTests via barren_cohorts,inherited unchanged from PR 180; rejects unnamed cohort fields,not document identity or full-reading status
DeepRead.barren_cohorts,DeepRead.eligible; interfaces.deep_read.cmd_queue; BarrenCohortTests,inherited unchanged from PR 180; low numeric yield demotes within coverage group without deletion,existing produced facts/processing receipts; no authority to change C3/current full reading
