implementation_or_endpoint,consumer,line,reference,migration_result
model-assets,docs/REPOSITORY_REGISTER.md,264,| `docs/reviews/2026-09-14/model-assets/baseline.json` | rejected_sample_requests | 1 |,current operational/specification consumer; old automatic adoption text retired where in scope
model-assets,docs/REPOSITORY_REGISTER.md,265,| `docs/reviews/2026-09-14/model-assets/consumers-before.csv` | rows | 77 |,current operational/specification consumer; old automatic adoption text retired where in scope
model-assets,docs/REPOSITORY_REGISTER.md,266,| `docs/reviews/2026-09-14/model-assets/file-plan.csv` | rows | 721 |,current operational/specification consumer; old automatic adoption text retired where in scope
model-assets,docs/REPOSITORY_REGISTER.md,267,| `docs/reviews/2026-09-14/model-assets/legacy-removal.csv` | rows | 7 |,current operational/specification consumer; old automatic adoption text retired where in scope
model-assets,docs/REPOSITORY_REGISTER.md,268,| `docs/reviews/2026-09-14/model-assets/public-contracts.csv` | rows | 17 |,current operational/specification consumer; old automatic adoption text retired where in scope
model-assets,docs/REPOSITORY_REGISTER.md,269,| `docs/reviews/2026-09-14/model-assets/scope.json` | changed | 30 |,current operational/specification consumer; old automatic adoption text retired where in scope
model-assets,docs/REPOSITORY_REGISTER.md,725,| [docs/reviews/2026-09-14/model-assets/PLAN.md](reviews/2026-09-14/model-assets/PLAN.md) | 历史快照 |,current operational/specification consumer; old automatic adoption text retired where in scope
model-assets,docs/REPOSITORY_REGISTER.md,726,| `docs/reviews/2026-09-14/model-assets/audit.py` | 历史快照 |,current operational/specification consumer; old automatic adoption text retired where in scope
model-assets,docs/REPOSITORY_REGISTER.md,727,| `docs/reviews/2026-09-14/model-assets/baseline.json` | 历史快照 |,current operational/specification consumer; old automatic adoption text retired where in scope
model-assets,docs/REPOSITORY_REGISTER.md,728,| [docs/reviews/2026-09-14/model-assets/consumers-before.csv](reviews/2026-09-14/model-assets/consumers-before.csv) | 历史快照 |,current operational/specification consumer; old automatic adoption text retired where in scope
model-assets,docs/REPOSITORY_REGISTER.md,729,| [docs/reviews/2026-09-14/model-assets/file-plan.csv](reviews/2026-09-14/model-assets/file-plan.csv) | 历史快照 |,current operational/specification consumer; old automatic adoption text retired where in scope
model-assets,docs/REPOSITORY_REGISTER.md,730,| [docs/reviews/2026-09-14/model-assets/legacy-removal.csv](reviews/2026-09-14/model-assets/legacy-removal.csv) | 历史快照 |,current operational/specification consumer; old automatic adoption text retired where in scope
model-assets,docs/REPOSITORY_REGISTER.md,731,| [docs/reviews/2026-09-14/model-assets/public-contracts.csv](reviews/2026-09-14/model-assets/public-contracts.csv) | 历史快照 |,current operational/specification consumer; old automatic adoption text retired where in scope
model-assets,docs/REPOSITORY_REGISTER.md,732,| `docs/reviews/2026-09-14/model-assets/scope.json` | 历史快照 |,current operational/specification consumer; old automatic adoption text retired where in scope
model-assets,docs/REPOSITORY_REGISTER.md,733,| `docs/reviews/2026-09-14/model-assets/statistics-before.json` | 历史快照 |,current operational/specification consumer; old automatic adoption text retired where in scope
model_assets,docs/REPOSITORY_REGISTER.md,879,| `src/inresearch/materials/model_assets.py` | 运行代码 |,current operational/specification consumer; old automatic adoption text retired where in scope
model_assets,docs/REPOSITORY_REGISTER.md,920,| `tests/model_assets.cjs` | 测试 |,current operational/specification consumer; old automatic adoption text retired where in scope
model_assets,docs/REPOSITORY_REGISTER.md,957,| `tests/unit/test_model_assets.py` | 测试 |,current operational/specification consumer; old automatic adoption text retired where in scope
model-assets,docs/REPOSITORY_REGISTER.md,1023,| `web/components/model-assets.js` | 运行代码 |,current operational/specification consumer; old automatic adoption text retired where in scope
model_assets,framework/03_bom_and_collaboration.md,42,来源页与许可/署名、GLB 2.0 自包含、单文件不超过 10 MiB、有限且有效的变换共同构成准入。materials.model_assets 为共享校验；workflow.model_assets 为作者工作区导入用例；下载只创建 candidate，同名新内容拒绝覆盖，版本用新文件名及新的审阅决定。下载器不能绕过许可要求；不能根据第三方模型的网格数或命名宣称已具备真实部件拆解。,current operational/specification consumer; old automatic adoption text retired where in scope
loadSceneData,framework/05_interface_system.md,91,两张 3D 页面通过 scene-data.loadSceneData 声明启动所需 URL 与集合字段；全部 HTTP/JSON/集合结构有效后才建立索引和 renderer。有效空集合可以保留；缺失或错误响应不能填成空集合。BOM、公司、模块、产品仍读发布定义，价格及指标仍读现行运行权威或投影，不新建数据副本。,current operational/specification consumer; old automatic adoption text retired where in scope
model-assets,framework/05_interface_system.md,98,两场景和比较台共用 model-assets.js 的 GLB 请求、内容 SHA 校验、解析与独占资源释放。可恢复加载槽持请求代次与超时；重试不并发重复，取消后迟到的解析只能释放结果，不能写回。新请求失败保留旧成功值。两场景先载入全部已采用模型，再一次替换显示组和 hideRack；部分失败不隐藏程序化几何，也不把半批成功当成完整版本。撤下采用后的空批移除旧组并恢复原可见状态。,current operational/specification consumer; old automatic adoption text retired where in scope
model_assets,framework/09_software_contracts.md,93,materials.model_assets 拥有视觉输入内容身份与采用状态；workflow.model_assets 拥有候选导入用例；adapters.asset_download 只处理下载和格式转换，asset_check、HTTP 和静态路径共用领域校验。web/assets/models/manifest.json 是唯一登记主提交点，网站只读发布状态，不提供采用写入接口。候选/拒绝模型的存在不赋予默认场景显示资格。,current operational/specification consumer; old automatic adoption text retired where in scope
atomic_write,framework/09_software_contracts.md,95,导入使用 storage.files.locked 包住读取、同名核对、独占创建和登记提交。atomic_write(exclusive=True) 用完整临时文件的独占链接发布，旧两参数原子替换调用语义保留；目标存在即拒绝覆盖。二进制先发布、登记最后提交，中断留下的完整未登记文件在同内容重试时复用，不当作已登记；同名不同字节拒绝，新版本用新名字。登记已提交但同步失败维持 CommitUncertain 语义，重试先读取现行决定，不删除原件或重复登记。该流程不替代产品资料库既有预备日志，也不是所有多文件写入都已统一的声明。,existing consumer keeps two-argument replacement semantics; full unit suite required
model_assets,framework/current_state.json,130,"""src/inresearch/materials/model_assets.py"",",current operational/specification consumer; old automatic adoption text retired where in scope
model_assets,framework/current_state.json,137,"""tests/unit/test_model_assets.py"",",current operational/specification consumer; old automatic adoption text retired where in scope
model_assets,framework/current_state.json,138,"""src/inresearch/workflow/model_assets.py""",current operational/specification consumer; old automatic adoption text retired where in scope
model-assets,framework/current_state.json,318,"""web/components/model-assets.js"",",current operational/specification consumer; old automatic adoption text retired where in scope
model_assets,framework/current_state.json,322,"""tests/model_assets.cjs""",current operational/specification consumer; old automatic adoption text retired where in scope
model_assets,framework/current_state.json,570,"""src/inresearch/materials/model_assets.py"",",current operational/specification consumer; old automatic adoption text retired where in scope
model_assets,framework/current_state.json,571,"""tests/unit/test_model_assets.py"",",current operational/specification consumer; old automatic adoption text retired where in scope
model_assets,framework/current_state.json,572,"""src/inresearch/workflow/model_assets.py""",current operational/specification consumer; old automatic adoption text retired where in scope
model_assets,framework/verification_contract.json,72,"""tests/model_assets.cjs"": ""086ad7e2423db02e3d0a131b1c39b2bfe70e442dbe7f4ed794f24ef737d443d4"",",current operational/specification consumer; old automatic adoption text retired where in scope
model_assets,framework/verification_contract.json,73,"""tests/unit/test_model_assets.py"": ""243b694e858a87efcbd2212e1a8924080119d63415d7065ccd5812a0b46402c5""",current operational/specification consumer; old automatic adoption text retired where in scope
model_assets,framework/verification_contract.json,160,"""tests/unit/test_model_assets.py::ModelAssetTests.test_candidate_review_rejection_and_version_replacement_have_one_authority"",",current operational/specification consumer; old automatic adoption text retired where in scope
model_assets,framework/verification_contract.json,161,"""tests/unit/test_model_assets.py::ModelAssetTests.test_static_projection_is_manifest_driven_and_does_not_create_missing_files"",",current operational/specification consumer; old automatic adoption text retired where in scope
model_assets,framework/verification_contract.json,162,"""tests/unit/test_model_assets.py::ModelAssetTests.test_http_identity_boundary_failure_and_valid_scene_selection""",current operational/specification consumer; old automatic adoption text retired where in scope
model_assets,framework/verification_contract.json,218,"""tests/model_assets.cjs""",current operational/specification consumer; old automatic adoption text retired where in scope
model_assets,framework/verification_contract.json,378,"""tests/unit/test_model_assets.py::ModelAssetTests.test_independent_processes_import_without_lost_updates_or_duplicate_entries"",",current operational/specification consumer; old automatic adoption text retired where in scope
model_assets,framework/verification_contract.json,379,"""tests/unit/test_model_assets.py::ModelAssetTests.test_failed_manifest_commit_keeps_complete_file_and_replay_registers_once"",",current operational/specification consumer; old automatic adoption text retired where in scope
model_assets,framework/verification_contract.json,380,"""tests/unit/test_model_assets.py::ModelAssetTests.test_uncertain_manifest_commit_is_visible_and_retry_preserves_decision"",",current operational/specification consumer; old automatic adoption text retired where in scope
model_assets,framework/verification_contract.json,381,"""tests/unit/test_model_assets.py::ModelAssetTests.test_exclusive_file_publication_is_atomic_and_never_overwrites""",current operational/specification consumer; old automatic adoption text retired where in scope
model_assets,src/inresearch/README.md,7,| materials | `model_assets` 统一视觉输入身份与采用状态；`records` 为当前判读权威投影及版本提交；`triage` 为清单/预览契约；`naming` 为纯命名规则；`reading_artifacts` 共管原件、覆盖和封印校验；`reading_policy` 管 L2 准入，`text_similarity` 仅提示相似；`inbox`/`receive` 接收；`organize`/`mapping` 处理显式整理 |,shared visual-input authority or lifecycle consumer; source location retained
model_assets,src/inresearch/README.md,9,| workflow | `model_assets.import_candidate` 协调视觉候选导入事务； `commands` 为 HTTP/CLI 共享修改用例；`reader` 控制任务状态；`reading_stages` 执行候选判读；`reading_results` 查询唯一当前全文结果；`deep_read.DeepRead` 编排事实处理与回执；`reading_gaps` 管缺口事务；`score` 为模型批量评分 |,shared visual-input authority or lifecycle consumer; source location retained
import_candidate,src/inresearch/README.md,9,| workflow | `model_assets.import_candidate` 协调视觉候选导入事务； `commands` 为 HTTP/CLI 共享修改用例；`reader` 控制任务状态；`reading_stages` 执行候选判读；`reading_results` 查询唯一当前全文结果；`deep_read.DeepRead` 编排事实处理与回执；`reading_gaps` 管缺口事务；`score` 为模型批量评分 |,shared visual-input authority or lifecycle consumer; source location retained
model_assets,src/inresearch/adapters/asset_check.py,3,from inresearch.materials import model_assets,shared visual-input authority or lifecycle consumer; source location retained
model_assets,src/inresearch/adapters/asset_check.py,8,manifest = model_assets.read_manifest(verify_files=True),shared visual-input authority or lifecycle consumer; source location retained
read_manifest,src/inresearch/adapters/asset_check.py,8,manifest = model_assets.read_manifest(verify_files=True),shared visual-input authority or lifecycle consumer; source location retained
model_assets,src/inresearch/adapters/asset_check.py,15,unregistered = sorted(p.name for p in model_assets.model_directory().glob('*.glb') if p.name not in registered),shared visual-input authority or lifecycle consumer; source location retained
model_assets,src/inresearch/adapters/asset_download.py,19,from inresearch.materials import model_assets,shared visual-input authority or lifecycle consumer; source location retained
model_assets,src/inresearch/adapters/asset_download.py,20,from inresearch.workflow.model_assets import import_candidate,shared visual-input authority or lifecycle consumer; source location retained
import_candidate,src/inresearch/adapters/asset_download.py,20,from inresearch.workflow.model_assets import import_candidate,shared visual-input authority or lifecycle consumer; source location retained
model_assets,src/inresearch/adapters/asset_download.py,139,if not model_assets.permitted_license(lic):,shared visual-input authority or lifecycle consumer; source location retained
permitted_license,src/inresearch/adapters/asset_download.py,139,if not model_assets.permitted_license(lic):,shared visual-input authority or lifecycle consumer; source location retained
import_candidate,src/inresearch/adapters/asset_download.py,178,"e = import_candidate(ROOT, slug, data, page=a.page,",shared visual-input authority or lifecycle consumer; source location retained
atomic_write,src/inresearch/adapters/historical_brief.py,19,"def atomic_write(path: Path, text: str):",existing consumer keeps two-argument replacement semantics; full unit suite required
atomic_write,src/inresearch/adapters/historical_brief.py,20,from inresearch.storage.files import atomic_write as commit,existing consumer keeps two-argument replacement semantics; full unit suite required
atomic_write,src/inresearch/adapters/historical_brief.py,172,"atomic_write(workspace_path(""data/brief.json"", ROOT),",existing consumer keeps two-argument replacement semantics; full unit suite required
atomic_write,src/inresearch/adapters/historical_brief.py,193,"atomic_write(workspace_path(""reports/daily_brief.md"", ROOT), ""\n"".join(lines) + ""\n"")",existing consumer keeps two-argument replacement semantics; full unit suite required
atomic_write,src/inresearch/delivery/export.py,18,from inresearch.storage.files import atomic_write,existing consumer keeps two-argument replacement semantics; full unit suite required
atomic_write,src/inresearch/delivery/export.py,53,"atomic_write(md_path, (""\n"".join(lines) + ""\n"").encode('utf-8'))",existing consumer keeps two-argument replacement semantics; full unit suite required
atomic_write,src/inresearch/delivery/map.py,14,from inresearch.storage.files import atomic_write,existing consumer keeps two-argument replacement semantics; full unit suite required
atomic_write,src/inresearch/delivery/map.py,139,"atomic_write(html_path, html.encode('utf-8'))",existing consumer keeps two-argument replacement semantics; full unit suite required
atomic_write,src/inresearch/delivery/reading_packet.py,208,"from inresearch.storage.files import atomic_write, make_directory, sync_directory",existing consumer keeps two-argument replacement semantics; full unit suite required
atomic_write,src/inresearch/delivery/reading_packet.py,235,"atomic_write(staging/'text.md', text.encode())",existing consumer keeps two-argument replacement semantics; full unit suite required
atomic_write,src/inresearch/delivery/reading_packet.py,236,"atomic_write(staging/'brief.md', brief.encode())",existing consumer keeps two-argument replacement semantics; full unit suite required
atomic_write,src/inresearch/delivery/reading_packet.py,237,"atomic_write(staging/'manifest.json', (json.dumps(manifest,ensure_ascii=False,indent=2)+'\n').encode())",existing consumer keeps two-argument replacement semantics; full unit suite required
atomic_write,src/inresearch/interfaces/auth.py,40,from inresearch.storage.jsonl import atomic_write,existing consumer keeps two-argument replacement semantics; full unit suite required
atomic_write,src/inresearch/interfaces/auth.py,87,"atomic_write(USERS_FILE, body.encode('utf-8'))",existing consumer keeps two-argument replacement semantics; full unit suite required
atomic_write,src/inresearch/interfaces/auth.py,112,"atomic_write(SECRET_FILE, secrets.token_bytes(32))",existing consumer keeps two-argument replacement semantics; full unit suite required
model_assets,src/inresearch/interfaces/http.py,18,from inresearch.materials import model_assets,shared visual-input authority or lifecycle consumer; source location retained
model-assets,src/inresearch/interfaces/http.py,266,if urlsplit(self.path).path == '/api/model-assets':,shared visual-input authority or lifecycle consumer; source location retained
/api/model-assets,src/inresearch/interfaces/http.py,266,if urlsplit(self.path).path == '/api/model-assets':,shared visual-input authority or lifecycle consumer; source location retained
model_assets,src/inresearch/interfaces/http.py,269,if set(query) - {'page'} or len(page) != 1 or (page[0] is not None and page[0] not in model_assets.PAGES):,shared visual-input authority or lifecycle consumer; source location retained
model_assets,src/inresearch/interfaces/http.py,272,"return self._json(200, model_assets.snapshot(ROOT, page[0]))",shared visual-input authority or lifecycle consumer; source location retained
model_assets,src/inresearch/interfaces/static.py,7,from inresearch.materials import model_assets,shared visual-input authority or lifecycle consumer; source location retained
model_assets,src/inresearch/interfaces/static.py,16,registered = model_assets.read_manifest(root)['models'],shared visual-input authority or lifecycle consumer; source location retained
read_manifest,src/inresearch/interfaces/static.py,16,registered = model_assets.read_manifest(root)['models'],shared visual-input authority or lifecycle consumer; source location retained
atomic_write,src/inresearch/knowledge/coverage.py,27,"from inresearch.storage.files import atomic_write, write_json",existing consumer keeps two-argument replacement semantics; full unit suite required
atomic_write,src/inresearch/knowledge/coverage.py,142,"atomic_write(OUT, render(res).encode('utf-8'))",existing consumer keeps two-argument replacement semantics; full unit suite required
atomic_write,src/inresearch/knowledge/verify.py,24,from inresearch.storage.files import atomic_write,existing consumer keeps two-argument replacement semantics; full unit suite required
atomic_write,src/inresearch/knowledge/verify.py,144,"atomic_write(OUT, (""\n"".join(lines) + ""\n"").encode('utf-8'))",existing consumer keeps two-argument replacement semantics; full unit suite required
atomic_write,src/inresearch/materials/artifacts.py,52,from inresearch.storage.files import atomic_write,existing consumer keeps two-argument replacement semantics; full unit suite required
atomic_write,src/inresearch/materials/artifacts.py,56,"atomic_write(path, data)",existing consumer keeps two-argument replacement semantics; full unit suite required
atomic_write,src/inresearch/materials/inventory.py,32,"from inresearch.storage.jsonl import JsonlStore, atomic_write, read_rows",existing consumer keeps two-argument replacement semantics; full unit suite required
atomic_write,src/inresearch/materials/inventory.py,79,"atomic_write(backup, path.read_bytes())",existing consumer keeps two-argument replacement semantics; full unit suite required
atomic_write,src/inresearch/materials/inventory.py,80,"atomic_write(path, ''.join(json.dumps(row, ensure_ascii=False) + '\n'",existing consumer keeps two-argument replacement semantics; full unit suite required
atomic_write,src/inresearch/materials/inventory.py,103,"atomic_write(binding, (json.dumps(identity) + '\n').encode())",existing consumer keeps two-argument replacement semantics; full unit suite required
atomic_write,src/inresearch/materials/library.py,27,"from inresearch.storage.files import locked, atomic_write, write_json, sync_directory, make_directory",existing consumer keeps two-argument replacement semantics; full unit suite required
atomic_write,src/inresearch/materials/library.py,144,"atomic_write(PLAN, stream.getvalue().encode('utf-8'))",existing consumer keeps two-argument replacement semantics; full unit suite required
atomic_write,src/inresearch/materials/mapping.py,22,"from inresearch.storage.jsonl import atomic_write, read_rows",existing consumer keeps two-argument replacement semantics; full unit suite required
atomic_write,src/inresearch/materials/mapping.py,81,"atomic_write(path, ''.join(json.dumps(row, ensure_ascii=False) + '\n' for row in payload).encode())",existing consumer keeps two-argument replacement semantics; full unit suite required
permitted_license,src/inresearch/materials/model_assets.py,21,def permitted_license(label):,shared visual-input authority or lifecycle consumer; source location retained
permitted_license,src/inresearch/materials/model_assets.py,40,"if source.scheme not in {'https', 'http'} or not source.hostname or not permitted_license(entry.get('license')):",shared visual-input authority or lifecycle consumer; source location retained
permitted_license,src/inresearch/materials/model_assets.py,41,raise ValueError('model_source_and_permitted_license_required'),shared visual-input authority or lifecycle consumer; source location retained
read_manifest,src/inresearch/materials/model_assets.py,100,"def read_manifest(root=None, *, verify_files=False):",shared visual-input authority or lifecycle consumer; source location retained
read_manifest,src/inresearch/materials/model_assets.py,123,manifest = read_manifest(root),shared visual-input authority or lifecycle consumer; source location retained
atomic_write,src/inresearch/storage/files.py,47,"def atomic_write(path, data, *, exclusive=False):",existing consumer keeps two-argument replacement semantics; full unit suite required
atomic_write,src/inresearch/storage/files.py,74,"atomic_write(path, (json.dumps(value, ensure_ascii=False, allow_nan=False,",existing consumer keeps two-argument replacement semantics; full unit suite required
atomic_write,src/inresearch/storage/jsonl.py,9,"from inresearch.storage.files import atomic_write as atomic_write, sync_directory as sync_directory, make_directory as make_directory, locked",existing consumer keeps two-argument replacement semantics; full unit suite required
atomic_write,src/inresearch/storage/layout.py,14,"from inresearch.storage.files import atomic_write, locked, make_directory, write_json",existing consumer keeps two-argument replacement semantics; full unit suite required
atomic_write,src/inresearch/storage/layout.py,166,"atomic_write(target, body)",existing consumer keeps two-argument replacement semantics; full unit suite required
model_assets,src/inresearch/workflow/model_assets.py,2,from inresearch.materials import model_assets as assets,shared visual-input authority or lifecycle consumer; source location retained
atomic_write,src/inresearch/workflow/model_assets.py,3,"from inresearch.storage.files import atomic_write, locked, write_json",existing consumer keeps two-argument replacement semantics; full unit suite required
import_candidate,src/inresearch/workflow/model_assets.py,6,"def import_candidate(root, filename, data, *, page, source, license, hide_rack=False):",shared visual-input authority or lifecycle consumer; source location retained
read_manifest,src/inresearch/workflow/model_assets.py,13,"manifest = assets.read_manifest(root, verify_files=True)",shared visual-input authority or lifecycle consumer; source location retained
atomic_write,src/inresearch/workflow/model_assets.py,26,"atomic_write(target, data, exclusive=True)",existing consumer keeps two-argument replacement semantics; full unit suite required
atomic_write,src/inresearch/workflow/reading_gaps.py,5,from inresearch.storage.files import atomic_write,existing consumer keeps two-argument replacement semantics; full unit suite required
atomic_write,src/inresearch/workflow/reading_gaps.py,25,"atomic_write(self.path, old + addition.encode('utf-8'))",existing consumer keeps two-argument replacement semantics; full unit suite required
atomic_write,src/inresearch/workflow/reading_queue.py,10,from inresearch.storage.files import atomic_write,existing consumer keeps two-argument replacement semantics; full unit suite required
atomic_write,src/inresearch/workflow/reading_queue.py,67,"atomic_write(OUT, (""\n"".join(lines) + ""\n"").encode('utf-8'))",existing consumer keeps two-argument replacement semantics; full unit suite required
atomic_write,src/inresearch/workflow/submissions.py,24,"from inresearch.storage.files import atomic_write, locked",existing consumer keeps two-argument replacement semantics; full unit suite required
atomic_write,src/inresearch/workflow/submissions.py,416,"atomic_write(OUT, (""\n"".join(lines) + ""\n"").encode('utf-8'))",existing consumer keeps two-argument replacement semantics; full unit suite required
atomic_write,src/inresearch/workflow/submissions.py,450,"atomic_write(f, data)",existing consumer keeps two-argument replacement semantics; full unit suite required
atomic_write,src/inresearch/workflow/workorders.py,28,"from inresearch.storage.files import atomic_write, write_json",existing consumer keeps two-argument replacement semantics; full unit suite required
atomic_write,src/inresearch/workflow/workorders.py,386,"atomic_write(OUT, render(orders, ammo, high, backlog).encode('utf-8'))",existing consumer keeps two-argument replacement semantics; full unit suite required
model-assets,tests/model_assets.cjs,26,"await page.route('**/api/model-assets*',r=>response===null?r.continue():response==='fail'?r.fulfill({status:503,json:{error:'injected'}}):r.fulfill({json:{schema_version:schemaVersion,revision:'fixture',models:response}}));",regression consumer; real execution recorded in DELIVERY/local run evidence
/api/model-assets,tests/model_assets.cjs,26,"await page.route('**/api/model-assets*',r=>response===null?r.continue():response==='fail'?r.fulfill({status:503,json:{error:'injected'}}):r.fulfill({json:{schema_version:schemaVersion,revision:'fixture',models:response}}));",regression consumer; real execution recorded in DELIVERY/local run evidence
model-assets,tests/model_assets.cjs,87,"await Promise.all([page.waitForResponse(r=>r.url().includes('/api/model-assets')),startup.getByRole('button',{name:'重试',exact:true}).click()]);",regression consumer; real execution recorded in DELIVERY/local run evidence
/api/model-assets,tests/model_assets.cjs,87,"await Promise.all([page.waitForResponse(r=>r.url().includes('/api/model-assets')),startup.getByRole('button',{name:'重试',exact:true}).click()]);",regression consumer; real execution recorded in DELIVERY/local run evidence
model-assets,tests/model_assets.cjs,105,"const {createModelLoad,loadModel}=await import('/assets/model-assets.js');",regression consumer; real execution recorded in DELIVERY/local run evidence
loadModel,tests/model_assets.cjs,105,"const {createModelLoad,loadModel}=await import('/assets/model-assets.js');",regression consumer; real execution recorded in DELIVERY/local run evidence
createModelLoad,tests/model_assets.cjs,105,"const {createModelLoad,loadModel}=await import('/assets/model-assets.js');",regression consumer; real execution recorded in DELIVERY/local run evidence
createModelLoad,tests/model_assets.cjs,108,"const slot=createModelLoad({host:document.body,label:'fixture',timeoutMs:40,",regression consumer; real execution recorded in DELIVERY/local run evidence
loadModel,tests/model_assets.cjs,122,"const model=await loadModel(entry,new AbortController().signal);",regression consumer; real execution recorded in DELIVERY/local run evidence
model_assets,tests/run_browser.cjs,11,"'product_node_hover', 'url_rendering', 'research_delivery', 'auth_appearance', 'research_summary', 'part_dossier', 'scene_bootstrap', 'model_assets'];",regression consumer; real execution recorded in DELIVERY/local run evidence
loadSceneData,tests/scene_bootstrap.cjs,41,const {loadSceneData}=await import('/assets/scene-data.js');,regression consumer; real execution recorded in DELIVERY/local run evidence
loadSceneData,tests/scene_bootstrap.cjs,50,"const result=loadSceneData(sources,{controls:[control]});",regression consumer; real execution recorded in DELIVERY/local run evidence
loadSceneData,tests/scene_bootstrap.cjs,63,"const timeout=loadSceneData([sources[0]],{controls:[control],timeoutMs:30});",regression consumer; real execution recorded in DELIVERY/local run evidence
atomic_write,tests/unit/test_deep_read_transactions.py,178,"with patch('inresearch.workflow.reading_gaps.atomic_write',side_effect=OSError('disk')):",existing consumer keeps two-argument replacement semantics; full unit suite required
atomic_write,tests/unit/test_deep_read_transactions.py,186,"files.atomic_write(path,data)",existing consumer keeps two-argument replacement semantics; full unit suite required
atomic_write,tests/unit/test_deep_read_transactions.py,188,"with patch('inresearch.workflow.reading_gaps.atomic_write',side_effect=replace_then_fail):",existing consumer keeps two-argument replacement semantics; full unit suite required
model_assets,tests/unit/test_model_assets.py,17,from inresearch.materials import model_assets as assets,regression consumer; real execution recorded in DELIVERY/local run evidence
model_assets,tests/unit/test_model_assets.py,19,from inresearch.workflow import model_assets as imports,regression consumer; real execution recorded in DELIVERY/local run evidence
import_candidate,tests/unit/test_model_assets.py,40,"return imports.import_candidate(self.root, name, data or self.data, page='rack3d',",regression consumer; real execution recorded in DELIVERY/local run evidence
read_manifest,tests/unit/test_model_assets.py,44,value = assets.read_manifest(self.root),regression consumer; real execution recorded in DELIVERY/local run evidence
model_assets,tests/unit/test_model_assets.py,68,"code = ""from pathlib import Path;from inresearch.workflow.model_assets import import_candidate;import sys;import_candidate(sys.argv[1],sys.argv[2],bytes.fromhex(sys.argv[3]),page='rack3d',source='https://example.test/source',license='CC0')""",regression consumer; real execution recorded in DELIVERY/local run evidence
import_candidate,tests/unit/test_model_assets.py,68,"code = ""from pathlib import Path;from inresearch.workflow.model_assets import import_candidate;import sys;import_candidate(sys.argv[1],sys.argv[2],bytes.fromhex(sys.argv[3]),page='rack3d',source='https://example.test/source',license='CC0')""",regression consumer; real execution recorded in DELIVERY/local run evidence
read_manifest,tests/unit/test_model_assets.py,74,"self.assertEqual({'same.glb','a.glb','b.glb','c.glb'}, {m['file'] for m in assets.read_manifest(self.root, verify_files=True)['models']})",regression consumer; real execution recorded in DELIVERY/local run evidence
read_manifest,tests/unit/test_model_assets.py,83,"self.assertEqual(1, len(assets.read_manifest(self.root, verify_files=True)['models']))",regression consumer; real execution recorded in DELIVERY/local run evidence
read_manifest,tests/unit/test_model_assets.py,91,"self.assertEqual(1, len(assets.read_manifest(self.root)['models']))",regression consumer; real execution recorded in DELIVERY/local run evidence
atomic_write,tests/unit/test_model_assets.py,103,"with self.assertRaises(FileExistsError): files.atomic_write(target,b'replacement',exclusive=True)",existing consumer keeps two-argument replacement semantics; full unit suite required
read_manifest,tests/unit/test_model_assets.py,121,"with self.assertRaisesRegex(ValueError,'content_changed'): assets.read_manifest(self.root,verify_files=True)",regression consumer; real execution recorded in DELIVERY/local run evidence
read_manifest,tests/unit/test_model_assets.py,123,valid=assets.read_manifest(self.root); row=valid['models'][0],regression consumer; real execution recorded in DELIVERY/local run evidence
read_manifest,tests/unit/test_model_assets.py,131,"with self.assertRaisesRegex(ValueError,'duplicate'):assets.read_manifest(self.root)",regression consumer; real execution recorded in DELIVERY/local run evidence
read_manifest,tests/unit/test_model_assets.py,160,"run();self.assertEqual('candidate',assets.read_manifest(self.root)['models'][0]['status'])",regression consumer; real execution recorded in DELIVERY/local run evidence
read_manifest,tests/unit/test_model_assets.py,161,"self.set_status('rejected');run();self.assertEqual('rejected',assets.read_manifest(self.root)['models'][0]['status'])",regression consumer; real execution recorded in DELIVERY/local run evidence
read_manifest,tests/unit/test_model_assets.py,169,"self.assertEqual([],assets.read_manifest(self.root)['models'])",regression consumer; real execution recorded in DELIVERY/local run evidence
model-assets,tests/unit/test_model_assets.py,181,"code,body=get('/api/model-assets?page=rack3d');self.assertEqual(200,code);self.assertEqual(1,len(json.loads(body)['models']))",regression consumer; real execution recorded in DELIVERY/local run evidence
/api/model-assets,tests/unit/test_model_assets.py,181,"code,body=get('/api/model-assets?page=rack3d');self.assertEqual(200,code);self.assertEqual(1,len(json.loads(body)['models']))",regression consumer; real execution recorded in DELIVERY/local run evidence
model-assets,tests/unit/test_model_assets.py,182,"self.assertEqual(400,get('/api/model-assets?page=other')[0])",regression consumer; real execution recorded in DELIVERY/local run evidence
/api/model-assets,tests/unit/test_model_assets.py,182,"self.assertEqual(400,get('/api/model-assets?page=other')[0])",regression consumer; real execution recorded in DELIVERY/local run evidence
model-assets,tests/unit/test_model_assets.py,183,"self.assertEqual(400,get('/api/model-assets?page=rack3d&page=bom3d')[0])",regression consumer; real execution recorded in DELIVERY/local run evidence
/api/model-assets,tests/unit/test_model_assets.py,183,"self.assertEqual(400,get('/api/model-assets?page=rack3d&page=bom3d')[0])",regression consumer; real execution recorded in DELIVERY/local run evidence
model-assets,tests/unit/test_model_assets.py,184,"self.manifest.write_text('{broken');self.assertEqual(503,get('/api/model-assets')[0])",regression consumer; real execution recorded in DELIVERY/local run evidence
/api/model-assets,tests/unit/test_model_assets.py,184,"self.manifest.write_text('{broken');self.assertEqual(503,get('/api/model-assets')[0])",regression consumer; real execution recorded in DELIVERY/local run evidence
model-assets,tests/unit/test_model_assets.py,185,"user.return_value=None;self.assertEqual(401,get('/api/model-assets')[0])",regression consumer; real execution recorded in DELIVERY/local run evidence
/api/model-assets,tests/unit/test_model_assets.py,185,"user.return_value=None;self.assertEqual(401,get('/api/model-assets')[0])",regression consumer; real execution recorded in DELIVERY/local run evidence
model-assets,tests/unit/test_model_assets.py,186,"user.return_value='intern';role.return_value='intern';self.assertEqual(403,get('/api/model-assets')[0])",regression consumer; real execution recorded in DELIVERY/local run evidence
/api/model-assets,tests/unit/test_model_assets.py,186,"user.return_value='intern';role.return_value='intern';self.assertEqual(403,get('/api/model-assets')[0])",regression consumer; real execution recorded in DELIVERY/local run evidence
atomic_write,tests/unit/test_storage_layout.py,21,"from inresearch.storage.files import atomic_write, locked",existing consumer keeps two-argument replacement semantics; full unit suite required
atomic_write,tests/unit/test_storage_layout.py,33,"atomic_write(index, b'{""records"": []}')",existing consumer keeps two-argument replacement semantics; full unit suite required
atomic_write,tests/unit/test_storage_layout.py,37,"atomic_write(plan, b'library update')",existing consumer keeps two-argument replacement semantics; full unit suite required
atomic_write,tests/unit/test_storage_layout.py,80,commit = layout.atomic_write,existing consumer keeps two-argument replacement semantics; full unit suite required
atomic_write,tests/unit/test_storage_layout.py,85,"with patch.object(layout, 'atomic_write', side_effect=fail):",existing consumer keeps two-argument replacement semantics; full unit suite required
atomic_write,tests/unit/test_storage_layout.py,93,"with patch.object(layout, 'atomic_write', side_effect=OSError('failure')):",existing consumer keeps two-argument replacement semantics; full unit suite required
atomic_write,tests/unit/test_storage_layout.py,195,"with locked(price): atomic_write(price, b'second runtime write')",existing consumer keeps two-argument replacement semantics; full unit suite required
loadModel,web/components/model-assets.js,31,"export async function loadModel(entry, signal) {",shared visual-input authority or lifecycle consumer; source location retained
createModelLoad,web/components/model-assets.js,53,"export function createModelLoad({host, label, load, commit, timeoutMs=15000}) {",shared visual-input authority or lifecycle consumer; source location retained
mountSceneModels,web/components/model-assets.js,117,"export function mountSceneModels({scene, page, defaultHeight, replacement=null}) {",shared visual-input authority or lifecycle consumer; source location retained
createModelLoad,web/components/model-assets.js,119,"const slot = createModelLoad({host:document.body, label:'可选模型',",shared visual-input authority or lifecycle consumer; source location retained
model-assets,web/components/model-assets.js,121,"const response = await fetch('/api/model-assets?page=' + page, {signal, cache:'no-store'});",shared visual-input authority or lifecycle consumer; source location retained
/api/model-assets,web/components/model-assets.js,121,"const response = await fetch('/api/model-assets?page=' + page, {signal, cache:'no-store'});",shared visual-input authority or lifecycle consumer; source location retained
loadModel,web/components/model-assets.js,129,"const model = await loadModel(entry, signal);",shared visual-input authority or lifecycle consumer; source location retained
loadSceneData,web/components/scene-data.js,2,"export async function loadSceneData(sources, {controls = [], timeoutMs = 12000} = {}) {",shared visual-input authority or lifecycle consumer; source location retained
model-assets,web/pages/bom3d.html,144,"import {mountSceneModels} from ""/assets/model-assets.js"";",shared visual-input authority or lifecycle consumer; source location retained
mountSceneModels,web/pages/bom3d.html,144,"import {mountSceneModels} from ""/assets/model-assets.js"";",shared visual-input authority or lifecycle consumer; source location retained
loadSceneData,web/pages/bom3d.html,146,"import {loadSceneData} from ""/assets/scene-data.js"";",shared visual-input authority or lifecycle consumer; source location retained
loadSceneData,web/pages/bom3d.html,147,"const [BOM, companies, prices, inds, reg, products] = await loadSceneData([",shared visual-input authority or lifecycle consumer; source location retained
mountSceneModels,web/pages/bom3d.html,999,"const sceneModels = mountSceneModels({scene, page:""bom3d"", defaultHeight:4.6});",shared visual-input authority or lifecycle consumer; source location retained
model-assets,web/pages/compare.html,53,"import {createModelLoad, loadModel} from ""/assets/model-assets.js"";",shared visual-input authority or lifecycle consumer; source location retained
loadModel,web/pages/compare.html,53,"import {createModelLoad, loadModel} from ""/assets/model-assets.js"";",shared visual-input authority or lifecycle consumer; source location retained
createModelLoad,web/pages/compare.html,53,"import {createModelLoad, loadModel} from ""/assets/model-assets.js"";",shared visual-input authority or lifecycle consumer; source location retained
loadSceneData,web/pages/compare.html,54,"import {loadSceneData} from ""/assets/scene-data.js"";",shared visual-input authority or lifecycle consumer; source location retained
model-assets,web/pages/compare.html,57,"const [manifest] = await loadSceneData([{url:""/api/model-assets"",collection:""models"",schemaVersion:1}], {controls:[grid]});",shared visual-input authority or lifecycle consumer; source location retained
/api/model-assets,web/pages/compare.html,57,"const [manifest] = await loadSceneData([{url:""/api/model-assets"",collection:""models"",schemaVersion:1}], {controls:[grid]});",shared visual-input authority or lifecycle consumer; source location retained
loadSceneData,web/pages/compare.html,57,"const [manifest] = await loadSceneData([{url:""/api/model-assets"",collection:""models"",schemaVersion:1}], {controls:[grid]});",shared visual-input authority or lifecycle consumer; source location retained
createModelLoad,web/pages/compare.html,124,"const slot = createModelLoad({host:card.querySelector('.meta'), label:'模型',",shared visual-input authority or lifecycle consumer; source location retained
loadModel,web/pages/compare.html,125,"load:signal => loadModel(entry, signal), commit:model => {",shared visual-input authority or lifecycle consumer; source location retained
model-assets,web/pages/rack3d.html,125,"import {mountSceneModels} from ""/assets/model-assets.js"";",shared visual-input authority or lifecycle consumer; source location retained
mountSceneModels,web/pages/rack3d.html,125,"import {mountSceneModels} from ""/assets/model-assets.js"";",shared visual-input authority or lifecycle consumer; source location retained
loadSceneData,web/pages/rack3d.html,127,"import {loadSceneData} from ""/assets/scene-data.js"";",shared visual-input authority or lifecycle consumer; source location retained
loadSceneData,web/pages/rack3d.html,128,"const [BOM, companies, prices, inds, reg] = await loadSceneData([",shared visual-input authority or lifecycle consumer; source location retained
mountSceneModels,web/pages/rack3d.html,723,"const sceneModels = mountSceneModels({scene, page:""rack3d"", defaultHeight:RH + 0.7, replacement:rack});",shared visual-input authority or lifecycle consumer; source location retained
model-assets,web/routes.json,81,"""/assets/model-assets.js"": ""web/components/model-assets.js""",shared visual-input authority or lifecycle consumer; source location retained
