symbol,implementation,line,consumer_count,consumers,result
inresearch.delivery.reading_packet.chunks,src/inresearch/delivery/reading_packet.py,47,4,src/inresearch/delivery/reading_packet.py:216 [publish]; src/inresearch/delivery/reading_packet.py:235 [publish]; tests/unit/test_fact_contract.py:139 [ChunkTests.test_chunks_break_on_blank_lines_and_keep_everything]; tests/unit/test_fact_contract.py:147 [ChunkTests.test_a_short_text_is_one_chunk],migrated; see DELIVERY for external/runtime boundaries
inresearch.delivery.reading_packet.full_text,src/inresearch/delivery/reading_packet.py,26,1,src/inresearch/workflow/deep_read.py:42 [DeepRead.__init__],migrated; see DELIVERY for external/runtime boundaries
inresearch.delivery.reading_packet.metric_menu,src/inresearch/delivery/reading_packet.py,59,5,src/inresearch/delivery/reading_packet.py:218 [publish]; tests/unit/test_fact_contract.py:454 [MenuTests.test_a_metrics_own_note_reaches_the_packet]; tests/unit/test_fact_contract.py:458 [MenuTests.test_the_dimensions_still_come_with_theirs]; tests/unit/test_fact_contract.py:474 [MenuTests.test_a_module_with_no_metrics_says_so_rather_than_going_blank]; tests/unit/test_fact_contract.py:491 [LiveMenuTests.test_the_unit_trap_is_stated_where_a_reader_will_meet_it],migrated; see DELIVERY for external/runtime boundaries
inresearch.delivery.reading_packet.other_modules_index,src/inresearch/delivery/reading_packet.py,79,3,src/inresearch/delivery/reading_packet.py:218 [publish]; tests/unit/test_fact_contract.py:462 [MenuTests.test_other_modules_are_indexed_by_id]; tests/unit/test_fact_contract.py:469 [MenuTests.test_the_index_does_not_spell_out_calibers],migrated; see DELIVERY for external/runtime boundaries
inresearch.delivery.reading_packet.pdf_text,src/inresearch/delivery/reading_packet.py,15,1,src/inresearch/delivery/reading_packet.py:29 [full_text],migrated; see DELIVERY for external/runtime boundaries
inresearch.delivery.reading_packet.publish,src/inresearch/delivery/reading_packet.py,202,1,src/inresearch/workflow/deep_read.py:126 [DeepRead.pack],migrated; see DELIVERY for external/runtime boundaries
inresearch.delivery.reading_packet.question_menu,src/inresearch/delivery/reading_packet.py,97,1,src/inresearch/delivery/reading_packet.py:219 [publish],migrated; see DELIVERY for external/runtime boundaries
inresearch.delivery.reading_packet.run,src/inresearch/delivery/reading_packet.py,12,3,src/inresearch/delivery/reading_packet.py:16 [pdf_text]; src/inresearch/delivery/reading_packet.py:19 [pdf_text]; src/inresearch/delivery/reading_packet.py:41 [full_text],migrated; see DELIVERY for external/runtime boundaries
inresearch.interfaces.deep_read.cmd_attribute,src/inresearch/interfaces/deep_read.py,37,2,src/inresearch/interfaces/deep_read.py:169 [main]; tests/unit/test_deep_read.py:202 [AttributionTests.attribute],migrated; see DELIVERY for external/runtime boundaries
inresearch.interfaces.deep_read.cmd_backfill_provenance,src/inresearch/interfaces/deep_read.py,62,2,src/inresearch/interfaces/deep_read.py:170 [main]; tests/unit/test_deep_read.py:822 [BackfillProvenanceTests.run_it],migrated; see DELIVERY for external/runtime boundaries
inresearch.interfaces.deep_read.cmd_flag,src/inresearch/interfaces/deep_read.py,42,2,src/inresearch/interfaces/deep_read.py:169 [main]; tests/unit/test_deep_read.py:506 [RestrictionTests.flag],migrated; see DELIVERY for external/runtime boundaries
inresearch.interfaces.deep_read.cmd_gaps,src/inresearch/interfaces/deep_read.py,51,2,src/inresearch/interfaces/deep_read.py:170 [main]; tests/unit/test_deep_read.py:601 [SkipTests.gaps],migrated; see DELIVERY for external/runtime boundaries
inresearch.interfaces.deep_read.cmd_pack,src/inresearch/interfaces/deep_read.py,16,4,src/inresearch/interfaces/deep_read.py:168 [main]; tests/unit/test_deep_read.py:285 [AttributionTests.pack]; tests/unit/test_deep_read.py:469 [PackAgainTests.test_reopening_requires_naming_the_document]; tests/unit/test_deep_read.py:756 [TextTwinRoutingTests.pack],migrated; see DELIVERY for external/runtime boundaries
inresearch.interfaces.deep_read.cmd_queue,src/inresearch/interfaces/deep_read.py,81,3,src/inresearch/interfaces/deep_read.py:168 [main]; tests/unit/test_deep_read.py:344 [QueueOutputTests.queue]; tests/unit/test_deep_read.py:558 [RestrictionTests.test_the_queue_counts_what_it_excluded],migrated; see DELIVERY for external/runtime boundaries
inresearch.interfaces.deep_read.cmd_record,src/inresearch/interfaces/deep_read.py,20,4,src/inresearch/interfaces/deep_read.py:168 [main]; tests/unit/test_deep_read.py:45 [RecordTests.record]; tests/unit/test_deep_read.py:422 [EmptyBatchTests.record]; tests/unit/test_deep_read.py:950 [DisputeRecordTests.record],migrated; see DELIVERY for external/runtime boundaries
inresearch.interfaces.deep_read.cmd_skip,src/inresearch/interfaces/deep_read.py,47,2,src/inresearch/interfaces/deep_read.py:169 [main]; tests/unit/test_deep_read.py:594 [SkipTests.skip],migrated; see DELIVERY for external/runtime boundaries
inresearch.interfaces.deep_read.cmd_status,src/inresearch/interfaces/deep_read.py,76,1,src/inresearch/interfaces/deep_read.py:171 [main],migrated; see DELIVERY for external/runtime boundaries
inresearch.interfaces.deep_read.emit,src/inresearch/interfaces/deep_read.py,12,12,src/inresearch/interfaces/deep_read.py:17 [cmd_pack]; src/inresearch/interfaces/deep_read.py:24 [cmd_record]; src/inresearch/interfaces/deep_read.py:38 [cmd_attribute]; src/inresearch/interfaces/deep_read.py:43 [cmd_flag]; src/inresearch/interfaces/deep_read.py:48 [cmd_skip]; src/inresearch/interfaces/deep_read.py:53 [cmd_gaps]; src/inresearch/interfaces/deep_read.py:56 [cmd_gaps]; src/inresearch/interfaces/deep_read.py:65 [cmd_backfill_provenance]; src/inresearch/interfaces/deep_read.py:77 [cmd_status]; src/inresearch/interfaces/deep_read.py:173 [main]; src/inresearch/interfaces/deep_read.py:176 [main]; src/inresearch/interfaces/deep_read.py:179 [main],migrated; see DELIVERY for external/runtime boundaries
inresearch.interfaces.deep_read.main,src/inresearch/interfaces/deep_read.py,117,4,src/inresearch/interfaces/cli.py:16 [manage.py -> registered deep-read command]; src/inresearch/interfaces/deep_read.py:184 [<module>]; tests/unit/test_deep_read_transactions.py:263 [DeepReadTransactionTests.test_cli_returns_commit_stage_and_requires_external_revision]; tests/unit/test_deep_read_transactions.py:267 [DeepReadTransactionTests.test_cli_returns_commit_stage_and_requires_external_revision],migrated; see DELIVERY for external/runtime boundaries
inresearch.knowledge.fact_contract.asserter_of,src/inresearch/knowledge/fact_contract.py,46,5,src/inresearch/knowledge/fact_contract.py:88 [claim_key]; src/inresearch/knowledge/fact_contract.py:101 [revision_key]; src/inresearch/knowledge/fact_contract.py:118 [forecast_key]; src/inresearch/knowledge/fact_contract.py:294 [_collision_problems]; src/inresearch/knowledge/fact_contract.py:342 [side_summary],migrated; see DELIVERY for external/runtime boundaries
inresearch.knowledge.fact_contract.check_fact,src/inresearch/knowledge/fact_contract.py,150,10,src/inresearch/knowledge/facts.py:63 [validate]; src/inresearch/workflow/deep_read.py:171 [DeepRead.record]; tests/unit/deep_read_fixtures.py:65 [problems]; tests/unit/test_fact_contract.py:415 [LiveFactLayerTests.test_every_recorded_fact_satisfies_the_current_menu]; tests/unit/test_fact_contract.py:1139 [RangeCaliberTests.test_every_range_end_validates_against_the_current_menu]; tests/unit/test_fact_contract.py:1773 [FreeTextDimensionTests.test_a_free_text_value_is_accepted]; tests/unit/test_fact_contract.py:1789 [FreeTextDimensionTests.test_the_refusal_says_what_the_dimension_is_for]; tests/unit/test_fact_contract.py:1800 [FreeTextDimensionTests.test_blank_and_missing_are_both_refused]; tests/unit/test_fact_contract.py:1804 [FreeTextDimensionTests.test_blank_and_missing_are_both_refused]; tests/unit/test_fact_contract.py:2216 [FifthRoundGapTests.test_every_fact_still_passes_after_the_menu_changed],migrated; see DELIVERY for external/runtime boundaries
inresearch.knowledge.fact_contract.claim_identity,src/inresearch/knowledge/fact_contract.py,32,6,src/inresearch/knowledge/fact_contract.py:87 [claim_key]; src/inresearch/knowledge/fact_contract.py:99 [revision_key]; src/inresearch/knowledge/fact_contract.py:116 [forecast_key]; src/inresearch/knowledge/fact_contract.py:139 [index_claim]; src/inresearch/knowledge/fact_contract.py:291 [_collision_problems]; tests/unit/test_fact_contract.py:2466 [AsserterTests.test_two_houses_on_one_question_no_longer_collide],migrated; see DELIVERY for external/runtime boundaries
inresearch.knowledge.fact_contract.claim_key,src/inresearch/knowledge/fact_contract.py,51,8,src/inresearch/knowledge/fact_contract.py:134 [index_claim]; src/inresearch/knowledge/fact_contract.py:270 [_collision_problems]; tests/unit/test_fact_contract.py:200 [ClaimIdentityTests.add]; tests/unit/test_fact_contract.py:301 [ClaimIdentityTests.test_the_existing_fact_layer_indexes_without_collision]; tests/unit/test_fact_contract.py:1849 [FreeTextDimensionTests.test_two_specs_of_one_equipment_no_longer_collide]; tests/unit/test_fact_contract.py:2227 [FifthRoundGapTests.test_no_two_facts_share_a_claim_key]; tests/unit/test_fact_contract.py:2465 [AsserterTests.test_two_houses_on_one_question_no_longer_collide]; tests/unit/test_fact_contract.py:2472 [AsserterTests.test_the_same_house_twice_still_collides],migrated; see DELIVERY for external/runtime boundaries
inresearch.knowledge.fact_contract.cross_link_disputes,src/inresearch/knowledge/fact_contract.py,312,1,src/inresearch/workflow/deep_read.py:183 [DeepRead.record],migrated; see DELIVERY for external/runtime boundaries
inresearch.knowledge.fact_contract.forecast_key,src/inresearch/knowledge/fact_contract.py,104,4,src/inresearch/knowledge/fact_contract.py:136 [index_claim]; src/inresearch/knowledge/fact_contract.py:261 [_collision_problems]; tests/unit/test_fact_contract.py:201 [ClaimIdentityTests.add]; tests/unit/test_fact_contract.py:301 [ClaimIdentityTests.test_the_existing_fact_layer_indexes_without_collision],migrated; see DELIVERY for external/runtime boundaries
inresearch.knowledge.fact_contract.index_claim,src/inresearch/knowledge/fact_contract.py,132,2,src/inresearch/knowledge/fact_contract.py:128 [index_claims]; src/inresearch/workflow/deep_read.py:176 [DeepRead.record],migrated; see DELIVERY for external/runtime boundaries
inresearch.knowledge.fact_contract.index_claims,src/inresearch/knowledge/fact_contract.py,120,5,src/inresearch/workflow/deep_read.py:156 [DeepRead.record]; tests/unit/test_fact_contract.py:2490 [AsserterTests.test_unstated_does_not_earn_a_seat_beside_a_named_house]; tests/unit/test_fact_contract.py:2497 [AsserterTests.test_two_named_houses_must_point_at_each_other]; tests/unit/test_fact_contract.py:2507 [AsserterTests.test_a_revision_is_not_a_dispute]; tests/unit/test_fact_contract.py:2518 [AsserterTests.test_two_vintages_of_one_forecast_stay_side_by_side],migrated; see DELIVERY for external/runtime boundaries
inresearch.knowledge.fact_contract.revision_key,src/inresearch/knowledge/fact_contract.py,91,2,src/inresearch/knowledge/fact_contract.py:135 [index_claim]; src/inresearch/knowledge/fact_contract.py:284 [_collision_problems],migrated; see DELIVERY for external/runtime boundaries
inresearch.knowledge.fact_contract.same_submission,src/inresearch/knowledge/fact_contract.py,142,1,src/inresearch/workflow/deep_read.py:168 [DeepRead.record],migrated; see DELIVERY for external/runtime boundaries
inresearch.knowledge.fact_contract.side_summary,src/inresearch/knowledge/fact_contract.py,338,1,src/inresearch/knowledge/fact_contract.py:334 [cross_link_disputes],migrated; see DELIVERY for external/runtime boundaries
inresearch.knowledge.provenance.cache_candidates,src/inresearch/knowledge/provenance.py,19,4,src/inresearch/knowledge/provenance.py:50 [repair_plan]; tests/unit/test_deep_read_transactions.py:272 [DeepReadTransactionTests.test_provenance_plan_refuses_substrings_failed_moves_and_competing_routes]; tests/unit/test_deep_read_transactions.py:273 [DeepReadTransactionTests.test_provenance_plan_refuses_substrings_failed_moves_and_competing_routes]; tests/unit/test_deep_read_transactions.py:274 [DeepReadTransactionTests.test_provenance_plan_refuses_substrings_failed_moves_and_competing_routes],migrated; see DELIVERY for external/runtime boundaries
inresearch.knowledge.provenance.digest,src/inresearch/knowledge/provenance.py,10,3,src/inresearch/knowledge/provenance.py:78 [repair_plan]; src/inresearch/knowledge/provenance.py:80 [repair_plan]; src/inresearch/workflow/deep_read.py:81 [DeepRead.remember_read],migrated; see DELIVERY for external/runtime boundaries
inresearch.knowledge.provenance.owing_provenance,src/inresearch/knowledge/provenance.py,15,3,src/inresearch/knowledge/provenance.py:48 [repair_plan]; src/inresearch/workflow/deep_read.py:286 [DeepRead.status]; tests/unit/test_deep_read.py:907 [BackfillProvenanceTests.test_the_live_debt_is_what_no_route_could_reach],migrated; see DELIVERY for external/runtime boundaries
inresearch.knowledge.provenance.repair_plan,src/inresearch/knowledge/provenance.py,35,4,src/inresearch/workflow/deep_read.py:264 [DeepRead.backfill_provenance]; tests/unit/test_deep_read_transactions.py:277 [DeepReadTransactionTests.test_provenance_plan_refuses_substrings_failed_moves_and_competing_routes]; tests/unit/test_deep_read_transactions.py:283 [DeepReadTransactionTests.test_provenance_path_ambiguity_and_namespace_collision_are_not_guessed]; tests/unit/test_deep_read_transactions.py:285 [DeepReadTransactionTests.test_provenance_path_ambiguity_and_namespace_collision_are_not_guessed],migrated; see DELIVERY for external/runtime boundaries
inresearch.materials.reading_policy.admission_problems,src/inresearch/materials/reading_policy.py,83,4,src/inresearch/workflow/deep_read.py:99 [DeepRead.eligible]; src/inresearch/workflow/deep_read.py:152 [DeepRead.record]; src/inresearch/workflow/deep_read.py:153 [DeepRead.record]; src/inresearch/workflow/deep_read.py:165 [DeepRead.record],migrated; see DELIVERY for external/runtime boundaries
inresearch.materials.reading_policy.document_year,src/inresearch/materials/reading_policy.py,55,6,src/inresearch/interfaces/deep_read.py:110 [cmd_queue]; src/inresearch/workflow/deep_read.py:100 [DeepRead.eligible]; src/inresearch/workflow/deep_read.py:102 [DeepRead.eligible]; tests/unit/test_fact_contract.py:377 [RecencyTests.test_the_year_is_taken_from_the_name_when_the_field_is_blank]; tests/unit/test_fact_contract.py:381 [RecencyTests.test_a_year_that_is_not_a_year_is_not_read_as_one]; tests/unit/test_fact_contract.py:385 [RecencyTests.test_a_declared_year_beats_a_number_in_the_path],migrated; see DELIVERY for external/runtime boundaries
inresearch.materials.reading_policy.gap_label,src/inresearch/materials/reading_policy.py,47,1,src/inresearch/interfaces/deep_read.py:113 [cmd_queue],migrated; see DELIVERY for external/runtime boundaries
inresearch.materials.reading_policy.matches,src/inresearch/materials/reading_policy.py,64,6,src/inresearch/interfaces/deep_read.py:90 [cmd_queue]; src/inresearch/materials/reading_policy.py:75 [resolve_document]; src/inresearch/materials/reading_policy.py:76 [resolve_document]; src/inresearch/materials/reading_policy.py:77 [resolve_document]; src/inresearch/materials/reading_policy.py:78 [resolve_document]; src/inresearch/materials/reading_policy.py:80 [resolve_document],migrated; see DELIVERY for external/runtime boundaries
inresearch.materials.reading_policy.resolve_document,src/inresearch/materials/reading_policy.py,72,2,src/inresearch/workflow/deep_read.py:70 [DeepRead.resolve_document]; src/inresearch/workflow/deep_read.py:151 [DeepRead.record],migrated; see DELIVERY for external/runtime boundaries
inresearch.materials.reading_policy.restricted,src/inresearch/materials/reading_policy.py,30,5,src/inresearch/interfaces/deep_read.py:101 [cmd_queue]; src/inresearch/materials/reading_policy.py:85 [admission_problems]; src/inresearch/workflow/deep_read.py:230 [DeepRead.flag]; src/inresearch/workflow/deep_read.py:236 [DeepRead.flag]; tests/unit/test_fact_contract.py:397 [ConfidentialScopeTests.test_nothing_is_flagged_automatically],migrated; see DELIVERY for external/runtime boundaries
inresearch.materials.reading_policy.self_authored,src/inresearch/materials/reading_policy.py,24,8,src/inresearch/interfaces/deep_read.py:89 [cmd_queue]; src/inresearch/materials/reading_policy.py:84 [admission_problems]; tests/unit/test_fact_contract.py:163 [SelfAuthoredTests.test_our_own_org_label_is_excluded]; tests/unit/test_fact_contract.py:166 [SelfAuthoredTests.test_whitespace_around_the_label_does_not_smuggle_it_through]; tests/unit/test_fact_contract.py:171 [SelfAuthoredTests.test_our_own_output_directories_are_excluded]; tests/unit/test_fact_contract.py:178 [SelfAuthoredTests.test_a_real_source_is_not_excluded]; tests/unit/test_fact_contract.py:181 [SelfAuthoredTests.test_a_directory_that_merely_starts_similarly_is_kept]; tests/unit/test_fact_contract.py:182 [SelfAuthoredTests.test_a_directory_that_merely_starts_similarly_is_kept],migrated; see DELIVERY for external/runtime boundaries
inresearch.materials.reading_policy.unattributed,src/inresearch/materials/reading_policy.py,35,11,src/inresearch/interfaces/deep_read.py:96 [cmd_queue]; src/inresearch/materials/reading_policy.py:49 [gap_label]; src/inresearch/workflow/deep_read.py:127 [DeepRead.pack]; src/inresearch/workflow/deep_read.py:215 [DeepRead.attribute]; tests/unit/test_deep_read.py:210 [AttributionTests.test_an_unknown_publisher_is_asked_for]; tests/unit/test_deep_read.py:213 [AttributionTests.test_a_named_publisher_is_not_asked_for]; tests/unit/test_deep_read.py:216 [AttributionTests.test_an_empty_string_counts_as_unknown]; tests/unit/test_deep_read.py:238 [AttributionTests.test_saying_there_is_nothing_to_find_stops_the_asking]; tests/unit/test_fact_contract.py:319 [UnrecoverableScopeTests.test_an_unrecoverable_publisher_still_leaves_the_year_asked]; tests/unit/test_fact_contract.py:323 [UnrecoverableScopeTests.test_both_can_be_declared_unrecoverable]; tests/unit/test_fact_contract.py:327 [UnrecoverableScopeTests.test_a_field_that_is_present_is_not_reported_either_way],migrated; see DELIVERY for external/runtime boundaries
inresearch.materials.text_similarity.SimilarityIndex,src/inresearch/materials/text_similarity.py,53,18,src/inresearch/materials/text_similarity.py:55 [SimilarityIndex.__init__]; src/inresearch/materials/text_similarity.py:58 [SimilarityIndex.fingerprints]; src/inresearch/materials/text_similarity.py:62 [SimilarityIndex.sketches]; src/inresearch/materials/text_similarity.py:66 [SimilarityIndex.remember]; src/inresearch/materials/text_similarity.py:71 [SimilarityIndex.same_text]; src/inresearch/materials/text_similarity.py:79 [SimilarityIndex.near_twins]; src/inresearch/workflow/deep_read.py:48 [DeepRead.__init__]; src/inresearch/workflow/deep_read.py:123 [DeepRead.pack]; src/inresearch/workflow/deep_read.py:124 [DeepRead.pack]; src/inresearch/workflow/deep_read.py:125 [DeepRead.pack]; src/inresearch/workflow/deep_read.py:129 [DeepRead.pack]; src/inresearch/workflow/deep_read.py:285 [DeepRead.status]; tests/unit/test_deep_read.py:708 [DeepReadJournalTests.test_committed_corruption_fails_and_torn_tail_is_read_only]; tests/unit/test_deep_read.py:709 [DeepReadJournalTests.test_committed_corruption_fails_and_torn_tail_is_read_only]; tests/unit/test_deep_read.py:727 [TextTwinRoutingTests.setUp]; tests/unit/test_deep_read.py:730 [TextTwinRoutingTests.setUp]; tests/unit/test_deep_read.py:744 [TextTwinRoutingTests.setUp]; tests/unit/test_deep_read.py:749 [TextTwinRoutingTests.tearDown],migrated; see DELIVERY for external/runtime boundaries
inresearch.materials.text_similarity.SimilarityIndex.fingerprints,src/inresearch/materials/text_similarity.py,57,3,src/inresearch/materials/text_similarity.py:71 [SimilarityIndex.same_text]; src/inresearch/workflow/deep_read.py:285 [DeepRead.status]; tests/unit/test_deep_read.py:708 [DeepReadJournalTests.test_committed_corruption_fails_and_torn_tail_is_read_only],migrated; see DELIVERY for external/runtime boundaries
inresearch.materials.text_similarity.SimilarityIndex.near_twins,src/inresearch/materials/text_similarity.py,75,1,src/inresearch/workflow/deep_read.py:125 [DeepRead.pack],migrated; see DELIVERY for external/runtime boundaries
inresearch.materials.text_similarity.SimilarityIndex.remember,src/inresearch/materials/text_similarity.py,65,2,src/inresearch/workflow/deep_read.py:129 [DeepRead.pack]; tests/unit/test_deep_read.py:744 [TextTwinRoutingTests.setUp],migrated; see DELIVERY for external/runtime boundaries
inresearch.materials.text_similarity.SimilarityIndex.same_text,src/inresearch/materials/text_similarity.py,70,2,src/inresearch/workflow/deep_read.py:123 [DeepRead.pack]; src/inresearch/workflow/deep_read.py:124 [DeepRead.pack],migrated; see DELIVERY for external/runtime boundaries
inresearch.materials.text_similarity.SimilarityIndex.sketches,src/inresearch/materials/text_similarity.py,61,2,src/inresearch/materials/text_similarity.py:79 [SimilarityIndex.near_twins]; tests/unit/test_deep_read.py:709 [DeepReadJournalTests.test_committed_corruption_fails_and_torn_tail_is_read_only],migrated; see DELIVERY for external/runtime boundaries
inresearch.materials.text_similarity.sketch_overlap,src/inresearch/materials/text_similarity.py,41,6,src/inresearch/materials/text_similarity.py:80 [SimilarityIndex.near_twins]; tests/unit/test_text_similarity.py:152 [NearTwinTests.test_a_copy_missing_a_page_is_a_near_twin]; tests/unit/test_text_similarity.py:157 [NearTwinTests.test_a_different_report_of_the_same_length_is_not]; tests/unit/test_text_similarity.py:164 [NearTwinTests.test_a_shared_front_matter_with_a_different_body_is_not]; tests/unit/test_text_similarity.py:192 [NearTwinTests.test_an_empty_sketch_never_matches]; tests/unit/test_text_similarity.py:193 [NearTwinTests.test_an_empty_sketch_never_matches],migrated; see DELIVERY for external/runtime boundaries
inresearch.materials.text_similarity.text_fingerprint,src/inresearch/materials/text_similarity.py,15,5,src/inresearch/workflow/deep_read.py:121 [DeepRead.pack]; tests/unit/test_deep_read.py:744 [TextTwinRoutingTests.setUp]; tests/unit/test_text_similarity.py:43 [TextFingerprintTests.fp]; tests/unit/test_text_similarity.py:149 [NearTwinTests.test_a_copy_missing_a_page_is_a_near_twin]; tests/unit/test_text_similarity.py:150 [NearTwinTests.test_a_copy_missing_a_page_is_a_near_twin],migrated; see DELIVERY for external/runtime boundaries
inresearch.materials.text_similarity.text_sketch,src/inresearch/materials/text_similarity.py,24,10,src/inresearch/workflow/deep_read.py:121 [DeepRead.pack]; tests/unit/test_text_similarity.py:152 [NearTwinTests.test_a_copy_missing_a_page_is_a_near_twin]; tests/unit/test_text_similarity.py:157 [NearTwinTests.test_a_different_report_of_the_same_length_is_not]; tests/unit/test_text_similarity.py:164 [NearTwinTests.test_a_shared_front_matter_with_a_different_body_is_not]; tests/unit/test_text_similarity.py:165 [NearTwinTests.test_a_shared_front_matter_with_a_different_body_is_not]; tests/unit/test_text_similarity.py:169 [NearTwinTests.test_too_little_text_gets_no_sketch]; tests/unit/test_text_similarity.py:172 [NearTwinTests.test_the_ledger_reports_who_it_overlaps_and_whether_it_was_read]; tests/unit/test_text_similarity.py:173 [NearTwinTests.test_the_ledger_reports_who_it_overlaps_and_whether_it_was_read]; tests/unit/test_text_similarity.py:181 [NearTwinTests.test_a_document_is_never_its_own_near_twin]; tests/unit/test_text_similarity.py:189 [NearTwinTests.test_a_ledger_row_without_a_sketch_is_skipped_not_fatal],migrated; see DELIVERY for external/runtime boundaries
inresearch.workflow.deep_read.CompletionPending,src/inresearch/workflow/deep_read.py,31,7,src/inresearch/interfaces/deep_read.py:172 [main]; src/inresearch/workflow/deep_read.py:33 [CompletionPending.__init__]; src/inresearch/workflow/deep_read.py:196 [DeepRead.record]; src/inresearch/workflow/deep_read.py:248 [DeepRead.skip]; tests/unit/test_deep_read_transactions.py:140 [DeepReadTransactionTests.test_fact_commit_then_receipt_failure_recovers_from_same_input]; tests/unit/test_deep_read_transactions.py:167 [DeepReadTransactionTests.test_gap_commit_then_receipt_failure_and_fill_can_be_replayed]; tests/unit/test_deep_read_transactions.py:327 [DeepReadTransactionTests.test_disputes_inside_one_batch_commit_together_and_replay_after_receipt_failure],migrated; see DELIVERY for external/runtime boundaries
inresearch.workflow.deep_read.DeepRead,src/inresearch/workflow/deep_read.py,37,426,src/inresearch/interfaces/deep_read.py:17 [cmd_pack]; src/inresearch/interfaces/deep_read.py:21 [cmd_record]; src/inresearch/interfaces/deep_read.py:38 [cmd_attribute]; src/inresearch/interfaces/deep_read.py:43 [cmd_flag]; src/inresearch/interfaces/deep_read.py:48 [cmd_skip]; src/inresearch/interfaces/deep_read.py:53 [cmd_gaps]; src/inresearch/interfaces/deep_read.py:55 [cmd_gaps]; src/inresearch/interfaces/deep_read.py:63 [cmd_backfill_provenance]; src/inresearch/interfaces/deep_read.py:77 [cmd_status]; src/inresearch/interfaces/deep_read.py:78 [cmd_status]; src/inresearch/interfaces/deep_read.py:82 [cmd_queue]; src/inresearch/interfaces/deep_read.py:84 [cmd_queue]; src/inresearch/interfaces/deep_read.py:86 [cmd_queue]; src/inresearch/interfaces/deep_read.py:87 [cmd_queue]; src/inresearch/interfaces/deep_read.py:94 [cmd_queue]; src/inresearch/interfaces/deep_read.py:98 [cmd_queue]; src/inresearch/interfaces/deep_read.py:166 [main]; src/inresearch/interfaces/deep_read.py:171 [main]; src/inresearch/workflow/deep_read.py:39 [DeepRead.__init__]; src/inresearch/workflow/deep_read.py:41 [DeepRead.__init__]; src/inresearch/workflow/deep_read.py:42 [DeepRead.__init__]; src/inresearch/workflow/deep_read.py:43 [DeepRead.__init__]; src/inresearch/workflow/deep_read.py:44 [DeepRead.__init__]; src/inresearch/workflow/deep_read.py:45 [DeepRead.__init__]; src/inresearch/workflow/deep_read.py:46 [DeepRead.__init__]; src/inresearch/workflow/deep_read.py:47 [DeepRead.__init__]; src/inresearch/workflow/deep_read.py:48 [DeepRead.__init__]; src/inresearch/workflow/deep_read.py:49 [DeepRead.__init__]; src/inresearch/workflow/deep_read.py:50 [DeepRead.__init__]; src/inresearch/workflow/deep_read.py:51 [DeepRead.__init__]; src/inresearch/workflow/deep_read.py:54 [DeepRead.load_metrics]; src/inresearch/workflow/deep_read.py:59 [DeepRead.load_questions]; src/inresearch/workflow/deep_read.py:64 [DeepRead.load_facts]; src/inresearch/workflow/deep_read.py:67 [DeepRead.all_results]; src/inresearch/workflow/deep_read.py:70 [DeepRead.resolve_document]; src/inresearch/workflow/deep_read.py:73 [DeepRead.read_documents]; src/inresearch/workflow/deep_read.py:77 [DeepRead.twin_documents]; src/inresearch/workflow/deep_read.py:82 [DeepRead.remember_read]; src/inresearch/workflow/deep_read.py:91 [DeepRead.coverage]; src/inresearch/workflow/deep_read.py:92 [DeepRead.coverage]; src/inresearch/workflow/deep_read.py:95 [DeepRead.eligible]; src/inresearch/workflow/deep_read.py:96 [DeepRead.eligible]; src/inresearch/workflow/deep_read.py:109 [DeepRead.pack]; src/inresearch/workflow/deep_read.py:110 [DeepRead.pack]; src/inresearch/workflow/deep_read.py:116 [DeepRead.pack]; src/inresearch/workflow/deep_read.py:118 [DeepRead.pack]; src/inresearch/workflow/deep_read.py:122 [DeepRead.pack]; src/inresearch/workflow/deep_read.py:123 [DeepRead.pack]; src/inresearch/workflow/deep_read.py:124 [DeepRead.pack]; src/inresearch/workflow/deep_read.py:125 [DeepRead.pack]; src/inresearch/workflow/deep_read.py:126 [DeepRead.pack]; src/inresearch/workflow/deep_read.py:127 [DeepRead.pack]; src/inresearch/workflow/deep_read.py:129 [DeepRead.pack]; src/inresearch/workflow/deep_read.py:149 [DeepRead.record]; src/inresearch/workflow/deep_read.py:150 [DeepRead.record]; src/inresearch/workflow/deep_read.py:154 [DeepRead.record]; src/inresearch/workflow/deep_read.py:189 [DeepRead.record]; src/inresearch/workflow/deep_read.py:193 [DeepRead.record]; src/inresearch/workflow/deep_read.py:202 [DeepRead.attribute]; src/inresearch/workflow/deep_read.py:218 [DeepRead.attribute]; src/inresearch/workflow/deep_read.py:219 [DeepRead.attribute]; src/inresearch/workflow/deep_read.py:225 [DeepRead.flag]; src/inresearch/workflow/deep_read.py:235 [DeepRead.flag]; src/inresearch/workflow/deep_read.py:242 [DeepRead.skip]; src/inresearch/workflow/deep_read.py:243 [DeepRead.skip]; src/inresearch/workflow/deep_read.py:245 [DeepRead.skip]; src/inresearch/workflow/deep_read.py:255 [DeepRead.backfill_provenance]; src/inresearch/workflow/deep_read.py:256 [DeepRead.backfill_provenance]; src/inresearch/workflow/deep_read.py:257 [DeepRead.backfill_provenance]; src/inresearch/workflow/deep_read.py:260 [DeepRead.backfill_provenance]; src/inresearch/workflow/deep_read.py:261 [DeepRead.backfill_provenance]; src/inresearch/workflow/deep_read.py:263 [DeepRead.backfill_provenance]; src/inresearch/workflow/deep_read.py:264 [DeepRead.backfill_provenance]; src/inresearch/workflow/deep_read.py:265 [DeepRead.backfill_provenance]; src/inresearch/workflow/deep_read.py:273 [DeepRead.backfill_provenance]; src/inresearch/workflow/deep_read.py:277 [DeepRead.status]; src/inresearch/workflow/deep_read.py:278 [DeepRead.status]; src/inresearch/workflow/deep_read.py:279 [DeepRead.status]; src/inresearch/workflow/deep_read.py:285 [DeepRead.status]; tests/unit/deep_read_fixtures.py:16 [make_app]; tests/unit/deep_read_fixtures.py:17 [make_app]; tests/unit/deep_read_fixtures.py:18 [make_app]; tests/unit/test_deep_read.py:20 [<module>]; tests/unit/test_deep_read.py:29 [RecordTests.setUp]; tests/unit/test_deep_read.py:30 [RecordTests.setUp]; tests/unit/test_deep_read.py:31 [RecordTests.setUp]; tests/unit/test_deep_read.py:32 [RecordTests.setUp]; tests/unit/test_deep_read.py:35 [RecordTests.tearDown]; tests/unit/test_deep_read.py:45 [RecordTests.record]; tests/unit/test_deep_read.py:71 [RecordTests.test_recording_marks_the_document_read]; tests/unit/test_deep_read.py:77 [RecordTests.test_failed_read_log_can_be_replayed_without_duplicate_facts]; tests/unit/test_deep_read.py:83 [RecordTests.test_failed_read_log_can_be_replayed_without_duplicate_facts]; tests/unit/test_deep_read.py:88 [RecordTests.test_other_material_cannot_mark_this_document_read]; tests/unit/test_deep_read.py:112 [RecordTests.test_a_document_with_no_facts_still_counts_as_read]; tests/unit/test_deep_read.py:120 [RecordTests.resolving]; tests/unit/test_deep_read.py:126 [RecordTests.test_a_prefix_is_resolved_to_the_full_hash]; tests/unit/test_deep_read.py:134 [RecordTests.test_a_prefix_that_matches_nothing_stops_before_anything_is_written]; tests/unit/test_deep_read.py:147 [RecordTests.test_a_full_hash_needs_no_judgement_row]; tests/unit/test_deep_read.py:157 [EffectiveResultTests.test_failed_retry_does_not_remove_a_document_from_the_deep_read_queue]; tests/unit/test_deep_read.py:158 [EffectiveResultTests.test_failed_retry_does_not_remove_a_document_from_the_deep_read_queue]; tests/unit/test_deep_read.py:159 [EffectiveResultTests.test_failed_retry_does_not_remove_a_document_from_the_deep_read_queue]; tests/unit/test_deep_read.py:160 [EffectiveResultTests.test_failed_retry_does_not_remove_a_document_from_the_deep_read_queue]; tests/unit/test_deep_read.py:161 [EffectiveResultTests.test_failed_retry_does_not_remove_a_document_from_the_deep_read_queue]; tests/unit/test_deep_read.py:170 [EffectiveResultTests.test_successful_reassessment_still_replaces_the_previous_score]; tests/unit/test_deep_read.py:171 [EffectiveResultTests.test_successful_reassessment_still_replaces_the_previous_score]; tests/unit/test_deep_read.py:188 [AttributionTests.setUp]; tests/unit/test_deep_read.py:189 [AttributionTests.setUp]; tests/unit/test_deep_read.py:192 [AttributionTests.tearDown]; tests/unit/test_deep_read.py:198 [AttributionTests.attribute]; tests/unit/test_deep_read.py:202 [AttributionTests.attribute]; tests/unit/test_deep_read.py:272 [AttributionTests.pack]; tests/unit/test_deep_read.py:273 [AttributionTests.pack]; tests/unit/test_deep_read.py:274 [AttributionTests.pack]; tests/unit/test_deep_read.py:275 [AttributionTests.pack]; tests/unit/test_deep_read.py:277 [AttributionTests.pack]; tests/unit/test_deep_read.py:278 [AttributionTests.pack]; tests/unit/test_deep_read.py:279 [AttributionTests.pack]; tests/unit/test_deep_read.py:280 [AttributionTests.pack]; tests/unit/test_deep_read.py:281 [AttributionTests.pack]; tests/unit/test_deep_read.py:285 [AttributionTests.pack]; tests/unit/test_deep_read.py:290 [AttributionTests.pack]; tests/unit/test_deep_read.py:291 [AttributionTests.pack]; tests/unit/test_deep_read.py:334 [QueueOutputTests.queue]; tests/unit/test_deep_read.py:335 [QueueOutputTests.queue]; tests/unit/test_deep_read.py:336 [QueueOutputTests.queue]; tests/unit/test_deep_read.py:337 [QueueOutputTests.queue]; tests/unit/test_deep_read.py:338 [QueueOutputTests.queue]; tests/unit/test_deep_read.py:339 [QueueOutputTests.queue]; tests/unit/test_deep_read.py:340 [QueueOutputTests.queue]; tests/unit/test_deep_read.py:344 [QueueOutputTests.queue]; tests/unit/test_deep_read.py:347 [QueueOutputTests.queue]; tests/unit/test_deep_read.py:348 [QueueOutputTests.queue]; tests/unit/test_deep_read.py:410 [EmptyBatchTests.setUp]; tests/unit/test_deep_read.py:411 [EmptyBatchTests.setUp]; tests/unit/test_deep_read.py:414 [EmptyBatchTests.tearDown]; tests/unit/test_deep_read.py:422 [EmptyBatchTests.record]; tests/unit/test_deep_read.py:449 [PackAgainTests.setUp]; tests/unit/test_deep_read.py:450 [PackAgainTests.setUp]; tests/unit/test_deep_read.py:451 [PackAgainTests.setUp]; tests/unit/test_deep_read.py:452 [PackAgainTests.setUp]; tests/unit/test_deep_read.py:453 [PackAgainTests.setUp]; tests/unit/test_deep_read.py:456 [PackAgainTests.tearDown]; tests/unit/test_deep_read.py:460 [PackAgainTests.test_a_read_document_is_out_of_the_queue]; tests/unit/test_deep_read.py:463 [PackAgainTests.test_and_can_be_reopened_on_purpose]; tests/unit/test_deep_read.py:469 [PackAgainTests.test_reopening_requires_naming_the_document]; tests/unit/test_deep_read.py:489 [RestrictionTests.setUp]; tests/unit/test_deep_read.py:490 [RestrictionTests.setUp]; tests/unit/test_deep_read.py:491 [RestrictionTests.setUp]; tests/unit/test_deep_read.py:492 [RestrictionTests.setUp]; tests/unit/test_deep_read.py:493 [RestrictionTests.setUp]; tests/unit/test_deep_read.py:496 [RestrictionTests.tearDown]; tests/unit/test_deep_read.py:502 [RestrictionTests.flag]; tests/unit/test_deep_read.py:506 [RestrictionTests.flag]; tests/unit/test_deep_read.py:514 [RestrictionTests.test_an_unflagged_document_is_in_the_queue]; tests/unit/test_deep_read.py:519 [RestrictionTests.test_flagging_it_takes_it_out]; tests/unit/test_deep_read.py:536 [RestrictionTests.test_personal_information_is_the_other_gate]; tests/unit/test_deep_read.py:542 [RestrictionTests.test_a_flag_can_be_lifted]; tests/unit/test_deep_read.py:548 [RestrictionTests.test_lifting_one_flag_leaves_the_other]; tests/unit/test_deep_read.py:558 [RestrictionTests.test_the_queue_counts_what_it_excluded]; tests/unit/test_deep_read.py:578 [SkipTests.setUp]; tests/unit/test_deep_read.py:579 [SkipTests.setUp]; tests/unit/test_deep_read.py:580 [SkipTests.setUp]; tests/unit/test_deep_read.py:581 [SkipTests.setUp]; tests/unit/test_deep_read.py:582 [SkipTests.setUp]; tests/unit/test_deep_read.py:583 [SkipTests.setUp]; tests/unit/test_deep_read.py:584 [SkipTests.setUp]; tests/unit/test_deep_read.py:587 [SkipTests.tearDown]; tests/unit/test_deep_read.py:588 [SkipTests.tearDown]; tests/unit/test_deep_read.py:594 [SkipTests.skip]; tests/unit/test_deep_read.py:601 [SkipTests.gaps]; tests/unit/test_deep_read.py:605 [SkipTests.test_the_queue_advances]; tests/unit/test_deep_read.py:607 [SkipTests.test_the_queue_advances]; tests/unit/test_deep_read.py:612 [SkipTests.test_the_gap_is_what_survives]; tests/unit/test_deep_read.py:620 [SkipTests.test_one_document_can_report_several_gaps]; tests/unit/test_deep_read.py:621 [SkipTests.test_one_document_can_report_several_gaps]; tests/unit/test_deep_read.py:627 [SkipTests.test_the_same_gap_twice_is_one_gap]; tests/unit/test_deep_read.py:638 [SkipTests.test_the_same_gap_from_another_document_is_a_separate_row]; tests/unit/test_deep_read.py:643 [SkipTests.test_the_read_ledger_says_it_was_a_skip_not_a_read]; tests/unit/test_deep_read.py:646 [SkipTests.test_the_read_ledger_says_it_was_a_skip_not_a_read]; tests/unit/test_deep_read.py:650 [SkipTests.test_the_default_reason_is_the_menu]; tests/unit/test_deep_read.py:669 [SkipTests.test_filling_a_gap_clears_it]; tests/unit/test_deep_read.py:674 [SkipTests.test_filling_one_leaves_the_others]; tests/unit/test_deep_read.py:686 [SkipTests.test_filling_the_same_gap_twice_replays]; tests/unit/test_deep_read.py:697 [SkipTests.test_an_incomplete_tail_does_not_take_the_ledger_down]; tests/unit/test_deep_read.py:699 [SkipTests.test_an_incomplete_tail_does_not_take_the_ledger_down]; tests/unit/test_deep_read.py:708 [DeepReadJournalTests.test_committed_corruption_fails_and_torn_tail_is_read_only]; tests/unit/test_deep_read.py:709 [DeepReadJournalTests.test_committed_corruption_fails_and_torn_tail_is_read_only]; tests/unit/test_deep_read.py:727 [TextTwinRoutingTests.setUp]; tests/unit/test_deep_read.py:728 [TextTwinRoutingTests.setUp]; tests/unit/test_deep_read.py:729 [TextTwinRoutingTests.setUp]; tests/unit/test_deep_read.py:730 [TextTwinRoutingTests.setUp]; tests/unit/test_deep_read.py:731 [TextTwinRoutingTests.setUp]; tests/unit/test_deep_read.py:732 [TextTwinRoutingTests.setUp]; tests/unit/test_deep_read.py:737 [TextTwinRoutingTests.setUp]; tests/unit/test_deep_read.py:738 [TextTwinRoutingTests.setUp]; tests/unit/test_deep_read.py:739 [TextTwinRoutingTests.setUp]; tests/unit/test_deep_read.py:740 [TextTwinRoutingTests.setUp]; tests/unit/test_deep_read.py:741 [TextTwinRoutingTests.setUp]; tests/unit/test_deep_read.py:742 [TextTwinRoutingTests.setUp]; tests/unit/test_deep_read.py:744 [TextTwinRoutingTests.setUp]; tests/unit/test_deep_read.py:745 [TextTwinRoutingTests.setUp]; tests/unit/test_deep_read.py:749 [TextTwinRoutingTests.tearDown]; tests/unit/test_deep_read.py:750 [TextTwinRoutingTests.tearDown]; tests/unit/test_deep_read.py:755 [TextTwinRoutingTests.pack]; tests/unit/test_deep_read.py:756 [TextTwinRoutingTests.pack]; tests/unit/test_deep_read.py:761 [TextTwinRoutingTests.test_same_extracted_text_different_bytes_still_gets_its_own_packet]; tests/unit/test_deep_read.py:766 [TextTwinRoutingTests.test_same_extracted_text_different_bytes_still_gets_its_own_packet]; tests/unit/test_deep_read.py:767 [TextTwinRoutingTests.test_same_extracted_text_different_bytes_still_gets_its_own_packet]; tests/unit/test_deep_read.py:771 [TextTwinRoutingTests.test_again_still_reopens_a_genuinely_read_document]; tests/unit/test_deep_read.py:777 [TextTwinRoutingTests.test_old_automatic_twin_record_is_preserved_but_not_counted_as_read]; tests/unit/test_deep_read.py:778 [TextTwinRoutingTests.test_old_automatic_twin_record_is_preserved_but_not_counted_as_read]; tests/unit/test_deep_read.py:779 [TextTwinRoutingTests.test_old_automatic_twin_record_is_preserved_but_not_counted_as_read]; tests/unit/test_deep_read.py:780 [TextTwinRoutingTests.test_old_automatic_twin_record_is_preserved_but_not_counted_as_read]; tests/unit/test_deep_read.py:781 [TextTwinRoutingTests.test_old_automatic_twin_record_is_preserved_but_not_counted_as_read]; tests/unit/test_deep_read.py:783 [TextTwinRoutingTests.test_old_automatic_twin_record_is_preserved_but_not_counted_as_read]; tests/unit/test_deep_read.py:784 [TextTwinRoutingTests.test_old_automatic_twin_record_is_preserved_but_not_counted_as_read]; tests/unit/test_deep_read.py:785 [TextTwinRoutingTests.test_old_automatic_twin_record_is_preserved_but_not_counted_as_read]; tests/unit/test_deep_read.py:801 [BackfillProvenanceTests.setUp]; tests/unit/test_deep_read.py:802 [BackfillProvenanceTests.setUp]; tests/unit/test_deep_read.py:803 [BackfillProvenanceTests.setUp]; tests/unit/test_deep_read.py:804 [BackfillProvenanceTests.setUp]; tests/unit/test_deep_read.py:807 [BackfillProvenanceTests.tearDown]; tests/unit/test_deep_read.py:822 [BackfillProvenanceTests.run_it]; tests/unit/test_deep_read.py:823 [BackfillProvenanceTests.run_it]; tests/unit/test_deep_read.py:905 [BackfillProvenanceTests.test_the_live_debt_is_what_no_route_could_reach]; tests/unit/test_deep_read.py:906 [BackfillProvenanceTests.test_the_live_debt_is_what_no_route_could_reach]; tests/unit/test_deep_read.py:915 [BackfillProvenanceTests.test_cache_keys_are_not_sha256_prefixes]; tests/unit/test_deep_read.py:916 [BackfillProvenanceTests.test_cache_keys_are_not_sha256_prefixes]; tests/unit/test_deep_read.py:917 [BackfillProvenanceTests.test_cache_keys_are_not_sha256_prefixes]; tests/unit/test_deep_read.py:936 [DisputeRecordTests.setUp]; tests/unit/test_deep_read.py:937 [DisputeRecordTests.setUp]; tests/unit/test_deep_read.py:938 [DisputeRecordTests.setUp]; tests/unit/test_deep_read.py:939 [DisputeRecordTests.setUp]; tests/unit/test_deep_read.py:940 [DisputeRecordTests.setUp]; tests/unit/test_deep_read.py:950 [DisputeRecordTests.record]; tests/unit/test_deep_read_transactions.py:31 [app_at]; tests/unit/test_deep_read_transactions.py:35 [competing]; tests/unit/test_deep_read_transactions.py:38 [competing]; tests/unit/test_deep_read_transactions.py:39 [competing]; tests/unit/test_deep_read_transactions.py:40 [competing]; tests/unit/test_deep_read_transactions.py:41 [competing]; tests/unit/test_deep_read_transactions.py:43 [competing]; tests/unit/test_deep_read_transactions.py:55 [DeepReadTransactionTests.setUp]; tests/unit/test_deep_read_transactions.py:56 [DeepReadTransactionTests.setUp]; tests/unit/test_deep_read_transactions.py:57 [DeepReadTransactionTests.setUp]; tests/unit/test_deep_read_transactions.py:58 [DeepReadTransactionTests.setUp]; tests/unit/test_deep_read_transactions.py:64 [DeepReadTransactionTests.write_rows]; tests/unit/test_deep_read_transactions.py:82 [DeepReadTransactionTests.test_ambiguous_packet_does_not_start_extraction_even_if_other_match_is_ineligible]; tests/unit/test_deep_read_transactions.py:83 [DeepReadTransactionTests.test_ambiguous_packet_does_not_start_extraction_even_if_other_match_is_ineligible]; tests/unit/test_deep_read_transactions.py:85 [DeepReadTransactionTests.test_ambiguous_packet_does_not_start_extraction_even_if_other_match_is_ineligible]; tests/unit/test_deep_read_transactions.py:88 [DeepReadTransactionTests.test_restricted_and_self_authored_sources_cannot_bypass_queue_at_record]; tests/unit/test_deep_read_transactions.py:91 [DeepReadTransactionTests.test_restricted_and_self_authored_sources_cannot_bypass_queue_at_record]; tests/unit/test_deep_read_transactions.py:92 [DeepReadTransactionTests.test_restricted_and_self_authored_sources_cannot_bypass_queue_at_record]; tests/unit/test_deep_read_transactions.py:93 [DeepReadTransactionTests.test_restricted_and_self_authored_sources_cannot_bypass_queue_at_record]; tests/unit/test_deep_read_transactions.py:94 [DeepReadTransactionTests.test_restricted_and_self_authored_sources_cannot_bypass_queue_at_record]; tests/unit/test_deep_read_transactions.py:95 [DeepReadTransactionTests.test_restricted_and_self_authored_sources_cannot_bypass_queue_at_record]; tests/unit/test_deep_read_transactions.py:98 [DeepReadTransactionTests.test_identical_fact_replay_never_duplicates_completion_or_records]; tests/unit/test_deep_read_transactions.py:99 [DeepReadTransactionTests.test_identical_fact_replay_never_duplicates_completion_or_records]; tests/unit/test_deep_read_transactions.py:102 [DeepReadTransactionTests.test_identical_fact_replay_never_duplicates_completion_or_records]; tests/unit/test_deep_read_transactions.py:103 [DeepReadTransactionTests.test_identical_fact_replay_never_duplicates_completion_or_records]; tests/unit/test_deep_read_transactions.py:104 [DeepReadTransactionTests.test_identical_fact_replay_never_duplicates_completion_or_records]; tests/unit/test_deep_read_transactions.py:107 [DeepReadTransactionTests.test_execution_attribution_is_explicit_and_replay_cannot_rewrite_it]; tests/unit/test_deep_read_transactions.py:108 [DeepReadTransactionTests.test_execution_attribution_is_explicit_and_replay_cannot_rewrite_it]; tests/unit/test_deep_read_transactions.py:109 [DeepReadTransactionTests.test_execution_attribution_is_explicit_and_replay_cannot_rewrite_it]; tests/unit/test_deep_read_transactions.py:111 [DeepReadTransactionTests.test_execution_attribution_is_explicit_and_replay_cannot_rewrite_it]; tests/unit/test_deep_read_transactions.py:112 [DeepReadTransactionTests.test_execution_attribution_is_explicit_and_replay_cannot_rewrite_it]; tests/unit/test_deep_read_transactions.py:113 [DeepReadTransactionTests.test_execution_attribution_is_explicit_and_replay_cannot_rewrite_it]; tests/unit/test_deep_read_transactions.py:117 [DeepReadTransactionTests.test_empty_envelopes_are_valid_but_not_automatic_proof_of_full_read]; tests/unit/test_deep_read_transactions.py:120 [DeepReadTransactionTests.test_empty_envelopes_are_valid_but_not_automatic_proof_of_full_read]; tests/unit/test_deep_read_transactions.py:123 [DeepReadTransactionTests.test_malformed_input_is_rejected_before_writes]; tests/unit/test_deep_read_transactions.py:125 [DeepReadTransactionTests.test_malformed_input_is_rejected_before_writes]; tests/unit/test_deep_read_transactions.py:127 [DeepReadTransactionTests.test_malformed_input_is_rejected_before_writes]; tests/unit/test_deep_read_transactions.py:128 [DeepReadTransactionTests.test_malformed_input_is_rejected_before_writes]; tests/unit/test_deep_read_transactions.py:129 [DeepReadTransactionTests.test_malformed_input_is_rejected_before_writes]; tests/unit/test_deep_read_transactions.py:132 [DeepReadTransactionTests.test_failed_fact_write_retains_old_authority_and_no_receipt]; tests/unit/test_deep_read_transactions.py:134 [DeepReadTransactionTests.test_failed_fact_write_retains_old_authority_and_no_receipt]; tests/unit/test_deep_read_transactions.py:135 [DeepReadTransactionTests.test_failed_fact_write_retains_old_authority_and_no_receipt]; tests/unit/test_deep_read_transactions.py:136 [DeepReadTransactionTests.test_failed_fact_write_retains_old_authority_and_no_receipt]; tests/unit/test_deep_read_transactions.py:139 [DeepReadTransactionTests.test_fact_commit_then_receipt_failure_recovers_from_same_input]; tests/unit/test_deep_read_transactions.py:140 [DeepReadTransactionTests.test_fact_commit_then_receipt_failure_recovers_from_same_input]; tests/unit/test_deep_read_transactions.py:141 [DeepReadTransactionTests.test_fact_commit_then_receipt_failure_recovers_from_same_input]; tests/unit/test_deep_read_transactions.py:142 [DeepReadTransactionTests.test_fact_commit_then_receipt_failure_recovers_from_same_input]; tests/unit/test_deep_read_transactions.py:144 [DeepReadTransactionTests.test_fact_commit_then_receipt_failure_recovers_from_same_input]; tests/unit/test_deep_read_transactions.py:151 [DeepReadTransactionTests.test_visible_but_uncertain_fact_commit_is_not_rolled_back]; tests/unit/test_deep_read_transactions.py:152 [DeepReadTransactionTests.test_visible_but_uncertain_fact_commit_is_not_rolled_back]; tests/unit/test_deep_read_transactions.py:153 [DeepReadTransactionTests.test_visible_but_uncertain_fact_commit_is_not_rolled_back]; tests/unit/test_deep_read_transactions.py:156 [DeepReadTransactionTests.test_skip_retry_keeps_a_filled_gap_closed_and_preserves_receipt]; tests/unit/test_deep_read_transactions.py:157 [DeepReadTransactionTests.test_skip_retry_keeps_a_filled_gap_closed_and_preserves_receipt]; tests/unit/test_deep_read_transactions.py:158 [DeepReadTransactionTests.test_skip_retry_keeps_a_filled_gap_closed_and_preserves_receipt]; tests/unit/test_deep_read_transactions.py:159 [DeepReadTransactionTests.test_skip_retry_keeps_a_filled_gap_closed_and_preserves_receipt]; tests/unit/test_deep_read_transactions.py:161 [DeepReadTransactionTests.test_skip_retry_keeps_a_filled_gap_closed_and_preserves_receipt]; tests/unit/test_deep_read_transactions.py:162 [DeepReadTransactionTests.test_skip_retry_keeps_a_filled_gap_closed_and_preserves_receipt]; tests/unit/test_deep_read_transactions.py:163 [DeepReadTransactionTests.test_skip_retry_keeps_a_filled_gap_closed_and_preserves_receipt]; tests/unit/test_deep_read_transactions.py:166 [DeepReadTransactionTests.test_gap_commit_then_receipt_failure_and_fill_can_be_replayed]; tests/unit/test_deep_read_transactions.py:167 [DeepReadTransactionTests.test_gap_commit_then_receipt_failure_and_fill_can_be_replayed]; tests/unit/test_deep_read_transactions.py:168 [DeepReadTransactionTests.test_gap_commit_then_receipt_failure_and_fill_can_be_replayed]; tests/unit/test_deep_read_transactions.py:169 [DeepReadTransactionTests.test_gap_commit_then_receipt_failure_and_fill_can_be_replayed]; tests/unit/test_deep_read_transactions.py:170 [DeepReadTransactionTests.test_gap_commit_then_receipt_failure_and_fill_can_be_replayed]; tests/unit/test_deep_read_transactions.py:171 [DeepReadTransactionTests.test_gap_commit_then_receipt_failure_and_fill_can_be_replayed]; tests/unit/test_deep_read_transactions.py:174 [DeepReadTransactionTests.test_gap_batch_unknown_identifier_and_precommit_failure_are_atomic]; tests/unit/test_deep_read_transactions.py:175 [DeepReadTransactionTests.test_gap_batch_unknown_identifier_and_precommit_failure_are_atomic]; tests/unit/test_deep_read_transactions.py:176 [DeepReadTransactionTests.test_gap_batch_unknown_identifier_and_precommit_failure_are_atomic]; tests/unit/test_deep_read_transactions.py:177 [DeepReadTransactionTests.test_gap_batch_unknown_identifier_and_precommit_failure_are_atomic]; tests/unit/test_deep_read_transactions.py:179 [DeepReadTransactionTests.test_gap_batch_unknown_identifier_and_precommit_failure_are_atomic]; tests/unit/test_deep_read_transactions.py:180 [DeepReadTransactionTests.test_gap_batch_unknown_identifier_and_precommit_failure_are_atomic]; tests/unit/test_deep_read_transactions.py:181 [DeepReadTransactionTests.test_gap_batch_unknown_identifier_and_precommit_failure_are_atomic]; tests/unit/test_deep_read_transactions.py:184 [DeepReadTransactionTests.test_uncertain_gap_batch_is_fully_visible_and_retry_does_not_reopen]; tests/unit/test_deep_read_transactions.py:189 [DeepReadTransactionTests.test_uncertain_gap_batch_is_fully_visible_and_retry_does_not_reopen]; tests/unit/test_deep_read_transactions.py:190 [DeepReadTransactionTests.test_uncertain_gap_batch_is_fully_visible_and_retry_does_not_reopen]; tests/unit/test_deep_read_transactions.py:191 [DeepReadTransactionTests.test_uncertain_gap_batch_is_fully_visible_and_retry_does_not_reopen]; tests/unit/test_deep_read_transactions.py:196 [DeepReadTransactionTests.test_processes_record_one_fact_and_one_completion]; tests/unit/test_deep_read_transactions.py:197 [DeepReadTransactionTests.test_processes_record_one_fact_and_one_completion]; tests/unit/test_deep_read_transactions.py:202 [DeepReadTransactionTests.test_processes_propose_and_fill_one_gap_without_duplicate_receipts]; tests/unit/test_deep_read_transactions.py:203 [DeepReadTransactionTests.test_processes_propose_and_fill_one_gap_without_duplicate_receipts]; tests/unit/test_deep_read_transactions.py:210 [DeepReadTransactionTests.test_processes_cannot_both_replace_the_same_l1_revision]; tests/unit/test_deep_read_transactions.py:214 [DeepReadTransactionTests.test_stale_flag_cannot_reverse_a_newer_verdict]; tests/unit/test_deep_read_transactions.py:216 [DeepReadTransactionTests.test_stale_flag_cannot_reverse_a_newer_verdict]; tests/unit/test_deep_read_transactions.py:217 [DeepReadTransactionTests.test_stale_flag_cannot_reverse_a_newer_verdict]; tests/unit/test_deep_read_transactions.py:218 [DeepReadTransactionTests.test_stale_flag_cannot_reverse_a_newer_verdict]; tests/unit/test_deep_read_transactions.py:229 [DeepReadTransactionTests.test_current_threshold_and_named_low_score_keep_admission_boundary]; tests/unit/test_deep_read_transactions.py:231 [DeepReadTransactionTests.test_current_threshold_and_named_low_score_keep_admission_boundary]; tests/unit/test_deep_read_transactions.py:232 [DeepReadTransactionTests.test_current_threshold_and_named_low_score_keep_admission_boundary]; tests/unit/test_deep_read_transactions.py:234 [DeepReadTransactionTests.test_current_threshold_and_named_low_score_keep_admission_boundary]; tests/unit/test_deep_read_transactions.py:239 [DeepReadTransactionTests.test_packet_publication_failure_never_exposes_a_partial_final_packet]; tests/unit/test_deep_read_transactions.py:240 [DeepReadTransactionTests.test_packet_publication_failure_never_exposes_a_partial_final_packet]; tests/unit/test_deep_read_transactions.py:242 [DeepReadTransactionTests.test_packet_publication_failure_never_exposes_a_partial_final_packet]; tests/unit/test_deep_read_transactions.py:262 [DeepReadTransactionTests.test_cli_returns_commit_stage_and_requires_external_revision]; tests/unit/test_deep_read_transactions.py:263 [DeepReadTransactionTests.test_cli_returns_commit_stage_and_requires_external_revision]; tests/unit/test_deep_read_transactions.py:267 [DeepReadTransactionTests.test_cli_returns_commit_stage_and_requires_external_revision]; tests/unit/test_deep_read_transactions.py:289 [DeepReadTransactionTests.test_provenance_commit_requires_reviewed_plan_and_rejects_changed_facts]; tests/unit/test_deep_read_transactions.py:290 [DeepReadTransactionTests.test_provenance_commit_requires_reviewed_plan_and_rejects_changed_facts]; tests/unit/test_deep_read_transactions.py:291 [DeepReadTransactionTests.test_provenance_commit_requires_reviewed_plan_and_rejects_changed_facts]; tests/unit/test_deep_read_transactions.py:292 [DeepReadTransactionTests.test_provenance_commit_requires_reviewed_plan_and_rejects_changed_facts]; tests/unit/test_deep_read_transactions.py:293 [DeepReadTransactionTests.test_provenance_commit_requires_reviewed_plan_and_rejects_changed_facts]; tests/unit/test_deep_read_transactions.py:295 [DeepReadTransactionTests.test_provenance_commit_requires_reviewed_plan_and_rejects_changed_facts]; tests/unit/test_deep_read_transactions.py:296 [DeepReadTransactionTests.test_provenance_commit_requires_reviewed_plan_and_rejects_changed_facts]; tests/unit/test_deep_read_transactions.py:297 [DeepReadTransactionTests.test_provenance_commit_requires_reviewed_plan_and_rejects_changed_facts]; tests/unit/test_deep_read_transactions.py:298 [DeepReadTransactionTests.test_provenance_commit_requires_reviewed_plan_and_rejects_changed_facts]; tests/unit/test_deep_read_transactions.py:301 [DeepReadTransactionTests.test_provenance_commit_rejects_changed_resolution_and_interior_damage]; tests/unit/test_deep_read_transactions.py:302 [DeepReadTransactionTests.test_provenance_commit_rejects_changed_resolution_and_interior_damage]; tests/unit/test_deep_read_transactions.py:305 [DeepReadTransactionTests.test_provenance_commit_rejects_changed_resolution_and_interior_damage]; tests/unit/test_deep_read_transactions.py:306 [DeepReadTransactionTests.test_provenance_commit_rejects_changed_resolution_and_interior_damage]; tests/unit/test_deep_read_transactions.py:307 [DeepReadTransactionTests.test_provenance_commit_rejects_changed_resolution_and_interior_damage]; tests/unit/test_deep_read_transactions.py:313 [DeepReadTransactionTests.test_generated_dispute_links_do_not_break_original_request_replay]; tests/unit/test_deep_read_transactions.py:314 [DeepReadTransactionTests.test_generated_dispute_links_do_not_break_original_request_replay]; tests/unit/test_deep_read_transactions.py:315 [DeepReadTransactionTests.test_generated_dispute_links_do_not_break_original_request_replay]; tests/unit/test_deep_read_transactions.py:316 [DeepReadTransactionTests.test_generated_dispute_links_do_not_break_original_request_replay]; tests/unit/test_deep_read_transactions.py:319 [DeepReadTransactionTests.test_generated_dispute_links_do_not_break_original_request_replay]; tests/unit/test_deep_read_transactions.py:320 [DeepReadTransactionTests.test_generated_dispute_links_do_not_break_original_request_replay]; tests/unit/test_deep_read_transactions.py:321 [DeepReadTransactionTests.test_generated_dispute_links_do_not_break_original_request_replay]; tests/unit/test_deep_read_transactions.py:326 [DeepReadTransactionTests.test_disputes_inside_one_batch_commit_together_and_replay_after_receipt_failure]; tests/unit/test_deep_read_transactions.py:327 [DeepReadTransactionTests.test_disputes_inside_one_batch_commit_together_and_replay_after_receipt_failure]; tests/unit/test_deep_read_transactions.py:328 [DeepReadTransactionTests.test_disputes_inside_one_batch_commit_together_and_replay_after_receipt_failure]; tests/unit/test_deep_read_transactions.py:332 [DeepReadTransactionTests.test_disputes_inside_one_batch_commit_together_and_replay_after_receipt_failure]; tests/unit/test_deep_read_transactions.py:334 [DeepReadTransactionTests.test_disputes_inside_one_batch_commit_together_and_replay_after_receipt_failure]; tests/unit/test_deep_read_transactions.py:339 [DeepReadTransactionTests.test_batch_claim_indexes_enforce_new_dispute_and_revision_contracts]; tests/unit/test_deep_read_transactions.py:340 [DeepReadTransactionTests.test_batch_claim_indexes_enforce_new_dispute_and_revision_contracts]; tests/unit/test_deep_read_transactions.py:343 [DeepReadTransactionTests.test_batch_claim_indexes_enforce_new_dispute_and_revision_contracts]; tests/unit/test_deep_read_transactions.py:344 [DeepReadTransactionTests.test_batch_claim_indexes_enforce_new_dispute_and_revision_contracts]; tests/unit/test_deep_read_transactions.py:346 [DeepReadTransactionTests.test_batch_claim_indexes_enforce_new_dispute_and_revision_contracts]; tests/unit/test_deep_read_transactions.py:349 [DeepReadTransactionTests.test_historical_twin_rows_are_counted_separately_and_never_exclude_unread]; tests/unit/test_deep_read_transactions.py:350 [DeepReadTransactionTests.test_historical_twin_rows_are_counted_separately_and_never_exclude_unread]; tests/unit/test_deep_read_transactions.py:351 [DeepReadTransactionTests.test_historical_twin_rows_are_counted_separately_and_never_exclude_unread]; tests/unit/test_deep_read_transactions.py:352 [DeepReadTransactionTests.test_historical_twin_rows_are_counted_separately_and_never_exclude_unread]; tests/unit/test_deep_read_transactions.py:353 [DeepReadTransactionTests.test_historical_twin_rows_are_counted_separately_and_never_exclude_unread]; tests/unit/test_fact_contract.py:20 [<module>]; tests/unit/test_fact_contract.py:295 [ClaimIdentityTests.test_the_existing_fact_layer_indexes_without_collision]; tests/unit/test_fact_contract.py:342 [RecencyTests.order]; tests/unit/test_fact_contract.py:343 [RecencyTests.order]; tests/unit/test_fact_contract.py:344 [RecencyTests.order]; tests/unit/test_fact_contract.py:345 [RecencyTests.order]; tests/unit/test_fact_contract.py:346 [RecencyTests.order]; tests/unit/test_fact_contract.py:348 [RecencyTests.order]; tests/unit/test_fact_contract.py:350 [RecencyTests.order]; tests/unit/test_fact_contract.py:407 [LiveFactLayerTests.setUp]; tests/unit/test_fact_contract.py:408 [LiveFactLayerTests.setUp]; tests/unit/test_fact_contract.py:409 [LiveFactLayerTests.setUp]; tests/unit/test_fact_contract.py:481 [LiveMenuTests.setUp]; tests/unit/test_fact_contract.py:518 [CorrectedNoteTests.setUp]; tests/unit/test_fact_contract.py:568 [FilledGapTests.setUp]; tests/unit/test_fact_contract.py:616 [FilledGapTests.test_every_existing_fact_of_those_metrics_carries_the_new_dim]; tests/unit/test_fact_contract.py:626 [FilledGapTests.test_no_storage_row_was_backfilled_as_not_applicable]; tests/unit/test_fact_contract.py:655 [M07MenuTests.setUp]; tests/unit/test_fact_contract.py:768 [M07MenuTests.test_every_shipment_fact_carries_both_new_dimensions]; tests/unit/test_fact_contract.py:799 [M02MenuTests.setUp]; tests/unit/test_fact_contract.py:840 [M02MenuTests.test_the_existing_shipment_facts_were_backfilled_as_market_totals]; tests/unit/test_fact_contract.py:851 [M02MenuTests.test_later_shipment_facts_state_which_side_they_are]; tests/unit/test_fact_contract.py:946 [M05M09MenuTests.setUp]; tests/unit/test_fact_contract.py:1054 [M05M09MenuTests.test_the_existing_engineering_facts_were_backfilled]; tests/unit/test_fact_contract.py:1101 [RangeCaliberTests.setUp]; tests/unit/test_fact_contract.py:1135 [RangeCaliberTests.test_every_range_end_validates_against_the_current_menu]; tests/unit/test_fact_contract.py:1154 [M03M04MenuTests.setUp]; tests/unit/test_fact_contract.py:1249 [M03M04MenuTests.test_the_four_order_share_facts_were_backfilled_from_their_own_notes]; tests/unit/test_fact_contract.py:1326 [M09MenuTests.setUp]; tests/unit/test_fact_contract.py:1469 [M11MenuTests.setUp]; tests/unit/test_fact_contract.py:1506 [M11MenuTests.test_unstated_region_is_never_silent]; tests/unit/test_fact_contract.py:1644 [NeighbourMetricTests.setUp]; tests/unit/test_fact_contract.py:1668 [NeighbourMetricTests.test_no_two_metrics_share_an_id]; tests/unit/test_fact_contract.py:1701 [SameOriginTests.test_the_fourth_value_exists_everywhere_it_is_declared]; tests/unit/test_fact_contract.py:1724 [SameOriginTests.test_the_schema_says_why_it_is_worse_than_pending]; tests/unit/test_fact_contract.py:1731 [SameOriginTests.test_the_schema_keeps_both_worked_examples]; tests/unit/test_fact_contract.py:1739 [SameOriginTests.test_it_records_what_cannot_be_told_apart]; tests/unit/test_fact_contract.py:1759 [FreeTextDimensionTests.setUp]; tests/unit/test_fact_contract.py:1767 [FreeTextDimensionTests.test_a_free_text_value_is_accepted]; tests/unit/test_fact_contract.py:1782 [FreeTextDimensionTests.test_the_refusal_says_what_the_dimension_is_for]; tests/unit/test_fact_contract.py:1783 [FreeTextDimensionTests.test_the_refusal_says_what_the_dimension_is_for]; tests/unit/test_fact_contract.py:1794 [FreeTextDimensionTests.test_blank_and_missing_are_both_refused]; tests/unit/test_fact_contract.py:1844 [FreeTextDimensionTests.test_two_specs_of_one_equipment_no_longer_collide]; tests/unit/test_fact_contract.py:1857 [FreeTextDimensionTests.test_each_spec_came_from_its_own_locator]; tests/unit/test_fact_contract.py:1875 [AsymmetricDimensionTests.setUp]; tests/unit/test_fact_contract.py:1904 [AsymmetricDimensionTests.test_the_backfill_split_storage_rows_from_server_rows]; tests/unit/test_fact_contract.py:1964 [SplitDimensionSymmetryTests.setUp]; tests/unit/test_fact_contract.py:1999 [SplitDimensionSymmetryTests.test_every_existing_fact_in_the_family_carries_them_all]; tests/unit/test_fact_contract.py:2071 [SplitDimensionSymmetryTests.test_the_backfill_batch_is_a_closed_historical_set]; tests/unit/test_fact_contract.py:2077 [SplitDimensionSymmetryTests.test_every_backfilled_fact_is_in_a_family_metric]; tests/unit/test_fact_contract.py:2088 [SplitDimensionSymmetryTests.test_the_backfill_never_claimed_a_province]; tests/unit/test_fact_contract.py:2110 [FourthRoundGapTests.setUp]; tests/unit/test_fact_contract.py:2127 [FourthRoundGapTests.test_every_capacity_fact_says_which_media]; tests/unit/test_fact_contract.py:2149 [FourthRoundGapTests.test_the_mislabelled_fact_was_corrected]; tests/unit/test_fact_contract.py:2156 [FourthRoundGapTests.test_the_correction_is_recorded_in_the_fact_itself]; tests/unit/test_fact_contract.py:2179 [FourthRoundGapTests.test_the_two_existing_rows_are_marked_as_an_aggregate]; tests/unit/test_fact_contract.py:2197 [FifthRoundGapTests.setUp]; tests/unit/test_fact_contract.py:2198 [FifthRoundGapTests.setUp]; tests/unit/test_fact_contract.py:2371 [FifthRoundGapTests.test_the_ruling_is_written_down_where_the_contract_lives]; tests/unit/test_fact_contract.py:2440 [FifthRoundGapTests.test_the_reread_flags_are_still_open]; tests/unit/test_fact_contract.py:2446 [FifthRoundGapTests.test_the_menu_gaps_this_batch_filled_are_closed],migrated; see DELIVERY for external/runtime boundaries
inresearch.workflow.deep_read.DeepRead.all_results,src/inresearch/workflow/deep_read.py,66,21,src/inresearch/interfaces/deep_read.py:87 [cmd_queue]; src/inresearch/interfaces/deep_read.py:98 [cmd_queue]; src/inresearch/workflow/deep_read.py:70 [DeepRead.resolve_document]; src/inresearch/workflow/deep_read.py:96 [DeepRead.eligible]; src/inresearch/workflow/deep_read.py:150 [DeepRead.record]; src/inresearch/workflow/deep_read.py:264 [DeepRead.backfill_provenance]; tests/unit/test_deep_read.py:171 [EffectiveResultTests.test_successful_reassessment_still_replaces_the_previous_score]; tests/unit/test_deep_read.py:198 [AttributionTests.attribute]; tests/unit/test_deep_read.py:335 [QueueOutputTests.queue]; tests/unit/test_deep_read.py:339 [QueueOutputTests.queue]; tests/unit/test_deep_read.py:348 [QueueOutputTests.queue]; tests/unit/test_deep_read.py:449 [PackAgainTests.setUp]; tests/unit/test_deep_read.py:451 [PackAgainTests.setUp]; tests/unit/test_deep_read.py:456 [PackAgainTests.tearDown]; tests/unit/test_deep_read.py:502 [RestrictionTests.flag]; tests/unit/test_deep_read.py:917 [BackfillProvenanceTests.test_cache_keys_are_not_sha256_prefixes]; tests/unit/test_deep_read_transactions.py:217 [DeepReadTransactionTests.test_stale_flag_cannot_reverse_a_newer_verdict]; tests/unit/test_deep_read_transactions.py:218 [DeepReadTransactionTests.test_stale_flag_cannot_reverse_a_newer_verdict]; tests/unit/test_fact_contract.py:342 [RecencyTests.order]; tests/unit/test_fact_contract.py:343 [RecencyTests.order]; tests/unit/test_fact_contract.py:350 [RecencyTests.order],migrated; see DELIVERY for external/runtime boundaries
inresearch.workflow.deep_read.DeepRead.attribute,src/inresearch/workflow/deep_read.py,201,3,src/inresearch/interfaces/deep_read.py:38 [cmd_attribute]; tests/unit/test_deep_read_transactions.py:41 [competing]; tests/unit/test_deep_read_transactions.py:214 [DeepReadTransactionTests.test_stale_flag_cannot_reverse_a_newer_verdict],migrated; see DELIVERY for external/runtime boundaries
inresearch.workflow.deep_read.DeepRead.backfill_provenance,src/inresearch/workflow/deep_read.py,252,10,src/inresearch/interfaces/deep_read.py:63 [cmd_backfill_provenance]; tests/unit/test_deep_read.py:823 [BackfillProvenanceTests.run_it]; tests/unit/test_deep_read_transactions.py:290 [DeepReadTransactionTests.test_provenance_commit_requires_reviewed_plan_and_rejects_changed_facts]; tests/unit/test_deep_read_transactions.py:291 [DeepReadTransactionTests.test_provenance_commit_requires_reviewed_plan_and_rejects_changed_facts]; tests/unit/test_deep_read_transactions.py:295 [DeepReadTransactionTests.test_provenance_commit_requires_reviewed_plan_and_rejects_changed_facts]; tests/unit/test_deep_read_transactions.py:297 [DeepReadTransactionTests.test_provenance_commit_requires_reviewed_plan_and_rejects_changed_facts]; tests/unit/test_deep_read_transactions.py:298 [DeepReadTransactionTests.test_provenance_commit_requires_reviewed_plan_and_rejects_changed_facts]; tests/unit/test_deep_read_transactions.py:302 [DeepReadTransactionTests.test_provenance_commit_rejects_changed_resolution_and_interior_damage]; tests/unit/test_deep_read_transactions.py:305 [DeepReadTransactionTests.test_provenance_commit_rejects_changed_resolution_and_interior_damage]; tests/unit/test_deep_read_transactions.py:307 [DeepReadTransactionTests.test_provenance_commit_rejects_changed_resolution_and_interior_damage],migrated; see DELIVERY for external/runtime boundaries
inresearch.workflow.deep_read.DeepRead.coverage,src/inresearch/workflow/deep_read.py,90,2,src/inresearch/interfaces/deep_read.py:78 [cmd_status]; src/inresearch/workflow/deep_read.py:95 [DeepRead.eligible],migrated; see DELIVERY for external/runtime boundaries
inresearch.workflow.deep_read.DeepRead.eligible,src/inresearch/workflow/deep_read.py,94,25,src/inresearch/interfaces/deep_read.py:82 [cmd_queue]; src/inresearch/workflow/deep_read.py:110 [DeepRead.pack]; tests/unit/test_deep_read.py:161 [EffectiveResultTests.test_failed_retry_does_not_remove_a_document_from_the_deep_read_queue]; tests/unit/test_deep_read.py:272 [AttributionTests.pack]; tests/unit/test_deep_read.py:274 [AttributionTests.pack]; tests/unit/test_deep_read.py:290 [AttributionTests.pack]; tests/unit/test_deep_read.py:334 [QueueOutputTests.queue]; tests/unit/test_deep_read.py:336 [QueueOutputTests.queue]; tests/unit/test_deep_read.py:347 [QueueOutputTests.queue]; tests/unit/test_deep_read.py:460 [PackAgainTests.test_a_read_document_is_out_of_the_queue]; tests/unit/test_deep_read.py:463 [PackAgainTests.test_and_can_be_reopened_on_purpose]; tests/unit/test_deep_read.py:514 [RestrictionTests.test_an_unflagged_document_is_in_the_queue]; tests/unit/test_deep_read.py:519 [RestrictionTests.test_flagging_it_takes_it_out]; tests/unit/test_deep_read.py:536 [RestrictionTests.test_personal_information_is_the_other_gate]; tests/unit/test_deep_read.py:542 [RestrictionTests.test_a_flag_can_be_lifted]; tests/unit/test_deep_read.py:548 [RestrictionTests.test_lifting_one_flag_leaves_the_other]; tests/unit/test_deep_read.py:605 [SkipTests.test_the_queue_advances]; tests/unit/test_deep_read.py:607 [SkipTests.test_the_queue_advances]; tests/unit/test_deep_read.py:727 [TextTwinRoutingTests.setUp]; tests/unit/test_deep_read.py:737 [TextTwinRoutingTests.setUp]; tests/unit/test_deep_read.py:749 [TextTwinRoutingTests.tearDown]; tests/unit/test_deep_read_transactions.py:229 [DeepReadTransactionTests.test_current_threshold_and_named_low_score_keep_admission_boundary]; tests/unit/test_deep_read_transactions.py:231 [DeepReadTransactionTests.test_current_threshold_and_named_low_score_keep_admission_boundary]; tests/unit/test_deep_read_transactions.py:353 [DeepReadTransactionTests.test_historical_twin_rows_are_counted_separately_and_never_exclude_unread]; tests/unit/test_fact_contract.py:348 [RecencyTests.order],migrated; see DELIVERY for external/runtime boundaries
inresearch.workflow.deep_read.DeepRead.flag,src/inresearch/workflow/deep_read.py,224,2,src/inresearch/interfaces/deep_read.py:43 [cmd_flag]; tests/unit/test_deep_read_transactions.py:216 [DeepReadTransactionTests.test_stale_flag_cannot_reverse_a_newer_verdict],migrated; see DELIVERY for external/runtime boundaries
inresearch.workflow.deep_read.DeepRead.load_facts,src/inresearch/workflow/deep_read.py,63,52,src/inresearch/interfaces/deep_read.py:86 [cmd_queue]; src/inresearch/workflow/deep_read.py:92 [DeepRead.coverage]; src/inresearch/workflow/deep_read.py:154 [DeepRead.record]; src/inresearch/workflow/deep_read.py:260 [DeepRead.backfill_provenance]; src/inresearch/workflow/deep_read.py:277 [DeepRead.status]; tests/unit/test_deep_read.py:273 [AttributionTests.pack]; tests/unit/test_deep_read.py:280 [AttributionTests.pack]; tests/unit/test_deep_read.py:291 [AttributionTests.pack]; tests/unit/test_deep_read.py:334 [QueueOutputTests.queue]; tests/unit/test_deep_read.py:338 [QueueOutputTests.queue]; tests/unit/test_deep_read.py:347 [QueueOutputTests.queue]; tests/unit/test_deep_read.py:449 [PackAgainTests.setUp]; tests/unit/test_deep_read.py:452 [PackAgainTests.setUp]; tests/unit/test_deep_read.py:456 [PackAgainTests.tearDown]; tests/unit/test_deep_read.py:489 [RestrictionTests.setUp]; tests/unit/test_deep_read.py:492 [RestrictionTests.setUp]; tests/unit/test_deep_read.py:496 [RestrictionTests.tearDown]; tests/unit/test_deep_read.py:579 [SkipTests.setUp]; tests/unit/test_deep_read.py:584 [SkipTests.setUp]; tests/unit/test_deep_read.py:588 [SkipTests.tearDown]; tests/unit/test_deep_read.py:729 [TextTwinRoutingTests.setUp]; tests/unit/test_deep_read.py:742 [TextTwinRoutingTests.setUp]; tests/unit/test_deep_read.py:750 [TextTwinRoutingTests.tearDown]; tests/unit/test_deep_read.py:906 [BackfillProvenanceTests.test_the_live_debt_is_what_no_route_could_reach]; tests/unit/test_deep_read_transactions.py:103 [DeepReadTransactionTests.test_identical_fact_replay_never_duplicates_completion_or_records]; tests/unit/test_deep_read_transactions.py:141 [DeepReadTransactionTests.test_fact_commit_then_receipt_failure_recovers_from_same_input]; tests/unit/test_deep_read_transactions.py:152 [DeepReadTransactionTests.test_visible_but_uncertain_fact_commit_is_not_rolled_back]; tests/unit/test_deep_read_transactions.py:196 [DeepReadTransactionTests.test_processes_record_one_fact_and_one_completion]; tests/unit/test_deep_read_transactions.py:292 [DeepReadTransactionTests.test_provenance_commit_requires_reviewed_plan_and_rejects_changed_facts]; tests/unit/test_deep_read_transactions.py:321 [DeepReadTransactionTests.test_generated_dispute_links_do_not_break_original_request_replay]; tests/unit/test_deep_read_transactions.py:328 [DeepReadTransactionTests.test_disputes_inside_one_batch_commit_together_and_replay_after_receipt_failure]; tests/unit/test_deep_read_transactions.py:340 [DeepReadTransactionTests.test_batch_claim_indexes_enforce_new_dispute_and_revision_contracts]; tests/unit/test_deep_read_transactions.py:344 [DeepReadTransactionTests.test_batch_claim_indexes_enforce_new_dispute_and_revision_contracts]; tests/unit/test_fact_contract.py:342 [RecencyTests.order]; tests/unit/test_fact_contract.py:345 [RecencyTests.order]; tests/unit/test_fact_contract.py:350 [RecencyTests.order]; tests/unit/test_fact_contract.py:409 [LiveFactLayerTests.setUp]; tests/unit/test_fact_contract.py:1767 [FreeTextDimensionTests.test_a_free_text_value_is_accepted]; tests/unit/test_fact_contract.py:1783 [FreeTextDimensionTests.test_the_refusal_says_what_the_dimension_is_for]; tests/unit/test_fact_contract.py:1794 [FreeTextDimensionTests.test_blank_and_missing_are_both_refused]; tests/unit/test_fact_contract.py:1844 [FreeTextDimensionTests.test_two_specs_of_one_equipment_no_longer_collide]; tests/unit/test_fact_contract.py:1857 [FreeTextDimensionTests.test_each_spec_came_from_its_own_locator]; tests/unit/test_fact_contract.py:1904 [AsymmetricDimensionTests.test_the_backfill_split_storage_rows_from_server_rows]; tests/unit/test_fact_contract.py:1999 [SplitDimensionSymmetryTests.test_every_existing_fact_in_the_family_carries_them_all]; tests/unit/test_fact_contract.py:2071 [SplitDimensionSymmetryTests.test_the_backfill_batch_is_a_closed_historical_set]; tests/unit/test_fact_contract.py:2077 [SplitDimensionSymmetryTests.test_every_backfilled_fact_is_in_a_family_metric]; tests/unit/test_fact_contract.py:2088 [SplitDimensionSymmetryTests.test_the_backfill_never_claimed_a_province]; tests/unit/test_fact_contract.py:2127 [FourthRoundGapTests.test_every_capacity_fact_says_which_media]; tests/unit/test_fact_contract.py:2149 [FourthRoundGapTests.test_the_mislabelled_fact_was_corrected]; tests/unit/test_fact_contract.py:2156 [FourthRoundGapTests.test_the_correction_is_recorded_in_the_fact_itself]; tests/unit/test_fact_contract.py:2179 [FourthRoundGapTests.test_the_two_existing_rows_are_marked_as_an_aggregate]; tests/unit/test_fact_contract.py:2198 [FifthRoundGapTests.setUp],migrated; see DELIVERY for external/runtime boundaries
inresearch.workflow.deep_read.DeepRead.load_metrics,src/inresearch/workflow/deep_read.py,53,53,src/inresearch/interfaces/deep_read.py:84 [cmd_queue]; src/inresearch/workflow/deep_read.py:91 [DeepRead.coverage]; src/inresearch/workflow/deep_read.py:126 [DeepRead.pack]; src/inresearch/workflow/deep_read.py:154 [DeepRead.record]; src/inresearch/workflow/deep_read.py:277 [DeepRead.status]; tests/unit/test_deep_read.py:29 [RecordTests.setUp]; tests/unit/test_deep_read.py:32 [RecordTests.setUp]; tests/unit/test_deep_read.py:35 [RecordTests.tearDown]; tests/unit/test_deep_read.py:273 [AttributionTests.pack]; tests/unit/test_deep_read.py:278 [AttributionTests.pack]; tests/unit/test_deep_read.py:290 [AttributionTests.pack]; tests/unit/test_deep_read.py:334 [QueueOutputTests.queue]; tests/unit/test_deep_read.py:337 [QueueOutputTests.queue]; tests/unit/test_deep_read.py:347 [QueueOutputTests.queue]; tests/unit/test_deep_read.py:410 [EmptyBatchTests.setUp]; tests/unit/test_deep_read.py:411 [EmptyBatchTests.setUp]; tests/unit/test_deep_read.py:414 [EmptyBatchTests.tearDown]; tests/unit/test_deep_read.py:449 [PackAgainTests.setUp]; tests/unit/test_deep_read.py:453 [PackAgainTests.setUp]; tests/unit/test_deep_read.py:456 [PackAgainTests.tearDown]; tests/unit/test_deep_read.py:489 [RestrictionTests.setUp]; tests/unit/test_deep_read.py:491 [RestrictionTests.setUp]; tests/unit/test_deep_read.py:496 [RestrictionTests.tearDown]; tests/unit/test_deep_read.py:578 [SkipTests.setUp]; tests/unit/test_deep_read.py:583 [SkipTests.setUp]; tests/unit/test_deep_read.py:587 [SkipTests.tearDown]; tests/unit/test_deep_read.py:728 [TextTwinRoutingTests.setUp]; tests/unit/test_deep_read.py:740 [TextTwinRoutingTests.setUp]; tests/unit/test_deep_read.py:750 [TextTwinRoutingTests.tearDown]; tests/unit/test_deep_read.py:940 [DisputeRecordTests.setUp]; tests/unit/test_fact_contract.py:342 [RecencyTests.order]; tests/unit/test_fact_contract.py:346 [RecencyTests.order]; tests/unit/test_fact_contract.py:350 [RecencyTests.order]; tests/unit/test_fact_contract.py:408 [LiveFactLayerTests.setUp]; tests/unit/test_fact_contract.py:481 [LiveMenuTests.setUp]; tests/unit/test_fact_contract.py:518 [CorrectedNoteTests.setUp]; tests/unit/test_fact_contract.py:568 [FilledGapTests.setUp]; tests/unit/test_fact_contract.py:655 [M07MenuTests.setUp]; tests/unit/test_fact_contract.py:799 [M02MenuTests.setUp]; tests/unit/test_fact_contract.py:946 [M05M09MenuTests.setUp]; tests/unit/test_fact_contract.py:1135 [RangeCaliberTests.test_every_range_end_validates_against_the_current_menu]; tests/unit/test_fact_contract.py:1154 [M03M04MenuTests.setUp]; tests/unit/test_fact_contract.py:1326 [M09MenuTests.setUp]; tests/unit/test_fact_contract.py:1469 [M11MenuTests.setUp]; tests/unit/test_fact_contract.py:1644 [NeighbourMetricTests.setUp]; tests/unit/test_fact_contract.py:1759 [FreeTextDimensionTests.setUp]; tests/unit/test_fact_contract.py:1767 [FreeTextDimensionTests.test_a_free_text_value_is_accepted]; tests/unit/test_fact_contract.py:1782 [FreeTextDimensionTests.test_the_refusal_says_what_the_dimension_is_for]; tests/unit/test_fact_contract.py:1794 [FreeTextDimensionTests.test_blank_and_missing_are_both_refused]; tests/unit/test_fact_contract.py:1875 [AsymmetricDimensionTests.setUp]; tests/unit/test_fact_contract.py:1964 [SplitDimensionSymmetryTests.setUp]; tests/unit/test_fact_contract.py:2110 [FourthRoundGapTests.setUp]; tests/unit/test_fact_contract.py:2197 [FifthRoundGapTests.setUp],migrated; see DELIVERY for external/runtime boundaries
inresearch.workflow.deep_read.DeepRead.load_questions,src/inresearch/workflow/deep_read.py,57,7,src/inresearch/workflow/deep_read.py:126 [DeepRead.pack]; tests/unit/test_deep_read.py:273 [AttributionTests.pack]; tests/unit/test_deep_read.py:279 [AttributionTests.pack]; tests/unit/test_deep_read.py:291 [AttributionTests.pack]; tests/unit/test_deep_read.py:728 [TextTwinRoutingTests.setUp]; tests/unit/test_deep_read.py:741 [TextTwinRoutingTests.setUp]; tests/unit/test_deep_read.py:750 [TextTwinRoutingTests.tearDown],migrated; see DELIVERY for external/runtime boundaries
inresearch.workflow.deep_read.DeepRead.pack,src/inresearch/workflow/deep_read.py,104,7,src/inresearch/interfaces/deep_read.py:17 [cmd_pack]; tests/unit/test_deep_read_transactions.py:43 [competing]; tests/unit/test_deep_read_transactions.py:83 [DeepReadTransactionTests.test_ambiguous_packet_does_not_start_extraction_even_if_other_match_is_ineligible]; tests/unit/test_deep_read_transactions.py:232 [DeepReadTransactionTests.test_current_threshold_and_named_low_score_keep_admission_boundary]; tests/unit/test_deep_read_transactions.py:234 [DeepReadTransactionTests.test_current_threshold_and_named_low_score_keep_admission_boundary]; tests/unit/test_deep_read_transactions.py:239 [DeepReadTransactionTests.test_packet_publication_failure_never_exposes_a_partial_final_packet]; tests/unit/test_deep_read_transactions.py:242 [DeepReadTransactionTests.test_packet_publication_failure_never_exposes_a_partial_final_packet],migrated; see DELIVERY for external/runtime boundaries
inresearch.workflow.deep_read.DeepRead.read_documents,src/inresearch/workflow/deep_read.py,72,21,src/inresearch/interfaces/deep_read.py:94 [cmd_queue]; src/inresearch/workflow/deep_read.py:95 [DeepRead.eligible]; src/inresearch/workflow/deep_read.py:122 [DeepRead.pack]; src/inresearch/workflow/deep_read.py:278 [DeepRead.status]; tests/unit/test_deep_read.py:335 [QueueOutputTests.queue]; tests/unit/test_deep_read.py:340 [QueueOutputTests.queue]; tests/unit/test_deep_read.py:348 [QueueOutputTests.queue]; tests/unit/test_deep_read.py:449 [PackAgainTests.setUp]; tests/unit/test_deep_read.py:450 [PackAgainTests.setUp]; tests/unit/test_deep_read.py:456 [PackAgainTests.tearDown]; tests/unit/test_deep_read.py:489 [RestrictionTests.setUp]; tests/unit/test_deep_read.py:493 [RestrictionTests.setUp]; tests/unit/test_deep_read.py:496 [RestrictionTests.tearDown]; tests/unit/test_deep_read.py:708 [DeepReadJournalTests.test_committed_corruption_fails_and_torn_tail_is_read_only]; tests/unit/test_deep_read.py:766 [TextTwinRoutingTests.test_same_extracted_text_different_bytes_still_gets_its_own_packet]; tests/unit/test_deep_read.py:779 [TextTwinRoutingTests.test_old_automatic_twin_record_is_preserved_but_not_counted_as_read]; tests/unit/test_deep_read.py:780 [TextTwinRoutingTests.test_old_automatic_twin_record_is_preserved_but_not_counted_as_read]; tests/unit/test_deep_read.py:784 [TextTwinRoutingTests.test_old_automatic_twin_record_is_preserved_but_not_counted_as_read]; tests/unit/test_fact_contract.py:342 [RecencyTests.order]; tests/unit/test_fact_contract.py:344 [RecencyTests.order]; tests/unit/test_fact_contract.py:350 [RecencyTests.order],migrated; see DELIVERY for external/runtime boundaries
inresearch.workflow.deep_read.DeepRead.record,src/inresearch/workflow/deep_read.py,137,27,src/inresearch/interfaces/deep_read.py:21 [cmd_record]; tests/unit/test_deep_read_transactions.py:38 [competing]; tests/unit/test_deep_read_transactions.py:91 [DeepReadTransactionTests.test_restricted_and_self_authored_sources_cannot_bypass_queue_at_record]; tests/unit/test_deep_read_transactions.py:92 [DeepReadTransactionTests.test_restricted_and_self_authored_sources_cannot_bypass_queue_at_record]; tests/unit/test_deep_read_transactions.py:93 [DeepReadTransactionTests.test_restricted_and_self_authored_sources_cannot_bypass_queue_at_record]; tests/unit/test_deep_read_transactions.py:98 [DeepReadTransactionTests.test_identical_fact_replay_never_duplicates_completion_or_records]; tests/unit/test_deep_read_transactions.py:99 [DeepReadTransactionTests.test_identical_fact_replay_never_duplicates_completion_or_records]; tests/unit/test_deep_read_transactions.py:104 [DeepReadTransactionTests.test_identical_fact_replay_never_duplicates_completion_or_records]; tests/unit/test_deep_read_transactions.py:107 [DeepReadTransactionTests.test_execution_attribution_is_explicit_and_replay_cannot_rewrite_it]; tests/unit/test_deep_read_transactions.py:111 [DeepReadTransactionTests.test_execution_attribution_is_explicit_and_replay_cannot_rewrite_it]; tests/unit/test_deep_read_transactions.py:113 [DeepReadTransactionTests.test_execution_attribution_is_explicit_and_replay_cannot_rewrite_it]; tests/unit/test_deep_read_transactions.py:117 [DeepReadTransactionTests.test_empty_envelopes_are_valid_but_not_automatic_proof_of_full_read]; tests/unit/test_deep_read_transactions.py:125 [DeepReadTransactionTests.test_malformed_input_is_rejected_before_writes]; tests/unit/test_deep_read_transactions.py:127 [DeepReadTransactionTests.test_malformed_input_is_rejected_before_writes]; tests/unit/test_deep_read_transactions.py:134 [DeepReadTransactionTests.test_failed_fact_write_retains_old_authority_and_no_receipt]; tests/unit/test_deep_read_transactions.py:140 [DeepReadTransactionTests.test_fact_commit_then_receipt_failure_recovers_from_same_input]; tests/unit/test_deep_read_transactions.py:142 [DeepReadTransactionTests.test_fact_commit_then_receipt_failure_recovers_from_same_input]; tests/unit/test_deep_read_transactions.py:151 [DeepReadTransactionTests.test_visible_but_uncertain_fact_commit_is_not_rolled_back]; tests/unit/test_deep_read_transactions.py:153 [DeepReadTransactionTests.test_visible_but_uncertain_fact_commit_is_not_rolled_back]; tests/unit/test_deep_read_transactions.py:313 [DeepReadTransactionTests.test_generated_dispute_links_do_not_break_original_request_replay]; tests/unit/test_deep_read_transactions.py:314 [DeepReadTransactionTests.test_generated_dispute_links_do_not_break_original_request_replay]; tests/unit/test_deep_read_transactions.py:316 [DeepReadTransactionTests.test_generated_dispute_links_do_not_break_original_request_replay]; tests/unit/test_deep_read_transactions.py:327 [DeepReadTransactionTests.test_disputes_inside_one_batch_commit_together_and_replay_after_receipt_failure]; tests/unit/test_deep_read_transactions.py:332 [DeepReadTransactionTests.test_disputes_inside_one_batch_commit_together_and_replay_after_receipt_failure]; tests/unit/test_deep_read_transactions.py:339 [DeepReadTransactionTests.test_batch_claim_indexes_enforce_new_dispute_and_revision_contracts]; tests/unit/test_deep_read_transactions.py:343 [DeepReadTransactionTests.test_batch_claim_indexes_enforce_new_dispute_and_revision_contracts]; tests/unit/test_deep_read_transactions.py:346 [DeepReadTransactionTests.test_batch_claim_indexes_enforce_new_dispute_and_revision_contracts],migrated; see DELIVERY for external/runtime boundaries
inresearch.workflow.deep_read.DeepRead.remember_read,src/inresearch/workflow/deep_read.py,80,2,src/inresearch/workflow/deep_read.py:193 [DeepRead.record]; src/inresearch/workflow/deep_read.py:245 [DeepRead.skip],migrated; see DELIVERY for external/runtime boundaries
inresearch.workflow.deep_read.DeepRead.resolve_document,src/inresearch/workflow/deep_read.py,69,4,src/inresearch/workflow/deep_read.py:109 [DeepRead.pack]; src/inresearch/workflow/deep_read.py:202 [DeepRead.attribute]; src/inresearch/workflow/deep_read.py:225 [DeepRead.flag]; src/inresearch/workflow/deep_read.py:242 [DeepRead.skip],migrated; see DELIVERY for external/runtime boundaries
inresearch.workflow.deep_read.DeepRead.skip,src/inresearch/workflow/deep_read.py,241,8,src/inresearch/interfaces/deep_read.py:48 [cmd_skip]; tests/unit/test_deep_read_transactions.py:39 [competing]; tests/unit/test_deep_read_transactions.py:156 [DeepReadTransactionTests.test_skip_retry_keeps_a_filled_gap_closed_and_preserves_receipt]; tests/unit/test_deep_read_transactions.py:159 [DeepReadTransactionTests.test_skip_retry_keeps_a_filled_gap_closed_and_preserves_receipt]; tests/unit/test_deep_read_transactions.py:167 [DeepReadTransactionTests.test_gap_commit_then_receipt_failure_and_fill_can_be_replayed]; tests/unit/test_deep_read_transactions.py:169 [DeepReadTransactionTests.test_gap_commit_then_receipt_failure_and_fill_can_be_replayed]; tests/unit/test_deep_read_transactions.py:174 [DeepReadTransactionTests.test_gap_batch_unknown_identifier_and_precommit_failure_are_atomic]; tests/unit/test_deep_read_transactions.py:184 [DeepReadTransactionTests.test_uncertain_gap_batch_is_fully_visible_and_retry_does_not_reopen],migrated; see DELIVERY for external/runtime boundaries
inresearch.workflow.deep_read.DeepRead.status,src/inresearch/workflow/deep_read.py,276,3,src/inresearch/interfaces/deep_read.py:77 [cmd_status]; tests/unit/test_deep_read_transactions.py:351 [DeepReadTransactionTests.test_historical_twin_rows_are_counted_separately_and_never_exclude_unread]; tests/unit/test_deep_read_transactions.py:352 [DeepReadTransactionTests.test_historical_twin_rows_are_counted_separately_and_never_exclude_unread],migrated; see DELIVERY for external/runtime boundaries
inresearch.workflow.deep_read.DeepRead.twin_documents,src/inresearch/workflow/deep_read.py,76,1,src/inresearch/workflow/deep_read.py:279 [DeepRead.status],migrated; see DELIVERY for external/runtime boundaries
inresearch.workflow.deep_read.now,src/inresearch/workflow/deep_read.py,27,7,src/inresearch/interfaces/deep_read.py:53 [cmd_gaps]; src/inresearch/workflow/deep_read.py:86 [DeepRead.remember_read]; src/inresearch/workflow/deep_read.py:188 [DeepRead.record]; src/inresearch/workflow/deep_read.py:217 [DeepRead.attribute]; src/inresearch/workflow/deep_read.py:234 [DeepRead.flag]; src/inresearch/workflow/deep_read.py:243 [DeepRead.skip]; src/inresearch/workflow/deep_read.py:272 [DeepRead.backfill_provenance],migrated; see DELIVERY for external/runtime boundaries
inresearch.workflow.reading_gaps.ReadingGaps,src/inresearch/workflow/reading_gaps.py,9,51,src/inresearch/interfaces/deep_read.py:53 [cmd_gaps]; src/inresearch/interfaces/deep_read.py:55 [cmd_gaps]; src/inresearch/workflow/deep_read.py:49 [DeepRead.__init__]; src/inresearch/workflow/deep_read.py:243 [DeepRead.skip]; src/inresearch/workflow/deep_read.py:277 [DeepRead.status]; src/inresearch/workflow/reading_gaps.py:11 [ReadingGaps.__init__]; src/inresearch/workflow/reading_gaps.py:14 [ReadingGaps.current]; src/inresearch/workflow/reading_gaps.py:17 [ReadingGaps.open]; src/inresearch/workflow/reading_gaps.py:23 [ReadingGaps._append_batch]; src/inresearch/workflow/reading_gaps.py:25 [ReadingGaps._append_batch]; src/inresearch/workflow/reading_gaps.py:30 [ReadingGaps.propose]; src/inresearch/workflow/reading_gaps.py:31 [ReadingGaps.propose]; src/inresearch/workflow/reading_gaps.py:41 [ReadingGaps.propose]; src/inresearch/workflow/reading_gaps.py:47 [ReadingGaps.fill]; src/inresearch/workflow/reading_gaps.py:48 [ReadingGaps.fill]; src/inresearch/workflow/reading_gaps.py:53 [ReadingGaps.fill]; src/inresearch/workflow/reading_gaps.py:54 [ReadingGaps.fill]; tests/unit/test_deep_read.py:578 [SkipTests.setUp]; tests/unit/test_deep_read.py:581 [SkipTests.setUp]; tests/unit/test_deep_read.py:587 [SkipTests.tearDown]; tests/unit/test_deep_read.py:612 [SkipTests.test_the_gap_is_what_survives]; tests/unit/test_deep_read.py:620 [SkipTests.test_one_document_can_report_several_gaps]; tests/unit/test_deep_read.py:621 [SkipTests.test_one_document_can_report_several_gaps]; tests/unit/test_deep_read.py:627 [SkipTests.test_the_same_gap_twice_is_one_gap]; tests/unit/test_deep_read.py:638 [SkipTests.test_the_same_gap_from_another_document_is_a_separate_row]; tests/unit/test_deep_read.py:646 [SkipTests.test_the_read_ledger_says_it_was_a_skip_not_a_read]; tests/unit/test_deep_read.py:669 [SkipTests.test_filling_a_gap_clears_it]; tests/unit/test_deep_read.py:674 [SkipTests.test_filling_one_leaves_the_others]; tests/unit/test_deep_read.py:686 [SkipTests.test_filling_the_same_gap_twice_replays]; tests/unit/test_deep_read.py:697 [SkipTests.test_an_incomplete_tail_does_not_take_the_ledger_down]; tests/unit/test_deep_read.py:699 [SkipTests.test_an_incomplete_tail_does_not_take_the_ledger_down]; tests/unit/test_deep_read.py:709 [DeepReadJournalTests.test_committed_corruption_fails_and_torn_tail_is_read_only]; tests/unit/test_deep_read_transactions.py:40 [competing]; tests/unit/test_deep_read_transactions.py:157 [DeepReadTransactionTests.test_skip_retry_keeps_a_filled_gap_closed_and_preserves_receipt]; tests/unit/test_deep_read_transactions.py:158 [DeepReadTransactionTests.test_skip_retry_keeps_a_filled_gap_closed_and_preserves_receipt]; tests/unit/test_deep_read_transactions.py:161 [DeepReadTransactionTests.test_skip_retry_keeps_a_filled_gap_closed_and_preserves_receipt]; tests/unit/test_deep_read_transactions.py:162 [DeepReadTransactionTests.test_skip_retry_keeps_a_filled_gap_closed_and_preserves_receipt]; tests/unit/test_deep_read_transactions.py:168 [DeepReadTransactionTests.test_gap_commit_then_receipt_failure_and_fill_can_be_replayed]; tests/unit/test_deep_read_transactions.py:170 [DeepReadTransactionTests.test_gap_commit_then_receipt_failure_and_fill_can_be_replayed]; tests/unit/test_deep_read_transactions.py:175 [DeepReadTransactionTests.test_gap_batch_unknown_identifier_and_precommit_failure_are_atomic]; tests/unit/test_deep_read_transactions.py:176 [DeepReadTransactionTests.test_gap_batch_unknown_identifier_and_precommit_failure_are_atomic]; tests/unit/test_deep_read_transactions.py:177 [DeepReadTransactionTests.test_gap_batch_unknown_identifier_and_precommit_failure_are_atomic]; tests/unit/test_deep_read_transactions.py:179 [DeepReadTransactionTests.test_gap_batch_unknown_identifier_and_precommit_failure_are_atomic]; tests/unit/test_deep_read_transactions.py:180 [DeepReadTransactionTests.test_gap_batch_unknown_identifier_and_precommit_failure_are_atomic]; tests/unit/test_deep_read_transactions.py:181 [DeepReadTransactionTests.test_gap_batch_unknown_identifier_and_precommit_failure_are_atomic]; tests/unit/test_deep_read_transactions.py:189 [DeepReadTransactionTests.test_uncertain_gap_batch_is_fully_visible_and_retry_does_not_reopen]; tests/unit/test_deep_read_transactions.py:190 [DeepReadTransactionTests.test_uncertain_gap_batch_is_fully_visible_and_retry_does_not_reopen]; tests/unit/test_deep_read_transactions.py:191 [DeepReadTransactionTests.test_uncertain_gap_batch_is_fully_visible_and_retry_does_not_reopen]; tests/unit/test_deep_read_transactions.py:203 [DeepReadTransactionTests.test_processes_propose_and_fill_one_gap_without_duplicate_receipts]; tests/unit/test_fact_contract.py:2440 [FifthRoundGapTests.test_the_reread_flags_are_still_open]; tests/unit/test_fact_contract.py:2446 [FifthRoundGapTests.test_the_menu_gaps_this_batch_filled_are_closed],migrated; see DELIVERY for external/runtime boundaries
inresearch.workflow.reading_gaps.ReadingGaps.current,src/inresearch/workflow/reading_gaps.py,13,5,src/inresearch/workflow/reading_gaps.py:17 [ReadingGaps.open]; src/inresearch/workflow/reading_gaps.py:31 [ReadingGaps.propose]; src/inresearch/workflow/reading_gaps.py:48 [ReadingGaps.fill]; tests/unit/test_deep_read_transactions.py:168 [DeepReadTransactionTests.test_gap_commit_then_receipt_failure_and_fill_can_be_replayed]; tests/unit/test_deep_read_transactions.py:203 [DeepReadTransactionTests.test_processes_propose_and_fill_one_gap_without_duplicate_receipts],migrated; see DELIVERY for external/runtime boundaries
inresearch.workflow.reading_gaps.ReadingGaps.fill,src/inresearch/workflow/reading_gaps.py,45,8,src/inresearch/interfaces/deep_read.py:53 [cmd_gaps]; tests/unit/test_deep_read_transactions.py:40 [competing]; tests/unit/test_deep_read_transactions.py:157 [DeepReadTransactionTests.test_skip_retry_keeps_a_filled_gap_closed_and_preserves_receipt]; tests/unit/test_deep_read_transactions.py:168 [DeepReadTransactionTests.test_gap_commit_then_receipt_failure_and_fill_can_be_replayed]; tests/unit/test_deep_read_transactions.py:176 [DeepReadTransactionTests.test_gap_batch_unknown_identifier_and_precommit_failure_are_atomic]; tests/unit/test_deep_read_transactions.py:179 [DeepReadTransactionTests.test_gap_batch_unknown_identifier_and_precommit_failure_are_atomic]; tests/unit/test_deep_read_transactions.py:189 [DeepReadTransactionTests.test_uncertain_gap_batch_is_fully_visible_and_retry_does_not_reopen]; tests/unit/test_deep_read_transactions.py:191 [DeepReadTransactionTests.test_uncertain_gap_batch_is_fully_visible_and_retry_does_not_reopen],migrated; see DELIVERY for external/runtime boundaries
inresearch.workflow.reading_gaps.ReadingGaps.open,src/inresearch/workflow/reading_gaps.py,16,20,src/inresearch/interfaces/deep_read.py:55 [cmd_gaps]; src/inresearch/workflow/deep_read.py:277 [DeepRead.status]; src/inresearch/workflow/reading_gaps.py:54 [ReadingGaps.fill]; tests/unit/test_deep_read.py:612 [SkipTests.test_the_gap_is_what_survives]; tests/unit/test_deep_read.py:620 [SkipTests.test_one_document_can_report_several_gaps]; tests/unit/test_deep_read.py:621 [SkipTests.test_one_document_can_report_several_gaps]; tests/unit/test_deep_read.py:627 [SkipTests.test_the_same_gap_twice_is_one_gap]; tests/unit/test_deep_read.py:638 [SkipTests.test_the_same_gap_from_another_document_is_a_separate_row]; tests/unit/test_deep_read.py:646 [SkipTests.test_the_read_ledger_says_it_was_a_skip_not_a_read]; tests/unit/test_deep_read.py:669 [SkipTests.test_filling_a_gap_clears_it]; tests/unit/test_deep_read.py:674 [SkipTests.test_filling_one_leaves_the_others]; tests/unit/test_deep_read.py:686 [SkipTests.test_filling_the_same_gap_twice_replays]; tests/unit/test_deep_read.py:699 [SkipTests.test_an_incomplete_tail_does_not_take_the_ledger_down]; tests/unit/test_deep_read.py:709 [DeepReadJournalTests.test_committed_corruption_fails_and_torn_tail_is_read_only]; tests/unit/test_deep_read_transactions.py:161 [DeepReadTransactionTests.test_skip_retry_keeps_a_filled_gap_closed_and_preserves_receipt]; tests/unit/test_deep_read_transactions.py:170 [DeepReadTransactionTests.test_gap_commit_then_receipt_failure_and_fill_can_be_replayed]; tests/unit/test_deep_read_transactions.py:181 [DeepReadTransactionTests.test_gap_batch_unknown_identifier_and_precommit_failure_are_atomic]; tests/unit/test_deep_read_transactions.py:190 [DeepReadTransactionTests.test_uncertain_gap_batch_is_fully_visible_and_retry_does_not_reopen]; tests/unit/test_fact_contract.py:2440 [FifthRoundGapTests.test_the_reread_flags_are_still_open]; tests/unit/test_fact_contract.py:2446 [FifthRoundGapTests.test_the_menu_gaps_this_batch_filled_are_closed],migrated; see DELIVERY for external/runtime boundaries
inresearch.workflow.reading_gaps.ReadingGaps.propose,src/inresearch/workflow/reading_gaps.py,27,1,src/inresearch/workflow/deep_read.py:243 [DeepRead.skip],migrated; see DELIVERY for external/runtime boundaries
